datetime,pvlib_ac,is_daytime,ml_correction,corrected_ac
2023-01-01 00:00:00-05:00,-0.0009,True,0.000900000000000002,2.0599841277224584e-18
2023-01-01 01:00:00-05:00,-0.0009,True,0.000900000000000002,2.0599841277224584e-18
2023-01-01 02:00:00-05:00,-0.0009,True,0.000900000000000002,2.0599841277224584e-18
2023-01-01 03:00:00-05:00,-0.0009,True,0.000900000000000002,2.0599841277224584e-18
2023-01-01 04:00:00-05:00,-0.0009,True,0.000900000000000002,2.0599841277224584e-18
2023-01-01 05:00:00-05:00,-0.0009,True,0.000900000000000002,2.0599841277224584e-18
2023-01-01 06:00:00-05:00,-0.0009,True,0.000900000000000002,2.0599841277224584e-18
2023-01-01 07:00:00-05:00,-0.0009,True,0.0009013988489056552,1.3988489056551917e-06
2023-01-01 08:00:00-05:00,-0.0009,True,0.0289565907610231,0.028056590761023098
2023-01-01 09:00:00-05:00,-0.0009,True,0.13989896247195455,0.13899896247195453
2023-01-01 10:00:00-05:00,-0.0009,True,0.23461528065441434,0.23371528065441433
2023-01-01 11:00:00-05:00,-0.0009,True,0.31196671263783166,0.31106671263783164
2023-01-01 12:00:00-05:00,-0.0009,True,0.3263627131092474,0.3254627131092474
2023-01-01 13:00:00-05:00,-0.0009,True,0.31904984621407584,0.3181498462140758
2023-01-01 14:00:00-05:00,0.028028936780523084,True,0.21341807542876123,0.24144701220928433
2023-01-01 15:00:00-05:00,0.20039139917371415,True,-0.018486365180153827,0.18190503399356034
2023-01-01 16:00:00-05:00,0.16186624267469904,True,-0.0976975432941294,0.06416869938056964
2023-01-01 17:00:00-05:00,0.16514052818918096,True,-0.15701261646274203,0.008127911726438924
2023-01-01 18:00:00-05:00,-0.0009,True,0.0008999999999999991,-8.673617379884035e-19
2023-01-01 19:00:00-05:00,0.048503517721412044,True,-0.04894971786269382,-0.0004462001412817787
2023-01-01 20:00:00-05:00,-0.0009,True,0.0008999999999999991,-8.673617379884035e-19
2023-01-01 21:00:00-05:00,-0.0009,True,0.0008999999999999991,-8.673617379884035e-19
2023-01-01 22:00:00-05:00,-0.0009,True,0.0008999999999999991,-8.673617379884035e-19
2023-01-01 23:00:00-05:00,-0.0009,True,0.0008999999999999991,-8.673617379884035e-19
2023-01-02 00:00:00-05:00,-0.0009,True,0.000900000000000002,2.0599841277224584e-18
2023-01-02 01:00:00-05:00,-0.0009,True,0.000900000000000002,2.0599841277224584e-18
2023-01-02 02:00:00-05:00,-0.0009,True,0.000900000000000002,2.0599841277224584e-18
2023-01-02 03:00:00-05:00,-0.0009,True,0.000900000000000002,2.0599841277224584e-18
2023-01-02 04:00:00-05:00,-0.0009,True,0.000900000000000002,2.0599841277224584e-18
2023-01-02 05:00:00-05:00,-0.0009,True,0.000900000000000002,2.0599841277224584e-18
2023-01-02 06:00:00-05:00,-0.0009,True,0.000900000000000002,2.0599841277224584e-18
2023-01-02 07:00:00-05:00,-0.0009,True,0.0009003228112859196,3.228112859196032e-07
2023-01-02 08:00:00-05:00,-0.0009,True,0.029268646180580466,0.028368646180580465
2023-01-02 09:00:00-05:00,-0.0009,True,0.140190795697711,0.139290795697711
2023-01-02 10:00:00-05:00,-0.0009,True,0.23899137429194828,0.23809137429194827
2023-01-02 11:00:00-05:00,-0.0009,True,0.3163063348660652,0.3154063348660652
2023-01-02 12:00:00-05:00,-0.0009,True,0.32803017177302,0.32713017177302
2023-01-02 13:00:00-05:00,-0.0009,True,0.32512664408847236,0.32422664408847235
2023-01-02 14:00:00-05:00,0.18165673045898403,True,0.0942905352812331,0.2759472657402171
2023-01-02 15:00:00-05:00,0.028456235407222294,True,0.13410339364449608,0.1625596290517184
2023-01-02 16:00:00-05:00,0.08595555209996002,True,-0.02641273895864148,0.05954281314131854
2023-01-02 17:00:00-05:00,0.15426628830800065,True,-0.1396568216290642,0.01460946667893645
2023-01-02 18:00:00-05:00,0.08346938691520354,True,-0.08386256824389225,-0.0003931813286887076
2023-01-02 19:00:00-05:00,0.03867337392718779,True,-0.0380867305029702,0.0005866434242175894
2023-01-02 20:00:00-05:00,-0.0009,True,0.0008999999999999991,-8.673617379884035e-19
2023-01-02 21:00:00-05:00,-0.0009,True,0.0008999999999999991,-8.673617379884035e-19
2023-01-02 22:00:00-05:00,-0.0009,True,0.0008999999999999991,-8.673617379884035e-19
2023-01-02 23:00:00-05:00,-0.0009,True,0.0008999999999999991,-8.673617379884035e-19
2023-01-03 00:00:00-05:00,-0.0009,True,0.000900000000000002,2.0599841277224584e-18
2023-01-03 01:00:00-05:00,-0.0009,True,0.000900000000000002,2.0599841277224584e-18
2023-01-03 02:00:00-05:00,-0.0009,True,0.000900000000000002,2.0599841277224584e-18
2023-01-03 03:00:00-05:00,-0.0009,True,0.000900000000000002,2.0599841277224584e-18
2023-01-03 04:00:00-05:00,-0.0009,True,0.000900000000000002,2.0599841277224584e-18
2023-01-03 05:00:00-05:00,-0.0009,True,0.000900000000000002,2.0599841277224584e-18
2023-01-03 06:00:00-05:00,-0.0009,True,0.000900000000000002,2.0599841277224584e-18
2023-01-03 07:00:00-05:00,-0.0009,True,0.0009746938421586698,7.469384215866987e-05
2023-01-03 08:00:00-05:00,-0.0009,True,0.01874622192700339,0.01784622192700339
2023-01-03 09:00:00-05:00,-0.0009,True,0.0874679001526681,0.0865679001526681
2023-01-03 10:00:00-05:00,-0.0009,True,0.1343152087647675,0.13341520876476748
2023-01-03 11:00:00-05:00,-0.0009,True,0.14614282091636713,0.14524282091636712
2023-01-03 12:00:00-05:00,-0.0009,True,0.15314594191918274,0.15224594191918273
2023-01-03 13:00:00-05:00,-0.0009,True,0.14234926968789682,0.1414492696878968
2023-01-03 14:00:00-05:00,-0.0009,True,0.1156853823743338,0.1147853823743338
2023-01-03 15:00:00-05:00,-0.0009,True,0.07852100816285915,0.07762100816285915
2023-01-03 16:00:00-05:00,0.005032175328521659,True,0.02011612744505138,0.025148302773573036
2023-01-03 17:00:00-05:00,0.04658579053098645,True,-0.044785658510002414,0.0018001320209840369
2023-01-03 18:00:00-05:00,0.05637579833591216,True,-0.05547441028259818,0.0009013880533139743
2023-01-03 19:00:00-05:00,0.011557158090209994,True,-0.01025980534037979,0.001297352749830203
2023-01-03 20:00:00-05:00,0.03823730448689825,True,-0.03840450929336794,-0.00016720480646968683
2023-01-03 21:00:00-05:00,-0.0009,True,0.0008999999999999991,-8.673617379884035e-19
2023-01-03 22:00:00-05:00,-0.0009,True,0.0008999999999999991,-8.673617379884035e-19
2023-01-03 23:00:00-05:00,-0.0009,True,0.0008999999999999991,-8.673617379884035e-19
2023-01-04 00:00:00-05:00,-0.0009,True,0.000900000000000002,2.0599841277224584e-18
2023-01-04 01:00:00-05:00,-0.0009,True,0.000900000000000002,2.0599841277224584e-18
2023-01-04 02:00:00-05:00,-0.0009,True,0.000900000000000002,2.0599841277224584e-18
2023-01-04 03:00:00-05:00,-0.0009,True,0.000900000000000002,2.0599841277224584e-18
2023-01-04 04:00:00-05:00,-0.0009,True,0.000900000000000002,2.0599841277224584e-18
2023-01-04 05:00:00-05:00,-0.0009,True,0.000900000000000002,2.0599841277224584e-18
2023-01-04 06:00:00-05:00,-0.0009,True,0.000900000000000002,2.0599841277224584e-18
2023-01-04 07:00:00-05:00,-0.0009,True,0.0009597591619325937,5.9759161932593685e-05
2023-01-04 08:00:00-05:00,-0.0009,True,0.0180175490121249,0.017117549012124898
2023-01-04 09:00:00-05:00,-0.0009,True,0.0794011447511557,0.0785011447511557
2023-01-04 10:00:00-05:00,-0.0009,True,0.10551579380726324,0.10461579380726324
2023-01-04 11:00:00-05:00,-0.0009,True,0.10849677327153678,0.10759677327153679
2023-01-04 12:00:00-05:00,-0.0009,True,0.10583660178320041,0.10493660178320041
2023-01-04 13:00:00-05:00,-0.0009,True,0.09791022795037524,0.09701022795037524
2023-01-04 14:00:00-05:00,0.028089043097523563,True,0.10428364313319946,0.132372686230723
2023-01-04 15:00:00-05:00,0.061844265339241235,True,0.04426248707972205,0.10610675241896328
2023-01-04 16:00:00-05:00,0.10461295700851869,True,-0.05801656108901573,0.046596395919502966
2023-01-04 17:00:00-05:00,0.08912749224249464,True,-0.08804029401332766,0.0010871982291669746
2023-01-04 18:00:00-05:00,0.04167013524116452,True,-0.03756568718961917,0.004104448051545355
2023-01-04 19:00:00-05:00,-0.0009,True,0.0008999999999999991,-8.673617379884035e-19
2023-01-04 20:00:00-05:00,-0.0009,True,0.0008999999999999991,-8.673617379884035e-19
2023-01-04 21:00:00-05:00,-0.0009,True,0.0008999999999999991,-8.673617379884035e-19
2023-01-04 22:00:00-05:00,-0.0009,True,0.0008999999999999991,-8.673617379884035e-19
2023-01-04 23:00:00-05:00,-0.0009,True,0.0008999999999999991,-8.673617379884035e-19
2023-01-05 00:00:00-05:00,-0.0009,True,0.000900000000000002,2.0599841277224584e-18
2023-01-05 01:00:00-05:00,-0.0009,True,0.000900000000000002,2.0599841277224584e-18
2023-01-05 02:00:00-05:00,-0.0009,True,0.000900000000000002,2.0599841277224584e-18
2023-01-05 03:00:00-05:00,-0.0009,True,0.000900000000000002,2.0599841277224584e-18
2023-01-05 04:00:00-05:00,-0.0009,True,0.000900000000000002,2.0599841277224584e-18
2023-01-05 05:00:00-05:00,-0.0009,True,0.000900000000000002,2.0599841277224584e-18
2023-01-05 06:00:00-05:00,-0.0009,True,0.000900000000000002,2.0599841277224584e-18
2023-01-05 07:00:00-05:00,-0.0009,True,0.0009948894807018437,9.488948070184369e-05
2023-01-05 08:00:00-05:00,-0.0009,True,0.02679346220008757,0.025893462200087567
2023-01-05 09:00:00-05:00,-0.0009,True,0.1311254344860442,0.13022543448604418
2023-01-05 10:00:00-05:00,-0.0009,True,0.22995905408762077,0.22905905408762076
2023-01-05 11:00:00-05:00,-0.0009,True,0.30783741980413404,0.306937419804134
2023-01-05 12:00:00-05:00,-0.0009,True,0.30173278182405894,0.3008327818240589
2023-01-05 13:00:00-05:00,-0.0009,True,0.26125804951924114,0.26035804951924113
2023-01-05 14:00:00-05:00,0.01740883593902018,True,0.2097799015808189,0.2271887375198391
2023-01-05 15:00:00-05:00,0.0826792857195132,True,0.07553630962873072,0.15821559534824392
2023-01-05 16:00:00-05:00,0.1451081258116132,True,-0.07317051731675821,0.07193760849485499
2023-01-05 17:00:00-05:00,0.08610468206343344,True,-0.08630913735596651,-0.00020445529253307337
2023-01-05 18:00:00-05:00,0.07943072175429694,True,-0.07886679537016078,0.0005639263841361597
2023-01-05 19:00:00-05:00,0.057550186534859216,True,-0.05778387454208206,-0.0002336880072228431
2023-01-05 20:00:00-05:00,0.04665109169054494,True,-0.04673514337708948,-8.405168654453815e-05
2023-01-05 21:00:00-05:00,0.004908888566321486,True,-0.005285373735498688,-0.00037648516917720195
2023-01-05 22:00:00-05:00,-0.0009,True,0.0008999999999999991,-8.673617379884035e-19
2023-01-05 23:00:00-05:00,-0.0009,True,0.0008999999999999991,-8.673617379884035e-19
2023-01-06 00:00:00-05:00,-0.0009,True,0.000900000000000002,2.0599841277224584e-18
2023-01-06 01:00:00-05:00,-0.0009,True,0.000900000000000002,2.0599841277224584e-18
2023-01-06 02:00:00-05:00,-0.0009,True,0.000900000000000002,2.0599841277224584e-18
2023-01-06 03:00:00-05:00,-0.0009,True,0.000900000000000002,2.0599841277224584e-18
2023-01-06 04:00:00-05:00,-0.0009,True,0.000900000000000002,2.0599841277224584e-18
2023-01-06 05:00:00-05:00,-0.0009,True,0.0009000000000000019,1.951563910473908e-18
2023-01-06 06:00:00-05:00,-0.0009,True,0.0009000000000000019,1.951563910473908e-18
2023-01-06 07:00:00-05:00,-0.0009,True,0.0010286635410217463,0.00012866354102174628
2023-01-06 08:00:00-05:00,-0.0009,True,0.024632583464633564,0.023732583464633562
2023-01-06 09:00:00-05:00,-0.0009,True,0.14697338743576924,0.14607338743576923
2023-01-06 10:00:00-05:00,-0.0009,True,0.2562101837502045,0.2553101837502045
2023-01-06 11:00:00-05:00,-0.0009,True,0.29822480106912075,0.29732480106912074
2023-01-06 12:00:00-05:00,-0.0009,True,0.3441814036120176,0.3432814036120176
2023-01-06 13:00:00-05:00,-0.0009,True,0.3419094294967062,0.3410094294967062
2023-01-06 14:00:00-05:00,0.013020479915031092,True,0.2746814124242112,0.28770189233924226
2023-01-06 15:00:00-05:00,0.06454125179937563,True,0.1356915559813356,0.20023280778071123
2023-01-06 16:00:00-05:00,0.17293099123460895,True,-0.09148467747760188,0.08144631375700707
2023-01-06 17:00:00-05:00,0.06419894767998989,True,-0.06372768257500451,0.00047126510498538
2023-01-06 18:00:00-05:00,0.06230096135457863,True,-0.06165629411659729,0.0006446672379813445
2023-01-06 19:00:00-05:00,0.0589268764064549,True,-0.05877421686177765,0.00015265954467724718
2023-01-06 20:00:00-05:00,0.0297144847024388,True,-0.029823867991539355,-0.00010938328910055362
2023-01-06 21:00:00-05:00,-0.0009,True,0.0008999999999999991,-8.673617379884035e-19
2023-01-06 22:00:00-05:00,-0.0009,True,0.0008999999999999991,-8.673617379884035e-19
2023-01-06 23:00:00-05:00,-0.0009,True,0.0008999999999999991,-8.673617379884035e-19
2023-01-07 00:00:00-05:00,-0.0009,True,0.000900000000000002,2.0599841277224584e-18
2023-01-07 01:00:00-05:00,-0.0009,True,0.000900000000000002,2.0599841277224584e-18
2023-01-07 02:00:00-05:00,-0.0009,True,0.000900000000000002,2.0599841277224584e-18
2023-01-07 03:00:00-05:00,-0.0009,True,0.000900000000000002,2.0599841277224584e-18
2023-01-07 04:00:00-05:00,-0.0009,True,0.000900000000000002,2.0599841277224584e-18
2023-01-07 05:00:00-05:00,-0.0009,True,0.000900000000000002,2.0599841277224584e-18
2023-01-07 06:00:00-05:00,-0.0009,True,0.000900000000000002,2.0599841277224584e-18
2023-01-07 07:00:00-05:00,-0.0009,True,0.000899999999999999,-9.75781955236954e-19
2023-01-07 08:00:00-05:00,-0.0009,True,0.03152601462071656,0.030626014620716558
2023-01-07 09:00:00-05:00,-0.0009,True,0.15183935096996343,0.15093935096996342
2023-01-07 10:00:00-05:00,-0.0009,True,0.2765555662185795,0.2756555662185795
2023-01-07 11:00:00-05:00,-0.0009,True,0.3627246711980517,0.3618246711980517
2023-01-07 12:00:00-05:00,-0.0009,True,0.37798059690206126,0.37708059690206125
2023-01-07 13:00:00-05:00,-0.0009,True,0.3620648130369133,0.3611648130369133
2023-01-07 14:00:00-05:00,0.020923928205324693,True,0.2500216875827093,0.270945615788034
2023-01-07 15:00:00-05:00,0.046295810983651826,True,0.15378579163430556,0.20008160261795738
2023-01-07 16:00:00-05:00,0.13279908726224757,True,-0.04260119969640063,0.09019788756584693
2023-01-07 17:00:00-05:00,0.23110984193016326,True,-0.2310838251095297,2.601682063355093e-05
2023-01-07 18:00:00-05:00,0.07637207778445404,True,-0.07693240463655353,-0.0005603268520994881
2023-01-07 19:00:00-05:00,0.03776923151397882,True,-0.03808924922676912,-0.0003200177127903048
2023-01-07 20:00:00-05:00,0.054727580550773834,True,-0.054733562985205306,-5.982434431471562e-06
2023-01-07 21:00:00-05:00,-0.0009,True,0.0008999999999999991,-8.673617379884035e-19
2023-01-07 22:00:00-05:00,-0.0009,True,0.0008999999999999991,-8.673617379884035e-19
2023-01-07 23:00:00-05:00,-0.0009,True,0.0008999999999999991,-8.673617379884035e-19
2023-01-08 00:00:00-05:00,-0.0009,True,0.000900000000000002,2.0599841277224584e-18
2023-01-08 01:00:00-05:00,-0.0009,True,0.000900000000000002,2.0599841277224584e-18
2023-01-08 02:00:00-05:00,-0.0009,True,0.000900000000000002,2.0599841277224584e-18
2023-01-08 03:00:00-05:00,-0.0009,True,0.000900000000000002,2.0599841277224584e-18
2023-01-08 04:00:00-05:00,-0.0009,True,0.000900000000000002,2.0599841277224584e-18
2023-01-08 05:00:00-05:00,-0.0009,True,0.000900000000000002,2.0599841277224584e-18
2023-01-08 06:00:00-05:00,-0.0009,True,0.000900000000000002,2.0599841277224584e-18
2023-01-08 07:00:00-05:00,-0.0009,True,0.0009017985200215567,1.7985200215567525e-06
2023-01-08 08:00:00-05:00,-0.0009,True,0.024324101669643855,0.023424101669643854
2023-01-08 09:00:00-05:00,-0.0009,True,0.12649208138723853,0.1255920813872385
2023-01-08 10:00:00-05:00,-0.0009,True,0.21663781915782157,0.21573781915782156
2023-01-08 11:00:00-05:00,-0.0009,True,0.2476647985174577,0.2467647985174577
2023-01-08 12:00:00-05:00,-0.0009,True,0.24953134799561205,0.24863134799561204
2023-01-08 13:00:00-05:00,0.1582883268216843,True,0.10819476486850178,0.2664830916901861
2023-01-08 14:00:00-05:00,0.15315022440497136,True,0.07491527445748,0.22806549886245137
2023-01-08 15:00:00-05:00,0.1596548451797553,True,0.021586005498386966,0.18124085067814227
2023-01-08 16:00:00-05:00,0.14130942879352845,True,-0.06280907339239952,0.07850035540112893
2023-01-08 17:00:00-05:00,0.23608762976915168,True,-0.23723103457522118,-0.0011434048060695035
2023-01-08 18:00:00-05:00,0.0733585679998901,True,-0.07466647204574396,-0.001307904045853861
2023-01-08 19:00:00-05:00,0.06534122733337062,True,-0.0647768723365086,0.0005643549968620265
2023-01-08 20:00:00-05:00,-0.0009,True,0.0008999999999999991,-8.673617379884035e-19
2023-01-08 21:00:00-05:00,0.010244562298171066,True,-0.010322968788793446,-7.840649062237914e-05
2023-01-08 22:00:00-05:00,-0.0009,True,0.0008999999999999991,-8.673617379884035e-19
2023-01-08 23:00:00-05:00,-0.0009,True,0.0008999999999999991,-8.673617379884035e-19
2023-01-09 00:00:00-05:00,-0.0009,True,0.000900000000000002,2.0599841277224584e-18
2023-01-09 01:00:00-05:00,-0.0009,True,0.000900000000000002,2.0599841277224584e-18
2023-01-09 02:00:00-05:00,-0.0009,True,0.000900000000000002,2.0599841277224584e-18
2023-01-09 03:00:00-05:00,-0.0009,True,0.000900000000000002,2.0599841277224584e-18
2023-01-09 04:00:00-05:00,-0.0009,True,0.000900000000000002,2.0599841277224584e-18
2023-01-09 05:00:00-05:00,-0.0009,True,0.000900000000000002,2.0599841277224584e-18
2023-01-09 06:00:00-05:00,-0.0009,True,0.000900000000000002,2.0599841277224584e-18
2023-01-09 07:00:00-05:00,-0.0009,True,0.0009011528974497155,1.1528974497154862e-06
2023-01-09 08:00:00-05:00,-0.0009,True,0.027394016863713774,0.026494016863713773
2023-01-09 09:00:00-05:00,-0.0009,True,0.1329553080355148,0.1320553080355148
2023-01-09 10:00:00-05:00,-0.0009,True,0.23506766103977966,0.23416766103977965
2023-01-09 11:00:00-05:00,-0.0009,True,0.31439778531360335,0.31349778531360334
2023-01-09 12:00:00-05:00,-0.0009,True,0.33101616104300874,0.3301161610430087
2023-01-09 13:00:00-05:00,0.11331826138884536,True,0.2207660071641807,0.3340842685530261
2023-01-09 14:00:00-05:00,0.20723311981133713,True,0.0787342565840822,0.28596737639541936
2023-01-09 15:00:00-05:00,0.21148778766433587,True,-0.01638100057035369,0.1951067870939822
2023-01-09 16:00:00-05:00,0.17614984044156806,True,-0.09462539381168153,0.08152444662988653
2023-01-09 17:00:00-05:00,0.20444858666325127,True,-0.19477550878949312,0.009673077873758151
2023-01-09 18:00:00-05:00,-0.0009,True,0.0008999999999999991,-8.673617379884035e-19
2023-01-09 19:00:00-05:00,-0.0009,True,0.0008999999999999991,-8.673617379884035e-19
2023-01-09 20:00:00-05:00,-0.0009,True,0.0008999999999999991,-8.673617379884035e-19
2023-01-09 21:00:00-05:00,-0.0009,True,0.0008999999999999991,-8.673617379884035e-19
2023-01-09 22:00:00-05:00,-0.0009,True,0.0008999999999999991,-8.673617379884035e-19
2023-01-09 23:00:00-05:00,-0.0009,True,0.0008999999999999991,-8.673617379884035e-19
2023-01-10 00:00:00-05:00,-0.0009,True,0.000900000000000002,2.0599841277224584e-18
2023-01-10 01:00:00-05:00,-0.0009,True,0.000900000000000002,2.0599841277224584e-18
2023-01-10 02:00:00-05:00,-0.0009,True,0.000900000000000002,2.0599841277224584e-18
2023-01-10 03:00:00-05:00,-0.0009,True,0.000900000000000002,2.0599841277224584e-18
2023-01-10 04:00:00-05:00,-0.0009,True,0.000900000000000002,2.0599841277224584e-18
2023-01-10 05:00:00-05:00,-0.0009,True,0.000900000000000002,2.0599841277224584e-18
2023-01-10 06:00:00-05:00,-0.0009,True,0.000900000000000002,2.0599841277224584e-18
2023-01-10 07:00:00-05:00,-0.0009,True,0.000899999999999999,-9.75781955236954e-19
2023-01-10 08:00:00-05:00,-0.0009,True,0.03206763225253124,0.031167632252531236
2023-01-10 09:00:00-05:00,-0.0009,True,0.14714616512208864,0.14624616512208863
2023-01-10 10:00:00-05:00,-0.0009,True,0.25512008879008724,0.25422008879008723
2023-01-10 11:00:00-05:00,-0.0009,True,0.33000949425494697,0.32910949425494695
2023-01-10 12:00:00-05:00,-0.0009,True,0.3460491644126053,0.3451491644126053
2023-01-10 13:00:00-05:00,0.13147582057925836,True,0.21692546250638525,0.3484012830856436
2023-01-10 14:00:00-05:00,0.07963007980911344,True,0.19074162472629907,0.2703717045354125
2023-01-10 15:00:00-05:00,0.04066372885894771,True,0.13900839224543243,0.17967212110438013
2023-01-10 16:00:00-05:00,0.11479615595537701,True,-0.03862771819739697,0.07616843775798005
2023-01-10 17:00:00-05:00,0.24717207335060676,True,-0.23821040075940403,0.00896167259120273
2023-01-10 18:00:00-05:00,0.05308812275635692,True,-0.053076313086499585,1.1809669857337779e-05
2023-01-10 19:00:00-05:00,0.050040677210504314,True,-0.04947647419191908,0.0005642030185852367
2023-01-10 20:00:00-05:00,0.031401455179915,True,-0.03119267676413137,0.00020877841578363296
2023-01-10 21:00:00-05:00,-0.0009,True,0.0008999999999999991,-8.673617379884035e-19
2023-01-10 22:00:00-05:00,-0.0009,True,0.0008999999999999991,-8.673617379884035e-19
2023-01-10 23:00:00-05:00,-0.0009,True,0.0008999999999999991,-8.673617379884035e-19
2023-01-11 00:00:00-05:00,-0.0009,True,0.000900000000000002,2.0599841277224584e-18
2023-01-11 01:00:00-05:00,-0.0009,True,0.000900000000000002,2.0599841277224584e-18
2023-01-11 02:00:00-05:00,-0.0009,True,0.000900000000000002,2.0599841277224584e-18
2023-01-11 03:00:00-05:00,-0.0009,True,0.000900000000000002,2.0599841277224584e-18
2023-01-11 04:00:00-05:00,-0.0009,True,0.000900000000000002,2.0599841277224584e-18
2023-01-11 05:00:00-05:00,-0.0009,True,0.000900000000000002,2.0599841277224584e-18
2023-01-11 06:00:00-05:00,-0.0009,True,0.000900000000000002,2.0599841277224584e-18
2023-01-11 07:00:00-05:00,-0.0009,True,0.0009100843172545759,1.0084317254575956e-05
2023-01-11 08:00:00-05:00,-0.0009,True,0.02449451987754883,0.02359451987754883
2023-01-11 09:00:00-05:00,-0.0009,True,0.12737802444136048,0.12647802444136047
2023-01-11 10:00:00-05:00,-0.0009,True,0.21663169371938523,0.21573169371938522
2023-01-11 11:00:00-05:00,-0.0009,True,0.2945765922451536,0.2936765922451536
2023-01-11 12:00:00-05:00,-0.0009,True,0.313167500455445,0.312267500455445
2023-01-11 13:00:00-05:00,0.00619141372274798,True,0.26394699855749215,0.27013841228024016
2023-01-11 14:00:00-05:00,0.10685527310009998,True,0.16030321499929745,0.26715848809939746
2023-01-11 15:00:00-05:00,0.1066024216489358,True,0.09041825953966307,0.19702068118859886
2023-01-11 16:00:00-05:00,0.13172765469142791,True,-0.0509043288971437,0.08082332579428422
2023-01-11 17:00:00-05:00,0.24567213336528623,True,-0.23821040075940403,0.007461732605882204
2023-01-11 18:00:00-05:00,0.07876405614695377,True,-0.07970247973402254,-0.0009384235870687763
2023-01-11 19:00:00-05:00,0.05774221833132776,True,-0.05762281981286604,0.00011939851846172467
2023-01-11 20:00:00-05:00,-0.0009,True,0.0008999999999999991,-8.673617379884035e-19
2023-01-11 21:00:00-05:00,0.020499927412741203,True,-0.017779940764476924,0.0027199866482642797
2023-01-11 22:00:00-05:00,-0.0009,True,0.0008999999999999991,-8.673617379884035e-19
2023-01-11 23:00:00-05:00,-0.0009,True,0.0008999999999999991,-8.673617379884035e-19
2023-01-12 00:00:00-05:00,-0.0009,True,0.000900000000000002,2.0599841277224584e-18
2023-01-12 01:00:00-05:00,-0.0009,True,0.000900000000000002,2.0599841277224584e-18
2023-01-12 02:00:00-05:00,-0.0009,True,0.000900000000000002,2.0599841277224584e-18
2023-01-12 03:00:00-05:00,-0.0009,True,0.000900000000000002,2.0599841277224584e-18
2023-01-12 04:00:00-05:00,-0.0009,True,0.000900000000000002,2.0599841277224584e-18
2023-01-12 05:00:00-05:00,-0.0009,True,0.000900000000000002,2.0599841277224584e-18
2023-01-12 06:00:00-05:00,-0.0009,True,0.000900000000000002,2.0599841277224584e-18
2023-01-12 07:00:00-05:00,-0.0009,True,0.0009018470427135132,1.8470427135131983e-06
2023-01-12 08:00:00-05:00,-0.0009,True,0.022467850719368517,0.021567850719368516
2023-01-12 09:00:00-05:00,-0.0009,True,0.12165628235354962,0.12075628235354963
2023-01-12 10:00:00-05:00,-0.0009,True,0.21242364202881067,0.21152364202881066
2023-01-12 11:00:00-05:00,-0.0009,True,0.241111419418342,0.24021141941834198
2023-01-12 12:00:00-05:00,-0.0009,True,0.2526176254672129,0.2517176254672129
2023-01-12 13:00:00-05:00,-0.0009,True,0.2536305718041822,0.2527305718041822
2023-01-12 14:00:00-05:00,0.027063004439898185,True,0.18965306175206745,0.21671606619196562
2023-01-12 15:00:00-05:00,0.08388419345470377,True,0.08417328457055755,0.16805747802526133
2023-01-12 16:00:00-05:00,0.09721235286989648,True,-0.040513153806742794,0.05669919906315368
2023-01-12 17:00:00-05:00,0.2029872071550877,True,-0.1853596102965548,0.017627596858532907
2023-01-12 18:00:00-05:00,0.05736928987224608,True,-0.05756367655051899,-0.00019438667827291478
2023-01-12 19:00:00-05:00,0.060133561998632484,True,-0.05943514756035204,0.0006984144382804411
2023-01-12 20:00:00-05:00,-0.0009,True,0.0008999999999999991,-8.673617379884035e-19
2023-01-12 21:00:00-05:00,-0.0009,True,0.0008999999999999991,-8.673617379884035e-19
2023-01-12 22:00:00-05:00,-0.0009,True,0.0008999999999999991,-8.673617379884035e-19
2023-01-12 23:00:00-05:00,-0.0009,True,0.0008999999999999991,-8.673617379884035e-19
2023-01-13 00:00:00-05:00,-0.0009,True,0.000900000000000002,2.0599841277224584e-18
2023-01-13 01:00:00-05:00,-0.0009,True,0.000900000000000002,2.0599841277224584e-18
2023-01-13 02:00:00-05:00,-0.0009,True,0.000900000000000002,2.0599841277224584e-18
2023-01-13 03:00:00-05:00,-0.0009,True,0.000900000000000002,2.0599841277224584e-18
2023-01-13 04:00:00-05:00,-0.0009,True,0.000945200704289757,4.520070428975706e-05
2023-01-13 05:00:00-05:00,-0.0009,True,0.0009270366783763474,2.7036678376347423e-05
2023-01-13 06:00:00-05:00,-0.0009,True,0.0009270366783763474,2.7036678376347423e-05
2023-01-13 07:00:00-05:00,-0.0009,True,0.0010644481707475647,0.00016444817074756472
2023-01-13 08:00:00-05:00,-0.0009,True,0.03025758212757583,0.02935758212757583
2023-01-13 09:00:00-05:00,-0.0009,True,0.13090971761100845,0.13000971761100844
2023-01-13 10:00:00-05:00,-0.0009,True,0.19744113334125138,0.19654113334125137
2023-01-13 11:00:00-05:00,-0.0009,True,0.32656412620057823,0.3256641262005782
2023-01-13 12:00:00-05:00,-0.0009,True,0.359350447314226,0.358450447314226
2023-01-13 13:00:00-05:00,-0.0009,True,0.348488814075105,0.347588814075105
2023-01-13 14:00:00-05:00,0.0082823121068685,True,0.26897247486878506,0.27725478697565353
2023-01-13 15:00:00-05:00,0.07048553095264266,True,0.11582051684700242,0.1863060477996451
2023-01-13 16:00:00-05:00,0.15499883901218348,True,-0.05406429120473479,0.10093454780744868
2023-01-13 17:00:00-05:00,0.24365674501586232,True,-0.23602796583812213,0.007628779177740186
2023-01-13 18:00:00-05:00,0.04513287444860166,True,-0.04308276359342906,0.0020501108551726002
2023-01-13 19:00:00-05:00,0.03332654348194363,True,-0.03256294115303038,0.0007636023289132529
2023-01-13 20:00:00-05:00,-0.0009,True,0.0008999999999999991,-8.673617379884035e-19
2023-01-13 21:00:00-05:00,-0.0009,True,0.0008999999999999991,-8.673617379884035e-19
2023-01-13 22:00:00-05:00,-0.0009,True,0.0008999999999999991,-8.673617379884035e-19
2023-01-13 23:00:00-05:00,-0.0009,True,0.0008999999999999991,-8.673617379884035e-19
2023-01-14 00:00:00-05:00,-0.0009,True,0.000900000000000002,2.0599841277224584e-18
2023-01-14 01:00:00-05:00,-0.0009,True,0.000900000000000002,2.0599841277224584e-18
2023-01-14 02:00:00-05:00,-0.0009,True,0.000900000000000002,2.0599841277224584e-18
2023-01-14 03:00:00-05:00,-0.0009,True,0.000900000000000002,2.0599841277224584e-18
2023-01-14 04:00:00-05:00,-0.0009,True,0.000900000000000002,2.0599841277224584e-18
2023-01-14 05:00:00-05:00,-0.0009,True,0.000900000000000002,2.0599841277224584e-18
2023-01-14 06:00:00-05:00,-0.0009,True,0.000900000000000002,2.0599841277224584e-18
2023-01-14 07:00:00-05:00,-0.0009,True,0.000899999999999999,-9.75781955236954e-19
2023-01-14 08:00:00-05:00,-0.0009,True,0.02469466552644362,0.023794665526443617
2023-01-14 09:00:00-05:00,-0.0009,True,0.10676743884242011,0.10586743884242011
2023-01-14 10:00:00-05:00,-0.0009,True,0.16083107848408623,0.15993107848408622
2023-01-14 11:00:00-05:00,-0.0009,True,0.1841511429339229,0.1832511429339229
2023-01-14 12:00:00-05:00,-0.0009,True,0.18475480634270064,0.18385480634270063
2023-01-14 13:00:00-05:00,0.15066315013304632,True,0.08112520616113708,0.2317883562941834
2023-01-14 14:00:00-05:00,0.004907414525512502,True,0.13700884827066181,0.1419162627961743
2023-01-14 15:00:00-05:00,0.014359729330176214,True,0.09742825795724816,0.11178798728742437
2023-01-14 16:00:00-05:00,0.009753481417539072,True,0.01929339171820561,0.02904687313574468
2023-01-14 17:00:00-05:00,0.014273828558035398,True,-0.013729759540873599,0.0005440690171617992
2023-01-14 18:00:00-05:00,0.019727535282085252,True,-0.01964886764866575,7.866763341950189e-05
2023-01-14 19:00:00-05:00,0.027055150483730736,True,-0.026903570237314198,0.00015158024641653833
2023-01-14 20:00:00-05:00,0.06136211187759047,True,-0.06309554551530847,-0.001733433637717996
2023-01-14 21:00:00-05:00,-0.0009,True,0.0008999999999999991,-8.673617379884035e-19
2023-01-14 22:00:00-05:00,-0.0009,True,0.0008999999999999991,-8.673617379884035e-19
2023-01-14 23:00:00-05:00,-0.0009,True,0.0008999999999999991,-8.673617379884035e-19
2023-01-15 00:00:00-05:00,-0.0009,True,0.0009000000000000018,1.8431436932253575e-18
2023-01-15 01:00:00-05:00,-0.0009,True,0.0009000000000000018,1.8431436932253575e-18
2023-01-15 02:00:00-05:00,-0.0009,True,0.0009000000000000018,1.8431436932253575e-18
2023-01-15 03:00:00-05:00,-0.0009,True,0.0009000000000000018,1.8431436932253575e-18
2023-01-15 04:00:00-05:00,-0.0009,True,0.0009000000000000018,1.8431436932253575e-18
2023-01-15 05:00:00-05:00,-0.0009,True,0.0009000000000000018,1.8431436932253575e-18
2023-01-15 06:00:00-05:00,-0.0009,True,0.0009000000000000018,1.8431436932253575e-18
2023-01-15 07:00:00-05:00,-0.0009,True,0.0010324521987318015,0.00013245219873180155
2023-01-15 08:00:00-05:00,-0.0009,True,0.031363963656386495,0.030463963656386494
2023-01-15 09:00:00-05:00,-0.0009,True,0.1411215130787152,0.1402215130787152
2023-01-15 10:00:00-05:00,-0.0009,True,0.22716558634753026,0.22626558634753025
2023-01-15 11:00:00-05:00,-0.0009,True,0.26912530727062245,0.26822530727062244
2023-01-15 12:00:00-05:00,-0.0009,True,0.31787570378620417,0.31697570378620415
2023-01-15 13:00:00-05:00,0.17613730419324,True,0.14258539964193712,0.3187227038351771
2023-01-15 14:00:00-05:00,0.24355114224038643,True,0.051455475178587215,0.29500661741897366
2023-01-15 15:00:00-05:00,0.23096837458007652,True,-0.019367510601937577,0.21160086397813893
2023-01-15 16:00:00-05:00,0.1865350747254256,True,-0.09270045794076286,0.09383461678466275
2023-01-15 17:00:00-05:00,0.22094762459636177,True,-0.20899578130201743,0.011951843294344344
2023-01-15 18:00:00-05:00,-0.0009,True,0.0008999999999999991,-8.673617379884035e-19
2023-01-15 19:00:00-05:00,-0.0009,True,0.0008999999999999991,-8.673617379884035e-19
2023-01-15 20:00:00-05:00,-0.0009,True,0.0008999999999999991,-8.673617379884035e-19
2023-01-15 21:00:00-05:00,-0.0009,True,0.0008999999999999991,-8.673617379884035e-19
2023-01-15 22:00:00-05:00,-0.0009,True,0.0008999999999999991,-8.673617379884035e-19
2023-01-15 23:00:00-05:00,-0.0009,True,0.0008999999999999991,-8.673617379884035e-19
2023-01-16 00:00:00-05:00,-0.0009,True,0.000900000000000002,2.0599841277224584e-18
2023-01-16 01:00:00-05:00,-0.0009,True,0.000900000000000002,2.0599841277224584e-18
2023-01-16 02:00:00-05:00,-0.0009,True,0.000900000000000002,2.0599841277224584e-18
2023-01-16 03:00:00-05:00,-0.0009,True,0.000900000000000002,2.0599841277224584e-18
2023-01-16 04:00:00-05:00,-0.0009,True,0.000900000000000002,2.0599841277224584e-18
2023-01-16 05:00:00-05:00,-0.0009,True,0.000900000000000002,2.0599841277224584e-18
2023-01-16 06:00:00-05:00,-0.0009,True,0.000900000000000002,2.0599841277224584e-18
2023-01-16 07:00:00-05:00,-0.0009,True,0.0009443396455049927,4.4339645504992676e-05
2023-01-16 08:00:00-05:00,-0.0009,True,0.033213220988422,0.032313220988422
2023-01-16 09:00:00-05:00,-0.0009,True,0.1469141625803952,0.14601416258039518
2023-01-16 10:00:00-05:00,-0.0009,True,0.24959801968453943,0.24869801968453942
2023-01-16 11:00:00-05:00,-0.0009,True,0.33486617098950044,0.33396617098950043
2023-01-16 12:00:00-05:00,-0.0009,True,0.35327783129983614,0.35237783129983613
2023-01-16 13:00:00-05:00,0.18860302670303378,True,0.1584406416709756,0.34704366837400935
2023-01-16 14:00:00-05:00,0.248094611450398,True,0.04787732305809707,0.29597193450849507
2023-01-16 15:00:00-05:00,0.23195506262345547,True,-0.023665342203754523,0.20828972041970095
2023-01-16 16:00:00-05:00,0.1810224368224333,True,-0.09537064132406302,0.08565179549837028
2023-01-16 17:00:00-05:00,0.20417547923345786,True,-0.19141874859336153,0.012756730640096331
2023-01-16 18:00:00-05:00,-0.0009,True,0.0008999999999999991,-8.673617379884035e-19
2023-01-16 19:00:00-05:00,-0.0009,True,0.0008999999999999991,-8.673617379884035e-19
2023-01-16 20:00:00-05:00,-0.0009,True,0.0008999999999999991,-8.673617379884035e-19
2023-01-16 21:00:00-05:00,-0.0009,True,0.0008999999999999991,-8.673617379884035e-19
2023-01-16 22:00:00-05:00,-0.0009,True,0.0008999999999999991,-8.673617379884035e-19
2023-01-16 23:00:00-05:00,-0.0009,True,0.0008999999999999991,-8.673617379884035e-19
2023-01-17 00:00:00-05:00,-0.0009,True,0.000900000000000002,2.0599841277224584e-18
2023-01-17 01:00:00-05:00,-0.0009,True,0.000900000000000002,2.0599841277224584e-18
2023-01-17 02:00:00-05:00,-0.0009,True,0.000900000000000002,2.0599841277224584e-18
2023-01-17 03:00:00-05:00,-0.0009,True,0.000900000000000002,2.0599841277224584e-18
2023-01-17 04:00:00-05:00,-0.0009,True,0.000900000000000002,2.0599841277224584e-18
2023-01-17 05:00:00-05:00,-0.0009,True,0.000900000000000002,2.0599841277224584e-18
2023-01-17 06:00:00-05:00,-0.0009,True,0.000900000000000002,2.0599841277224584e-18
2023-01-17 07:00:00-05:00,-0.0009,True,0.0009067323220255341,6.73232202553413e-06
2023-01-17 08:00:00-05:00,-0.0009,True,0.024881592082897898,0.023981592082897896
2023-01-17 09:00:00-05:00,-0.0009,True,0.11398219333200225,0.11308219333200226
2023-01-17 10:00:00-05:00,-0.0009,True,0.19514693101539854,0.19424693101539853
2023-01-17 11:00:00-05:00,-0.0009,True,0.2532503994516231,0.2523503994516231
2023-01-17 12:00:00-05:00,-0.0009,True,0.2356081027152908,0.2347081027152908
2023-01-17 13:00:00-05:00,-0.0009,True,0.2323142115491498,0.2314142115491498
2023-01-17 14:00:00-05:00,-0.0009,True,0.2000888225469162,0.1991888225469162
2023-01-17 15:00:00-05:00,-0.0009,True,0.1543553923698765,0.1534553923698765
2023-01-17 16:00:00-05:00,0.011592051720301293,True,0.03274096259091133,0.04433301431121263
2023-01-17 17:00:00-05:00,0.08625264188344957,True,-0.0861954876410793,5.715424237026645e-05
2023-01-17 18:00:00-05:00,0.01578419462965757,True,-0.015630735581761944,0.0001534590478956266
2023-01-17 19:00:00-05:00,0.07467217139386394,True,-0.0745699915711443,0.00010217982271963633
2023-01-17 20:00:00-05:00,0.029884391530646735,True,-0.029841925032088913,4.246649855782145e-05
2023-01-17 21:00:00-05:00,-0.0009,True,0.0008999999999999991,-8.673617379884035e-19
2023-01-17 22:00:00-05:00,-0.0009,True,0.0008999999999999991,-8.673617379884035e-19
2023-01-17 23:00:00-05:00,-0.0009,True,0.0008999999999999991,-8.673617379884035e-19
2023-01-18 00:00:00-05:00,-0.0009,True,0.000900000000000002,2.0599841277224584e-18
2023-01-18 01:00:00-05:00,-0.0009,True,0.000900000000000002,2.0599841277224584e-18
2023-01-18 02:00:00-05:00,-0.0009,True,0.000900000000000002,2.0599841277224584e-18
2023-01-18 03:00:00-05:00,-0.0009,True,0.000900000000000002,2.0599841277224584e-18
2023-01-18 04:00:00-05:00,-0.0009,True,0.000900000000000002,2.0599841277224584e-18
2023-01-18 05:00:00-05:00,-0.0009,True,0.000900000000000002,2.0599841277224584e-18
2023-01-18 06:00:00-05:00,-0.0009,True,0.000900000000000002,2.0599841277224584e-18
2023-01-18 07:00:00-05:00,-0.0009,True,0.0009014087058559053,1.4087058559053523e-06
2023-01-18 08:00:00-05:00,-0.0009,True,0.033363285256352834,0.032463285256352836
2023-01-18 09:00:00-05:00,-0.0009,True,0.15046080135049367,0.14956080135049366
2023-01-18 10:00:00-05:00,-0.0009,True,0.2512099493639267,0.2503099493639267
2023-01-18 11:00:00-05:00,-0.0009,True,0.3227292885156298,0.3218292885156298
2023-01-18 12:00:00-05:00,-0.0009,True,0.3229980660724667,0.3220980660724667
2023-01-18 13:00:00-05:00,0.13792141229531613,True,0.1962775687033762,0.33419898099869233
2023-01-18 14:00:00-05:00,0.21551029961428564,True,0.08786152547657719,0.3033718250908628
2023-01-18 15:00:00-05:00,0.21386182130141226,True,-0.005628388070640834,0.20823343323077143
2023-01-18 16:00:00-05:00,0.17831749874225186,True,-0.08578826015840964,0.09252923858384222
2023-01-18 17:00:00-05:00,0.20540048523927018,True,-0.19227703457501297,0.013123450664257214
2023-01-18 18:00:00-05:00,-0.0009,True,0.0008999999999999991,-8.673617379884035e-19
2023-01-18 19:00:00-05:00,0.07722973920298296,True,-0.07711262382171194,0.00011711538127101573
2023-01-18 20:00:00-05:00,-0.0009,True,0.0008999999999999991,-8.673617379884035e-19
2023-01-18 21:00:00-05:00,0.020620923033223763,True,-0.020649344988069994,-2.8421954846230557e-05
2023-01-18 22:00:00-05:00,-0.0009,True,0.0008999999999999991,-8.673617379884035e-19
2023-01-18 23:00:00-05:00,-0.0009,True,0.0008999999999999991,-8.673617379884035e-19
2023-01-19 00:00:00-05:00,-0.0009,True,0.000900000000000002,2.0599841277224584e-18
2023-01-19 01:00:00-05:00,-0.0009,True,0.000900000000000002,2.0599841277224584e-18
2023-01-19 02:00:00-05:00,-0.0009,True,0.000900000000000002,2.0599841277224584e-18
2023-01-19 03:00:00-05:00,-0.0009,True,0.000900000000000002,2.0599841277224584e-18
2023-01-19 04:00:00-05:00,-0.0009,True,0.000900000000000002,2.0599841277224584e-18
2023-01-19 05:00:00-05:00,-0.0009,True,0.000900000000000002,2.0599841277224584e-18
2023-01-19 06:00:00-05:00,-0.0009,True,0.000900000000000002,2.0599841277224584e-18
2023-01-19 07:00:00-05:00,-0.0009,True,0.0010043018005830638,0.00010430180058306382
2023-01-19 08:00:00-05:00,-0.0009,True,0.016273510558665213,0.015373510558665213
2023-01-19 09:00:00-05:00,-0.0009,True,0.05583295379983046,0.054932953799830465
2023-01-19 10:00:00-05:00,-0.0009,True,0.05366681987371278,0.05276681987371278
2023-01-19 11:00:00-05:00,-0.0009,True,0.04601461092667067,0.04511461092667067
2023-01-19 12:00:00-05:00,-0.0009,True,0.04284354056004538,0.04194354056004538
2023-01-19 13:00:00-05:00,-0.0009,True,0.05084677499623154,0.04994677499623154
2023-01-19 14:00:00-05:00,-0.0009,True,0.06445017749925909,0.06355017749925909
2023-01-19 15:00:00-05:00,-0.0009,True,0.06157100671831521,0.06067100671831521
2023-01-19 16:00:00-05:00,-0.0009,True,0.017719307059855537,0.016819307059855536
2023-01-19 17:00:00-05:00,-0.0009,True,0.0015991277096609193,0.0006991277096609193
2023-01-19 18:00:00-05:00,-0.0009,True,0.0008999999999999991,-8.673617379884035e-19
2023-01-19 19:00:00-05:00,-0.0009,True,0.0008999999999999991,-8.673617379884035e-19
2023-01-19 20:00:00-05:00,-0.0009,True,0.0008999999999999991,-8.673617379884035e-19
2023-01-19 21:00:00-05:00,-0.0009,True,0.0008999999999999991,-8.673617379884035e-19
2023-01-19 22:00:00-05:00,-0.0009,True,0.0008999999999999991,-8.673617379884035e-19
2023-01-19 23:00:00-05:00,-0.0009,True,0.0008999999999999991,-8.673617379884035e-19
2023-01-20 00:00:00-05:00,-0.0009,True,0.000900000000000002,2.0599841277224584e-18
2023-01-20 01:00:00-05:00,-0.0009,True,0.000900000000000002,2.0599841277224584e-18
2023-01-20 02:00:00-05:00,-0.0009,True,0.000900000000000002,2.0599841277224584e-18
2023-01-20 03:00:00-05:00,-0.0009,True,0.000900000000000002,2.0599841277224584e-18
2023-01-20 04:00:00-05:00,-0.0009,True,0.000900000000000002,2.0599841277224584e-18
2023-01-20 05:00:00-05:00,-0.0009,True,0.000900000000000002,2.0599841277224584e-18
2023-01-20 06:00:00-05:00,-0.0009,True,0.000900000000000002,2.0599841277224584e-18
2023-01-20 07:00:00-05:00,-0.0009,True,0.0009011235389836559,1.1235389836558932e-06
2023-01-20 08:00:00-05:00,-0.0009,True,0.03268493527093536,0.031784935270935365
2023-01-20 09:00:00-05:00,-0.0009,True,0.14915539366576883,0.14825539366576881
2023-01-20 10:00:00-05:00,-0.0009,True,0.2578178886184381,0.25691788861843806
2023-01-20 11:00:00-05:00,-0.0009,True,0.3236059583673352,0.3227059583673352
2023-01-20 12:00:00-05:00,-0.0009,True,0.3496430366759615,0.3487430366759615
2023-01-20 13:00:00-05:00,0.13740608833293708,True,0.21328907295088545,0.3506951612838225
2023-01-20 14:00:00-05:00,0.2166351264306269,True,0.0873448180346852,0.3039799444653121
2023-01-20 15:00:00-05:00,0.22022664573635625,True,-0.0009724798584453665,0.21925416587791088
2023-01-20 16:00:00-05:00,0.15337062897120096,True,-0.043719394642758855,0.10965123432844211
2023-01-20 17:00:00-05:00,0.06271332457662161,True,-0.06081209183844119,0.0019012327381804223
2023-01-20 18:00:00-05:00,0.02878623233479842,True,-0.028592312444531046,0.00019391989026737444
2023-01-20 19:00:00-05:00,0.03155554279541356,True,-0.031564953707870436,-9.410912456875309e-06
2023-01-20 20:00:00-05:00,0.031236179298758333,True,-0.03159087107598624,-0.0003546917772279043
2023-01-20 21:00:00-05:00,-0.0009,True,0.0008999999999999991,-8.673617379884035e-19
2023-01-20 22:00:00-05:00,-0.0009,True,0.0008999999999999991,-8.673617379884035e-19
2023-01-20 23:00:00-05:00,-0.0009,True,0.0008999999999999991,-8.673617379884035e-19
2023-01-21 00:00:00-05:00,-0.0009,True,0.000900000000000002,2.0599841277224584e-18
2023-01-21 01:00:00-05:00,-0.0009,True,0.000900000000000002,2.0599841277224584e-18
2023-01-21 02:00:00-05:00,-0.0009,True,0.000900000000000002,2.0599841277224584e-18
2023-01-21 03:00:00-05:00,-0.0009,True,0.000900000000000002,2.0599841277224584e-18
2023-01-21 04:00:00-05:00,-0.0009,True,0.000900000000000002,2.0599841277224584e-18
2023-01-21 05:00:00-05:00,-0.0009,True,0.000900000000000002,2.0599841277224584e-18
2023-01-21 06:00:00-05:00,-0.0009,True,0.000900000000000002,2.0599841277224584e-18
2023-01-21 07:00:00-05:00,-0.0009,True,0.000899999999999999,-9.75781955236954e-19
2023-01-21 08:00:00-05:00,-0.0009,True,0.018833196090014173,0.01793319609001417
2023-01-21 09:00:00-05:00,-0.0009,True,0.06896041290932935,0.06806041290932935
2023-01-21 10:00:00-05:00,-0.0009,True,0.07623186346971861,0.07533186346971861
2023-01-21 11:00:00-05:00,-0.0009,True,0.07941926570849062,0.07851926570849062
2023-01-21 12:00:00-05:00,-0.0009,True,0.08233462585639197,0.08143462585639197
2023-01-21 13:00:00-05:00,0.005036924037706875,True,0.07099136029323726,0.07602828433094413
2023-01-21 14:00:00-05:00,0.020035838978931905,True,0.058673300773586484,0.07870913975251839
2023-01-21 15:00:00-05:00,0.03727219953655879,True,0.048076837811006294,0.08534903734756508
2023-01-21 16:00:00-05:00,0.056576413822160096,True,-0.020858327579793806,0.03571808624236629
2023-01-21 17:00:00-05:00,0.10688932380248144,True,-0.1010005323656377,0.005888791436843732
2023-01-21 18:00:00-05:00,0.04727874631315293,True,-0.046777788108499516,0.000500958204653415
2023-01-21 19:00:00-05:00,0.05907101895095945,True,-0.05849234600578531,0.0005786729451741426
2023-01-21 20:00:00-05:00,0.02831745967163488,True,-0.028221280839507208,9.617883212767117e-05
2023-01-21 21:00:00-05:00,0.009401577425219989,True,-0.0078103294205645,0.0015912480046554886
2023-01-21 22:00:00-05:00,-0.0009,True,0.0008999999999999991,-8.673617379884035e-19
2023-01-21 23:00:00-05:00,-0.0009,True,0.0008999999999999991,-8.673617379884035e-19
2023-01-22 00:00:00-05:00,-0.0009,True,0.0009000000000000019,1.951563910473908e-18
2023-01-22 01:00:00-05:00,-0.0009,True,0.000900000000000002,2.0599841277224584e-18
2023-01-22 02:00:00-05:00,-0.0009,True,0.000900000000000002,2.0599841277224584e-18
2023-01-22 03:00:00-05:00,-0.0009,True,0.000900000000000002,2.0599841277224584e-18
2023-01-22 04:00:00-05:00,-0.0009,True,0.000900000000000002,2.0599841277224584e-18
2023-01-22 05:00:00-05:00,-0.0009,True,0.000900000000000002,2.0599841277224584e-18
2023-01-22 06:00:00-05:00,-0.0009,True,0.000900000000000002,2.0599841277224584e-18
2023-01-22 07:00:00-05:00,-0.0009,True,0.0009116122906746002,1.1612290674600204e-05
2023-01-22 08:00:00-05:00,-0.0009,True,0.016999782699644205,0.016099782699644204
2023-01-22 09:00:00-05:00,-0.0009,True,0.09149400992492218,0.09059400992492218
2023-01-22 10:00:00-05:00,-0.0009,True,0.13886388601516997,0.13796388601516996
2023-01-22 11:00:00-05:00,-0.0009,True,0.1388590885846765,0.13795908858467648
2023-01-22 12:00:00-05:00,-0.0009,True,0.13590937072142087,0.13500937072142086
2023-01-22 13:00:00-05:00,-0.0009,True,0.11995567797812087,0.11905567797812087
2023-01-22 14:00:00-05:00,0.03451785778890588,True,0.1006971141977897,0.13521497198669558
2023-01-22 15:00:00-05:00,0.03871152862326431,True,0.056307666265440884,0.0950191948887052
2023-01-22 16:00:00-05:00,0.05212364391199264,True,-0.007146656149873708,0.04497698776211893
2023-01-22 17:00:00-05:00,0.09233973270391446,True,-0.09121364658276405,0.0011260861211504075
2023-01-22 18:00:00-05:00,-0.0009,True,0.0008999999999999991,-8.673617379884035e-19
2023-01-22 19:00:00-05:00,-0.0009,True,0.0008999999999999991,-8.673617379884035e-19
2023-01-22 20:00:00-05:00,0.015253490292840864,True,-0.01407340940137201,0.0011800808914688536
2023-01-22 21:00:00-05:00,-0.0009,True,0.0008999999999999991,-8.673617379884035e-19
2023-01-22 22:00:00-05:00,-0.0009,True,0.0008999999999999991,-8.673617379884035e-19
2023-01-22 23:00:00-05:00,-0.0009,True,0.0008999999999999991,-8.673617379884035e-19
2023-01-23 00:00:00-05:00,-0.0009,True,0.000900000000000002,2.0599841277224584e-18
2023-01-23 01:00:00-05:00,-0.0009,True,0.000900000000000002,2.0599841277224584e-18
2023-01-23 02:00:00-05:00,-0.0009,True,0.0009000000000000019,1.951563910473908e-18
2023-01-23 03:00:00-05:00,-0.0009,True,0.0009000000000000019,1.951563910473908e-18
2023-01-23 04:00:00-05:00,-0.0009,True,0.000900000000000002,2.0599841277224584e-18
2023-01-23 05:00:00-05:00,-0.0009,True,0.000900000000000002,2.0599841277224584e-18
2023-01-23 06:00:00-05:00,-0.0009,True,0.000900000000000002,2.0599841277224584e-18
2023-01-23 07:00:00-05:00,-0.0009,True,0.0009467661463807058,4.6766146380705794e-05
2023-01-23 08:00:00-05:00,-0.0009,True,0.019910607115176625,0.019010607115176624
2023-01-23 09:00:00-05:00,-0.0009,True,0.08636839240671886,0.08546839240671886
2023-01-23 10:00:00-05:00,-0.0009,True,0.133611650245263,0.132711650245263
2023-01-23 11:00:00-05:00,-0.0009,True,0.1607091883925855,0.15980918839258548
2023-01-23 12:00:00-05:00,-0.0009,True,0.1715541666329249,0.17065416663292488
2023-01-23 13:00:00-05:00,-0.0009,True,0.17571111785815774,0.17481111785815773
2023-01-23 14:00:00-05:00,-0.0009,True,0.13663868347872485,0.13573868347872484
2023-01-23 15:00:00-05:00,0.09700276646795904,True,0.047533571490779074,0.1445363379587381
2023-01-23 16:00:00-05:00,0.03517092100642966,True,0.008338798391000317,0.04350971939742998
2023-01-23 17:00:00-05:00,0.0207991171866655,True,-0.01852258950361621,0.002276527683049291
2023-01-23 18:00:00-05:00,0.026582516995676868,True,-0.026931810246473245,-0.00034929325079637724
2023-01-23 19:00:00-05:00,0.011903200081826748,True,-0.010016646103057024,0.0018865539787697241
2023-01-23 20:00:00-05:00,0.05484710280339156,True,-0.053323071246262954,0.0015240315571286092
2023-01-23 21:00:00-05:00,-0.0009,True,0.0008999999999999991,-8.673617379884035e-19
2023-01-23 22:00:00-05:00,-0.0009,True,0.0008999999999999991,-8.673617379884035e-19
2023-01-23 23:00:00-05:00,-0.0009,True,0.0008999999999999991,-8.673617379884035e-19
2023-01-24 00:00:00-05:00,-0.0009,True,0.000900000000000002,2.0599841277224584e-18
2023-01-24 01:00:00-05:00,-0.0009,True,0.000900000000000002,2.0599841277224584e-18
2023-01-24 02:00:00-05:00,-0.0009,True,0.000900000000000002,2.0599841277224584e-18
2023-01-24 03:00:00-05:00,-0.0009,True,0.000900000000000002,2.0599841277224584e-18
2023-01-24 04:00:00-05:00,-0.0009,True,0.000900000000000002,2.0599841277224584e-18
2023-01-24 05:00:00-05:00,-0.0009,True,0.000900000000000002,2.0599841277224584e-18
2023-01-24 06:00:00-05:00,-0.0009,True,0.000900000000000002,2.0599841277224584e-18
2023-01-24 07:00:00-05:00,-0.0009,True,0.000899999999999999,-9.75781955236954e-19
2023-01-24 08:00:00-05:00,-0.0009,True,0.036968447647824185,0.03606844764782419
2023-01-24 09:00:00-05:00,-0.0009,True,0.15614630948034372,0.1552463094803437
2023-01-24 10:00:00-05:00,-0.0009,True,0.27357194903543275,0.27267194903543274
2023-01-24 11:00:00-05:00,-0.0009,True,0.33152979805953947,0.33062979805953946
2023-01-24 12:00:00-05:00,-0.0009,True,0.33469547407340366,0.33379547407340365
2023-01-24 13:00:00-05:00,0.011541820375006983,True,0.30568166489054,0.317223485265547
2023-01-24 14:00:00-05:00,0.08470535439819886,True,0.1824848867708149,0.26719024116901374
2023-01-24 15:00:00-05:00,0.23920815788241062,True,-0.02209566161518442,0.2171124962672262
2023-01-24 16:00:00-05:00,0.19212987246460936,True,-0.0831914141521188,0.10893845831249056
2023-01-24 17:00:00-05:00,0.18200417281874626,True,-0.16935674400360326,0.012647428815142997
2023-01-24 18:00:00-05:00,0.03229444749605444,True,-0.03172507090376884,0.000569376592285599
2023-01-24 19:00:00-05:00,0.040341568046739926,True,-0.04070023563230135,-0.00035866758556142575
2023-01-24 20:00:00-05:00,0.05578290354253737,True,-0.05479115049507297,0.0009917530474643985
2023-01-24 21:00:00-05:00,0.0288977606048833,True,-0.028859634772547615,3.812583233568645e-05
2023-01-24 22:00:00-05:00,-0.0009,True,0.0008999999999999991,-8.673617379884035e-19
2023-01-24 23:00:00-05:00,-0.0009,True,0.0008999999999999991,-8.673617379884035e-19
2023-01-25 00:00:00-05:00,-0.0009,True,0.000900000000000002,2.0599841277224584e-18
2023-01-25 01:00:00-05:00,-0.0009,True,0.000900000000000002,2.0599841277224584e-18
2023-01-25 02:00:00-05:00,-0.0009,True,0.000900000000000002,2.0599841277224584e-18
2023-01-25 03:00:00-05:00,-0.0009,True,0.000900000000000002,2.0599841277224584e-18
2023-01-25 04:00:00-05:00,-0.0009,True,0.000900000000000002,2.0599841277224584e-18
2023-01-25 05:00:00-05:00,-0.0009,True,0.000900000000000002,2.0599841277224584e-18
2023-01-25 06:00:00-05:00,-0.0009,True,0.000900000000000002,2.0599841277224584e-18
2023-01-25 07:00:00-05:00,-0.0009,True,0.0009281628040706392,2.816280407063926e-05
2023-01-25 08:00:00-05:00,-0.0009,True,0.016732955206903755,0.015832955206903754
2023-01-25 09:00:00-05:00,-0.0009,True,0.0488213639984689,0.0479213639984689
2023-01-25 10:00:00-05:00,-0.0009,True,0.04783464303628764,0.046934643036287645
2023-01-25 11:00:00-05:00,-0.0009,True,0.053552533991815865,0.05265253399181587
2023-01-25 12:00:00-05:00,-0.0009,True,0.05007235585708833,0.04917235585708833
2023-01-25 13:00:00-05:00,-0.0009,True,0.055372485134902366,0.05447248513490237
2023-01-25 14:00:00-05:00,-0.0009,True,0.05047314517280847,0.049573145172808475
2023-01-25 15:00:00-05:00,-0.0009,True,0.046289389216573336,0.04538938921657334
2023-01-25 16:00:00-05:00,-0.0009,True,0.017115253026047425,0.016215253026047424
2023-01-25 17:00:00-05:00,-0.0009,True,0.0015991277096609193,0.0006991277096609193
2023-01-25 18:00:00-05:00,-0.0009,True,0.0008999999999999991,-8.673617379884035e-19
2023-01-25 19:00:00-05:00,-0.0009,True,0.0008999999999999991,-8.673617379884035e-19
2023-01-25 20:00:00-05:00,-0.0009,True,0.0008999999999999991,-8.673617379884035e-19
2023-01-25 21:00:00-05:00,-0.0009,True,0.0008999999999999991,-8.673617379884035e-19
2023-01-25 22:00:00-05:00,-0.0009,True,0.0008999999999999991,-8.673617379884035e-19
2023-01-25 23:00:00-05:00,-0.0009,True,0.0008999999999999991,-8.673617379884035e-19
2023-01-26 00:00:00-05:00,-0.0009,True,0.000900000000000002,2.0599841277224584e-18
2023-01-26 01:00:00-05:00,-0.0009,True,0.000900000000000002,2.0599841277224584e-18
2023-01-26 02:00:00-05:00,-0.0009,True,0.0009270366783763473,2.7036678376347314e-05
2023-01-26 03:00:00-05:00,-0.0009,True,0.0009270366783763473,2.7036678376347314e-05
2023-01-26 04:00:00-05:00,-0.0009,True,0.0009094993734835824,9.499373483582438e-06
2023-01-26 05:00:00-05:00,-0.0009,True,0.0009270366783763473,2.7036678376347314e-05
2023-01-26 06:00:00-05:00,-0.0009,True,0.0009270366783763473,2.7036678376347314e-05
2023-01-26 07:00:00-05:00,-0.0009,True,0.0010307990656585383,0.0001307990656585383
2023-01-26 08:00:00-05:00,-0.0009,True,0.03840857250531885,0.03750857250531885
2023-01-26 09:00:00-05:00,-0.0009,True,0.14632659954374805,0.14542659954374804
2023-01-26 10:00:00-05:00,-0.0009,True,0.24989161111484173,0.24899161111484172
2023-01-26 11:00:00-05:00,-0.0009,True,0.29588470981312853,0.2949847098131285
2023-01-26 12:00:00-05:00,-0.0009,True,0.30859554817876084,0.3076955481787608
2023-01-26 13:00:00-05:00,0.15706103214552133,True,0.17914221052924387,0.3362032426747652
2023-01-26 14:00:00-05:00,0.2315544404824366,True,0.0742257130497351,0.3057801535321717
2023-01-26 15:00:00-05:00,0.23267667051274848,True,-0.0016782049040997649,0.23099846560864873
2023-01-26 16:00:00-05:00,0.14779847897162204,True,-0.0391041718845611,0.10869430708706095
2023-01-26 17:00:00-05:00,0.009467284193212917,True,-0.004941390397436194,0.004525893795776724
2023-01-26 18:00:00-05:00,0.02800003204945941,True,-0.0279758374573874,2.4194592072011162e-05
2023-01-26 19:00:00-05:00,0.009901084123387789,True,-0.009353380566177466,0.0005477035572103231
2023-01-26 20:00:00-05:00,-0.0009,True,0.0008999999999999991,-8.673617379884035e-19
2023-01-26 21:00:00-05:00,0.005249441854424111,True,-0.005249171895266742,2.6995915736877096e-07
2023-01-26 22:00:00-05:00,-0.0009,True,0.0008999999999999991,-8.673617379884035e-19
2023-01-26 23:00:00-05:00,-0.0009,True,0.0008999999999999991,-8.673617379884035e-19
2023-01-27 00:00:00-05:00,-0.0009,True,0.000900000000000002,2.0599841277224584e-18
2023-01-27 01:00:00-05:00,-0.0009,True,0.000900000000000002,2.0599841277224584e-18
2023-01-27 02:00:00-05:00,-0.0009,True,0.000900000000000002,2.0599841277224584e-18
2023-01-27 03:00:00-05:00,-0.0009,True,0.000900000000000002,2.0599841277224584e-18
2023-01-27 04:00:00-05:00,-0.0009,True,0.000900000000000002,2.0599841277224584e-18
2023-01-27 05:00:00-05:00,-0.0009,True,0.000900000000000002,2.0599841277224584e-18
2023-01-27 06:00:00-05:00,-0.0009,True,0.000900000000000002,2.0599841277224584e-18
2023-01-27 07:00:00-05:00,-0.0009,True,0.000899999999999999,-9.75781955236954e-19
2023-01-27 08:00:00-05:00,-0.0009,True,0.03945665872168676,0.03855665872168676
2023-01-27 09:00:00-05:00,-0.0009,True,0.17004999774988366,0.16914999774988365
2023-01-27 10:00:00-05:00,-0.0009,True,0.29263152102458656,0.29173152102458655
2023-01-27 11:00:00-05:00,-0.0009,True,0.37853661653271153,0.3776366165327115
2023-01-27 12:00:00-05:00,-0.0009,True,0.3863705713396153,0.38547057133961526
2023-01-27 13:00:00-05:00,0.008695742123889972,True,0.35769651199024355,0.3663922541141335
2023-01-27 14:00:00-05:00,0.04196619347416128,True,0.23053850202896534,0.2725046955031266
2023-01-27 15:00:00-05:00,0.2420406350410693,True,-0.00017863452219333108,0.24186200051887596
2023-01-27 16:00:00-05:00,0.19897114047467687,True,-0.07296730327576091,0.12600383719891595
2023-01-27 17:00:00-05:00,0.14751777504415214,True,-0.12870196369401632,0.018815811350135825
2023-01-27 18:00:00-05:00,0.08238909861269143,True,-0.08765794446782013,-0.005268845855128698
2023-01-27 19:00:00-05:00,0.05745862195261526,True,-0.06202494414146294,-0.004566322188847678
2023-01-27 20:00:00-05:00,-0.0009,True,0.0008999999999999991,-8.673617379884035e-19
2023-01-27 21:00:00-05:00,-0.0009,True,0.0008999999999999991,-8.673617379884035e-19
2023-01-27 22:00:00-05:00,-0.0009,True,0.0008999999999999991,-8.673617379884035e-19
2023-01-27 23:00:00-05:00,-0.0009,True,0.0008999999999999991,-8.673617379884035e-19
2023-01-28 00:00:00-05:00,-0.0009,True,0.000900000000000002,2.0599841277224584e-18
2023-01-28 01:00:00-05:00,-0.0009,True,0.000900000000000002,2.0599841277224584e-18
2023-01-28 02:00:00-05:00,-0.0009,True,0.000900000000000002,2.0599841277224584e-18
2023-01-28 03:00:00-05:00,-0.0009,True,0.000900000000000002,2.0599841277224584e-18
2023-01-28 04:00:00-05:00,-0.0009,True,0.000900000000000002,2.0599841277224584e-18
2023-01-28 05:00:00-05:00,-0.0009,True,0.000900000000000002,2.0599841277224584e-18
2023-01-28 06:00:00-05:00,-0.0009,True,0.000900000000000002,2.0599841277224584e-18
2023-01-28 07:00:00-05:00,-0.0009,True,0.0009205313406028561,2.0531340602856097e-05
2023-01-28 08:00:00-05:00,-0.0009,True,0.0360350209778367,0.0351350209778367
2023-01-28 09:00:00-05:00,-0.0009,True,0.14279146607880022,0.1418914660788002
2023-01-28 10:00:00-05:00,-0.0009,True,0.2438843051351033,0.2429843051351033
2023-01-28 11:00:00-05:00,-0.0009,True,0.28460926189022395,0.28370926189022394
2023-01-28 12:00:00-05:00,-0.0009,True,0.3054777707237753,0.3045777707237753
2023-01-28 13:00:00-05:00,0.18175638752150694,True,0.1435611930056747,0.3253175805271816
2023-01-28 14:00:00-05:00,0.24547188169633008,True,0.043795786597917136,0.2892676682942472
2023-01-28 15:00:00-05:00,0.23797239408334592,True,-0.025898115569795616,0.2120742785135503
2023-01-28 16:00:00-05:00,0.09370754670700215,True,-0.013787908744755748,0.07991963796224641
2023-01-28 17:00:00-05:00,0.07134165404053444,True,-0.06687306958877941,0.004468584451755034
2023-01-28 18:00:00-05:00,0.047949478014833805,True,-0.048062708699692556,-0.00011323068485875193
2023-01-28 19:00:00-05:00,0.05484857812473148,True,-0.05433265751223097,0.0005159206125005047
2023-01-28 20:00:00-05:00,0.03746614414609939,True,-0.03759791313180207,-0.00013176898570268353
2023-01-28 21:00:00-05:00,0.02425055777936789,True,-0.023796963752715318,0.00045359402665257065
2023-01-28 22:00:00-05:00,-0.0009,True,0.0008999999999999991,-8.673617379884035e-19
2023-01-28 23:00:00-05:00,-0.0009,True,0.0008999999999999991,-8.673617379884035e-19
2023-01-29 00:00:00-05:00,-0.0009,True,0.000900000000000002,2.0599841277224584e-18
2023-01-29 01:00:00-05:00,-0.0009,True,0.000900000000000002,2.0599841277224584e-18
2023-01-29 02:00:00-05:00,-0.0009,True,0.000900000000000002,2.0599841277224584e-18
2023-01-29 03:00:00-05:00,-0.0009,True,0.000900000000000002,2.0599841277224584e-18
2023-01-29 04:00:00-05:00,-0.0009,True,0.000900000000000002,2.0599841277224584e-18
2023-01-29 05:00:00-05:00,-0.0009,True,0.000900000000000002,2.0599841277224584e-18
2023-01-29 06:00:00-05:00,-0.0009,True,0.000900000000000002,2.0599841277224584e-18
2023-01-29 07:00:00-05:00,-0.0009,True,0.0009056945748268394,5.694574826839438e-06
2023-01-29 08:00:00-05:00,-0.0009,True,0.019605319088200568,0.018705319088200566
2023-01-29 09:00:00-05:00,-0.0009,True,0.06191729953832151,0.06101729953832151
2023-01-29 10:00:00-05:00,-0.0009,True,0.09107002374464437,0.09017002374464438
2023-01-29 11:00:00-05:00,-0.0009,True,0.11074231025942488,0.10984231025942488
2023-01-29 12:00:00-05:00,-0.0009,True,0.10277885884497037,0.10187885884497037
2023-01-29 13:00:00-05:00,-0.0009,True,0.12562518227909109,0.12472518227909109
2023-01-29 14:00:00-05:00,0.04677404687794241,True,0.08427710412177587,0.13105115099971829
2023-01-29 15:00:00-05:00,0.054081072757809434,True,0.04339310496551291,0.09747417772332234
2023-01-29 16:00:00-05:00,0.056427213770232,True,-0.017311157078750937,0.03911605669148106
2023-01-29 17:00:00-05:00,0.03369711426830738,True,-0.030424364033951642,0.003272750234355734
2023-01-29 18:00:00-05:00,-0.0009,True,0.0008999999999999991,-8.673617379884035e-19
2023-01-29 19:00:00-05:00,0.02085598984036035,True,-0.019571634791988094,0.001284355048372255
2023-01-29 20:00:00-05:00,-0.0009,True,0.0008999999999999991,-8.673617379884035e-19
2023-01-29 21:00:00-05:00,-0.0009,True,0.0008999999999999991,-8.673617379884035e-19
2023-01-29 22:00:00-05:00,-0.0009,True,0.0008999999999999991,-8.673617379884035e-19
2023-01-29 23:00:00-05:00,-0.0009,True,0.0008999999999999991,-8.673617379884035e-19
2023-01-30 00:00:00-05:00,-0.0009,True,0.000900000000000002,2.0599841277224584e-18
2023-01-30 01:00:00-05:00,-0.0009,True,0.000900000000000002,2.0599841277224584e-18
2023-01-30 02:00:00-05:00,-0.0009,True,0.000900000000000002,2.0599841277224584e-18
2023-01-30 03:00:00-05:00,-0.0009,True,0.000900000000000002,2.0599841277224584e-18
2023-01-30 04:00:00-05:00,-0.0009,True,0.000900000000000002,2.0599841277224584e-18
2023-01-30 05:00:00-05:00,-0.0009,True,0.000900000000000002,2.0599841277224584e-18
2023-01-30 06:00:00-05:00,-0.0009,True,0.000900000000000002,2.0599841277224584e-18
2023-01-30 07:00:00-05:00,-0.0009,True,0.000899999999999999,-9.75781955236954e-19
2023-01-30 08:00:00-05:00,-0.0009,True,0.03232317268255736,0.031423172682557364
2023-01-30 09:00:00-05:00,-0.0009,True,0.11287345940469329,0.11197345940469329
2023-01-30 10:00:00-05:00,-0.0009,True,0.18402934236636143,0.18312934236636141
2023-01-30 11:00:00-05:00,-0.0009,True,0.22772972643280537,0.22682972643280536
2023-01-30 12:00:00-05:00,-0.0009,True,0.23168000589011195,0.23078000589011194
2023-01-30 13:00:00-05:00,-0.0009,True,0.22647570412147622,0.2255757041214762
2023-01-30 14:00:00-05:00,0.029702397537662257,True,0.16745966457536215,0.19716206211302442
2023-01-30 15:00:00-05:00,0.038102315975098174,True,0.1060902320703649,0.14419254804546308
2023-01-30 16:00:00-05:00,0.05617229871976743,True,0.0030620027988385663,0.059234301518605995
2023-01-30 17:00:00-05:00,0.0534519676184688,True,-0.04598522527568358,0.007466742342785222
2023-01-30 18:00:00-05:00,0.0642604507629609,True,-0.06399093079734887,0.0002695199656120306
2023-01-30 19:00:00-05:00,-0.0009,True,0.0008999999999999991,-8.673617379884035e-19
2023-01-30 20:00:00-05:00,-0.0009,True,0.0008999999999999991,-8.673617379884035e-19
2023-01-30 21:00:00-05:00,-0.0009,True,0.0008999999999999991,-8.673617379884035e-19
2023-01-30 22:00:00-05:00,-0.0009,True,0.0008999999999999991,-8.673617379884035e-19
2023-01-30 23:00:00-05:00,-0.0009,True,0.0008999999999999991,-8.673617379884035e-19
2023-01-31 00:00:00-05:00,-0.0009,True,0.000900000000000002,2.0599841277224584e-18
2023-01-31 01:00:00-05:00,-0.0009,True,0.000900000000000002,2.0599841277224584e-18
2023-01-31 02:00:00-05:00,-0.0009,True,0.000900000000000002,2.0599841277224584e-18
2023-01-31 03:00:00-05:00,-0.0009,True,0.000900000000000002,2.0599841277224584e-18
2023-01-31 04:00:00-05:00,-0.0009,True,0.000900000000000002,2.0599841277224584e-18
2023-01-31 05:00:00-05:00,-0.0009,True,0.000900000000000002,2.0599841277224584e-18
2023-01-31 06:00:00-05:00,-0.0009,True,0.000900000000000002,2.0599841277224584e-18
2023-01-31 07:00:00-05:00,-0.0009,True,0.0009011235389836559,1.1235389836558932e-06
2023-01-31 08:00:00-05:00,-0.0009,True,0.02539875756118662,0.024498757561186617
2023-01-31 09:00:00-05:00,-0.0009,True,0.07780823501277098,0.07690823501277098
2023-01-31 10:00:00-05:00,-0.0009,True,0.10940182774833612,0.10850182774833612
2023-01-31 11:00:00-05:00,-0.0009,True,0.12434179919516195,0.12344179919516195
2023-01-31 12:00:00-05:00,-0.0009,True,0.12628956631548413,0.12538956631548412
2023-01-31 13:00:00-05:00,-0.0009,True,0.13376014313845164,0.13286014313845163
2023-01-31 14:00:00-05:00,-0.0009,True,0.10667401482964146,0.10577401482964147
2023-01-31 15:00:00-05:00,0.02256084304500881,True,0.06509869882371035,0.08765954186871916
2023-01-31 16:00:00-05:00,0.022935857513467894,True,0.015860993913377634,0.038796851426845524
2023-01-31 17:00:00-05:00,0.06009820481220134,True,-0.05631019615425388,0.003788008657947463
2023-01-31 18:00:00-05:00,0.02348541431113949,True,-0.0231068208457431,0.0003785934653963881
2023-01-31 19:00:00-05:00,-0.0009,True,0.0008999999999999991,-8.673617379884035e-19
2023-01-31 20:00:00-05:00,0.02779032131157966,True,-0.027941774725169496,-0.0001514534135898353
2023-01-31 21:00:00-05:00,-0.0009,True,0.0008999999999999991,-8.673617379884035e-19
2023-01-31 22:00:00-05:00,-0.0009,True,0.0008999999999999991,-8.673617379884035e-19
2023-01-31 23:00:00-05:00,-0.0009,True,0.0008999999999999991,-8.673617379884035e-19
2023-02-01 00:00:00-05:00,-0.0009,True,0.000900000000000002,2.0599841277224584e-18
2023-02-01 01:00:00-05:00,-0.0009,True,0.000900000000000002,2.0599841277224584e-18
2023-02-01 02:00:00-05:00,-0.0009,True,0.0009224229608066275,2.2422960806627533e-05
2023-02-01 03:00:00-05:00,-0.0009,True,0.000900000000000002,2.0599841277224584e-18
2023-02-01 04:00:00-05:00,-0.0009,True,0.000907156264087223,7.156264087223034e-06
2023-02-01 05:00:00-05:00,-0.0009,True,0.000900000000000002,2.0599841277224584e-18
2023-02-01 06:00:00-05:00,-0.0009,True,0.0009000000000000019,1.951563910473908e-18
2023-02-01 07:00:00-05:00,-0.0009,True,0.0009118119062128858,1.1811906212885791e-05
2023-02-01 08:00:00-05:00,-0.0009,True,0.05558226491781209,0.05468226491781209
2023-02-01 09:00:00-05:00,-0.0009,True,0.16357700047158955,0.16267700047158953
2023-02-01 10:00:00-05:00,-0.0009,True,0.2525613787963777,0.2516613787963777
2023-02-01 11:00:00-05:00,-0.0009,True,0.330331050380542,0.329431050380542
2023-02-01 12:00:00-05:00,-0.0009,True,0.3599694873514444,0.3590694873514444
2023-02-01 13:00:00-05:00,0.009574538804686554,True,0.3439285364110319,0.35350307521571844
2023-02-01 14:00:00-05:00,0.2635096414011684,True,0.046947870862059864,0.31045751226322826
2023-02-01 15:00:00-05:00,0.2555750405610211,True,-0.02298687125221365,0.23258816930880744
2023-02-01 16:00:00-05:00,0.20771124373842847,True,-0.0865348811082423,0.12117636263018618
2023-02-01 17:00:00-05:00,0.1295440432211187,True,-0.10934238971657806,0.020201653504540645
2023-02-01 18:00:00-05:00,-0.0009,True,0.0008999999999999991,-8.673617379884035e-19
2023-02-01 19:00:00-05:00,-0.0009,True,0.0008999999999999991,-8.673617379884035e-19
2023-02-01 20:00:00-05:00,-0.0009,True,0.0008999999999999991,-8.673617379884035e-19
2023-02-01 21:00:00-05:00,0.015890564994414488,True,-0.0169016255525999,-0.0010110605581854122
2023-02-01 22:00:00-05:00,-0.0009,True,0.0008999999999999991,-8.673617379884035e-19
2023-02-01 23:00:00-05:00,-0.0009,True,0.0008999999999999991,-8.673617379884035e-19
2023-02-02 00:00:00-05:00,-0.0009,True,0.0009000000000000018,1.8431436932253575e-18
2023-02-02 01:00:00-05:00,-0.0009,True,0.0009000000000000018,1.8431436932253575e-18
2023-02-02 02:00:00-05:00,-0.0009,True,0.0009000000000000018,1.8431436932253575e-18
2023-02-02 03:00:00-05:00,-0.0009,True,0.0009000000000000018,1.8431436932253575e-18
2023-02-02 04:00:00-05:00,-0.0009,True,0.0009000000000000018,1.8431436932253575e-18
2023-02-02 05:00:00-05:00,-0.0009,True,0.000900000000000002,2.0599841277224584e-18
2023-02-02 06:00:00-05:00,-0.0009,True,0.000900000000000002,2.0599841277224584e-18
2023-02-02 07:00:00-05:00,-0.0009,True,0.0009137609977407645,1.3760997740764496e-05
2023-02-02 08:00:00-05:00,-0.0009,True,0.051964291884698845,0.05106429188469885
2023-02-02 09:00:00-05:00,-0.0009,True,0.15841546864055772,0.1575154686405577
2023-02-02 10:00:00-05:00,-0.0009,True,0.26834825756917047,0.26744825756917046
2023-02-02 11:00:00-05:00,-0.0009,True,0.3338913993274764,0.3329913993274764
2023-02-02 12:00:00-05:00,-0.0009,True,0.3492028359015938,0.3483028359015938
2023-02-02 13:00:00-05:00,0.01646677633915055,True,0.33380734321604905,0.3502741195551996
2023-02-02 14:00:00-05:00,0.009363001173728238,True,0.2819819025187859,0.29134490369251415
2023-02-02 15:00:00-05:00,0.10809960530310582,True,0.12828088696173467,0.23638049226484048
2023-02-02 16:00:00-05:00,0.1637358195370506,True,-0.03668994153483758,0.127045878002213
2023-02-02 17:00:00-05:00,0.19600350407618236,True,-0.17863243200032378,0.017371072075858585
2023-02-02 18:00:00-05:00,0.04931470173770606,True,-0.05002702428474644,-0.0007123225470403796
2023-02-02 19:00:00-05:00,0.0270526417658944,True,-0.027221725644159044,-0.00016908387826464547
2023-02-02 20:00:00-05:00,0.04543183310625725,True,-0.04491626434171331,0.000515568764543943
2023-02-02 21:00:00-05:00,0.02256609210085714,True,-0.02162669278501256,0.0009393993158445801
2023-02-02 22:00:00-05:00,-0.0009,True,0.0008999999999999991,-8.673617379884035e-19
2023-02-02 23:00:00-05:00,-0.0009,True,0.0008999999999999991,-8.673617379884035e-19
2023-02-03 00:00:00-05:00,-0.0009,True,0.000900000000000002,2.0599841277224584e-18
2023-02-03 01:00:00-05:00,-0.0009,True,0.000900000000000002,2.0599841277224584e-18
2023-02-03 02:00:00-05:00,-0.0009,True,0.000900000000000002,2.0599841277224584e-18
2023-02-03 03:00:00-05:00,-0.0009,True,0.000900000000000002,2.0599841277224584e-18
2023-02-03 04:00:00-05:00,-0.0009,True,0.000900000000000002,2.0599841277224584e-18
2023-02-03 05:00:00-05:00,-0.0009,True,0.000900000000000002,2.0599841277224584e-18
2023-02-03 06:00:00-05:00,-0.0009,True,0.000900000000000002,2.0599841277224584e-18
2023-02-03 07:00:00-05:00,-0.0009,True,0.000899999999999999,-9.75781955236954e-19
2023-02-03 08:00:00-05:00,-0.0009,True,0.06072790581683533,0.05982790581683533
2023-02-03 09:00:00-05:00,-0.0009,True,0.17636743083606518,0.17546743083606517
2023-02-03 10:00:00-05:00,-0.0009,True,0.2757761879790298,0.2748761879790298
2023-02-03 11:00:00-05:00,-0.0009,True,0.3809080367908892,0.3800080367908892
2023-02-03 12:00:00-05:00,-0.0009,True,0.4003543522742532,0.3994543522742532
2023-02-03 13:00:00-05:00,-0.0009,True,0.39777078455540665,0.39687078455540664
2023-02-03 14:00:00-05:00,0.28118131849770606,True,0.060398521278235445,0.34157983977594153
2023-02-03 15:00:00-05:00,0.2691611870777672,True,-0.006802081310486718,0.2623591057672805
2023-02-03 16:00:00-05:00,0.19769275964873903,True,-0.04540465208958541,0.15228810755915362
2023-02-03 17:00:00-05:00,0.17029826788796237,True,-0.14556099334468575,0.02473727454327662
2023-02-03 18:00:00-05:00,-0.0009,True,0.0007244961905643525,-0.00017550380943564745
2023-02-03 19:00:00-05:00,0.09942106609400382,True,-0.10246249836524594,-0.0030414322712421227
2023-02-03 20:00:00-05:00,-0.0009,True,0.0008999999999999991,-8.673617379884035e-19
2023-02-03 21:00:00-05:00,-0.0009,True,0.0008999999999999991,-8.673617379884035e-19
2023-02-03 22:00:00-05:00,-0.0009,True,0.0008999999999999991,-8.673617379884035e-19
2023-02-03 23:00:00-05:00,-0.0009,True,0.0008999999999999991,-8.673617379884035e-19
2023-02-04 00:00:00-05:00,-0.0009,True,0.0009000000000000016,1.6263032587282567e-18
2023-02-04 01:00:00-05:00,-0.0009,True,0.0009000000000000016,1.6263032587282567e-18
2023-02-04 02:00:00-05:00,-0.0009,True,0.0009000000000000016,1.6263032587282567e-18
2023-02-04 03:00:00-05:00,-0.0009,True,0.0009000000000000016,1.6263032587282567e-18
2023-02-04 04:00:00-05:00,-0.0009,True,0.0009000000000000016,1.6263032587282567e-18
2023-02-04 05:00:00-05:00,-0.0009,True,0.0009000000000000016,1.6263032587282567e-18
2023-02-04 06:00:00-05:00,-0.0009,True,0.0009000000000000016,1.6263032587282567e-18
2023-02-04 07:00:00-05:00,-0.0009,True,0.001212414701419715,0.00031241470141971507
2023-02-04 08:00:00-05:00,-0.0009,True,0.06219960726452455,0.061299607264524554
2023-02-04 09:00:00-05:00,-0.0009,True,0.177734963140004,0.176834963140004
2023-02-04 10:00:00-05:00,-0.0009,True,0.27096676415586596,0.27006676415586595
2023-02-04 11:00:00-05:00,-0.0009,True,0.34598978957141524,0.34508978957141523
2023-02-04 12:00:00-05:00,-0.0009,True,0.3656747031183231,0.3647747031183231
2023-02-04 13:00:00-05:00,0.22707943191171998,True,0.1418823505552054,0.36896178246692535
2023-02-04 14:00:00-05:00,0.27853239748162234,True,0.042105520244048115,0.32063791772567046
2023-02-04 15:00:00-05:00,0.26346525478047383,True,-0.023090036923227822,0.24037521785724603
2023-02-04 16:00:00-05:00,0.21369337352155252,True,-0.08665883821126201,0.12703453531029052
2023-02-04 17:00:00-05:00,0.15664324487190412,True,-0.13704682249333236,0.01959642237857176
2023-02-04 18:00:00-05:00,-0.0009,True,0.0008999999999999991,-8.673617379884035e-19
2023-02-04 19:00:00-05:00,-0.0009,True,0.0008999999999999991,-8.673617379884035e-19
2023-02-04 20:00:00-05:00,-0.0009,True,0.0008999999999999991,-8.673617379884035e-19
2023-02-04 21:00:00-05:00,-0.0009,True,0.0008999999999999991,-8.673617379884035e-19
2023-02-04 22:00:00-05:00,-0.0009,True,0.0008999999999999991,-8.673617379884035e-19
2023-02-04 23:00:00-05:00,-0.0009,True,0.0008999999999999991,-8.673617379884035e-19
2023-02-05 00:00:00-05:00,-0.0009,True,0.0009106269490595277,1.0626949059527706e-05
2023-02-05 01:00:00-05:00,-0.0009,True,0.0009106269490595277,1.0626949059527706e-05
2023-02-05 02:00:00-05:00,-0.0009,True,0.0009106269490595277,1.0626949059527706e-05
2023-02-05 03:00:00-05:00,-0.0009,True,0.0009106269490595277,1.0626949059527706e-05
2023-02-05 04:00:00-05:00,-0.0009,True,0.0009000000000000018,1.8431436932253575e-18
2023-02-05 05:00:00-05:00,-0.0009,True,0.000900000000000002,2.0599841277224584e-18
2023-02-05 06:00:00-05:00,-0.0009,True,0.000900000000000002,2.0599841277224584e-18
2023-02-05 07:00:00-05:00,-0.0009,True,0.0009223714688424185,2.2371468842418535e-05
2023-02-05 08:00:00-05:00,-0.0009,True,0.05558716589373852,0.054687165893738524
2023-02-05 09:00:00-05:00,-0.0009,True,0.17521021657404437,0.17431021657404436
2023-02-05 10:00:00-05:00,-0.0009,True,0.2727969531598702,0.27189695315987017
2023-02-05 11:00:00-05:00,-0.0009,True,0.3485948779328952,0.34769487793289516
2023-02-05 12:00:00-05:00,-0.0009,True,0.3656972163272033,0.3647972163272033
2023-02-05 13:00:00-05:00,0.19568175470544183,True,0.16859145269102047,0.3642732073964623
2023-02-05 14:00:00-05:00,0.13134310744112973,True,0.19687064469579693,0.32821375213692666
2023-02-05 15:00:00-05:00,0.09640011540823541,True,0.13236810356667394,0.22876821897490934
2023-02-05 16:00:00-05:00,0.17178595062068297,True,-0.03575223701040252,0.13603371361028044
2023-02-05 17:00:00-05:00,0.17140382615545016,True,-0.1461440441014802,0.025259782053969948
2023-02-05 18:00:00-05:00,0.07279720911052891,True,-0.0736323317021422,-0.0008351225916132937
2023-02-05 19:00:00-05:00,0.07326994005845797,True,-0.07347122053521811,-0.00020128047676014338
2023-02-05 20:00:00-05:00,0.027793363516021952,True,-0.02782205183348338,-2.868831746142761e-05
2023-02-05 21:00:00-05:00,0.03594593565412554,True,-0.036084035735930546,-0.00013810008180500932
2023-02-05 22:00:00-05:00,-0.0009,True,0.0008999999999999991,-8.673617379884035e-19
2023-02-05 23:00:00-05:00,-0.0009,True,0.0008999999999999991,-8.673617379884035e-19
2023-02-06 00:00:00-05:00,-0.0009,True,0.000900000000000002,2.0599841277224584e-18
2023-02-06 01:00:00-05:00,-0.0009,True,0.000900000000000002,2.0599841277224584e-18
2023-02-06 02:00:00-05:00,-0.0009,True,0.000900000000000002,2.0599841277224584e-18
2023-02-06 03:00:00-05:00,-0.0009,True,0.000900000000000002,2.0599841277224584e-18
2023-02-06 04:00:00-05:00,-0.0009,True,0.000900000000000002,2.0599841277224584e-18
2023-02-06 05:00:00-05:00,-0.0009,True,0.000900000000000002,2.0599841277224584e-18
2023-02-06 06:00:00-05:00,-0.0009,True,0.000900000000000002,2.0599841277224584e-18
2023-02-06 07:00:00-05:00,-0.0009,True,0.000899999999999999,-9.75781955236954e-19
2023-02-06 08:00:00-05:00,-0.0009,True,0.05675806617025222,0.05585806617025222
2023-02-06 09:00:00-05:00,-0.0009,True,0.15198952506767366,0.15108952506767365
2023-02-06 10:00:00-05:00,-0.0009,True,0.23647268573190622,0.2355726857319062
2023-02-06 11:00:00-05:00,-0.0009,True,0.2998078429274975,0.2989078429274975
2023-02-06 12:00:00-05:00,-0.0009,True,0.30938971495493184,0.3084897149549318
2023-02-06 13:00:00-05:00,0.19155254255153195,True,0.11735032230776202,0.30890286485929397
2023-02-06 14:00:00-05:00,0.25027112602010426,True,0.023512691347132218,0.2737838173672365
2023-02-06 15:00:00-05:00,0.15132453467994653,True,0.06325239036722201,0.21457692504716852
2023-02-06 16:00:00-05:00,0.1016241001008171,True,-0.014524003315560535,0.08710009678525657
2023-02-06 17:00:00-05:00,0.04606253171164393,True,-0.03497943076569277,0.011083100945951156
2023-02-06 18:00:00-05:00,0.0338971708503583,True,-0.033289441789584664,0.0006077290607736374
2023-02-06 19:00:00-05:00,0.08118213424291029,True,-0.08250721179287568,-0.0013250775499653866
2023-02-06 20:00:00-05:00,0.0500544731491138,True,-0.048671031351095934,0.0013834417980178662
2023-02-06 21:00:00-05:00,0.014135592669767614,True,-0.014249261267334256,-0.0001136685975666428
2023-02-06 22:00:00-05:00,-0.0009,True,0.0008999999999999991,-8.673617379884035e-19
2023-02-06 23:00:00-05:00,-0.0009,True,0.0008999999999999991,-8.673617379884035e-19
2023-02-07 00:00:00-05:00,-0.0009,True,0.000900000000000002,2.0599841277224584e-18
2023-02-07 01:00:00-05:00,-0.0009,True,0.000900000000000002,2.0599841277224584e-18
2023-02-07 02:00:00-05:00,-0.0009,True,0.000900000000000002,2.0599841277224584e-18
2023-02-07 03:00:00-05:00,-0.0009,True,0.000900000000000002,2.0599841277224584e-18
2023-02-07 04:00:00-05:00,-0.0009,True,0.000900000000000002,2.0599841277224584e-18
2023-02-07 05:00:00-05:00,-0.0009,True,0.0009000000000000019,1.951563910473908e-18
2023-02-07 06:00:00-05:00,-0.0009,True,0.0009000000000000019,1.951563910473908e-18
2023-02-07 07:00:00-05:00,-0.0009,True,0.0010259878403433686,0.0001259878403433686
2023-02-07 08:00:00-05:00,-0.0009,True,0.05802469882092361,0.057124698820923615
2023-02-07 09:00:00-05:00,-0.0009,True,0.16611595003173135,0.16521595003173134
2023-02-07 10:00:00-05:00,-0.0009,True,0.2637259387707052,0.2628259387707052
2023-02-07 11:00:00-05:00,-0.0009,True,0.33020394874918774,0.3293039487491877
2023-02-07 12:00:00-05:00,-0.0009,True,0.3365711982521122,0.33567119825211217
2023-02-07 13:00:00-05:00,0.017776558919679074,True,0.30449278262283647,0.3222693415425155
2023-02-07 14:00:00-05:00,0.1308393599533519,True,0.17076511718952883,0.30160447714288074
2023-02-07 15:00:00-05:00,0.1272776356075147,True,0.09436316843250493,0.22164080404001962
2023-02-07 16:00:00-05:00,0.14366790140732064,True,-0.020334785778379966,0.12333311562894067
2023-02-07 17:00:00-05:00,0.1712437840778352,True,-0.14578642320151475,0.025457360876320445
2023-02-07 18:00:00-05:00,0.09962324457164376,True,-0.0977451686498962,0.00187807592174756
2023-02-07 19:00:00-05:00,0.08647677975691168,True,-0.08877428577811995,-0.002297506021208276
2023-02-07 20:00:00-05:00,0.06583617340964677,True,-0.06474113615775513,0.0010950372518916396
2023-02-07 21:00:00-05:00,0.023659913742258877,True,-0.023365049949146108,0.0002948637931127693
2023-02-07 22:00:00-05:00,-0.0009,True,0.0008999999999999991,-8.673617379884035e-19
2023-02-07 23:00:00-05:00,-0.0009,True,0.0008999999999999991,-8.673617379884035e-19
2023-02-08 00:00:00-05:00,-0.0009,True,0.000900000000000002,2.0599841277224584e-18
2023-02-08 01:00:00-05:00,-0.0009,True,0.000900000000000002,2.0599841277224584e-18
2023-02-08 02:00:00-05:00,-0.0009,True,0.000900000000000002,2.0599841277224584e-18
2023-02-08 03:00:00-05:00,-0.0009,True,0.000900000000000002,2.0599841277224584e-18
2023-02-08 04:00:00-05:00,-0.0009,True,0.000900000000000002,2.0599841277224584e-18
2023-02-08 05:00:00-05:00,-0.0009,True,0.000900000000000002,2.0599841277224584e-18
2023-02-08 06:00:00-05:00,-0.0009,True,0.000900000000000002,2.0599841277224584e-18
2023-02-08 07:00:00-05:00,-0.0009,True,0.0009130077150842808,1.3007715084280844e-05
2023-02-08 08:00:00-05:00,-0.0009,True,0.05542759259084171,0.05452759259084171
2023-02-08 09:00:00-05:00,-0.0009,True,0.1520729821869489,0.15117298218694888
2023-02-08 10:00:00-05:00,-0.0009,True,0.23686396393527073,0.23596396393527072
2023-02-08 11:00:00-05:00,-0.0009,True,0.3022748830187946,0.3013748830187946
2023-02-08 12:00:00-05:00,-0.0009,True,0.3208640258626968,0.3199640258626968
2023-02-08 13:00:00-05:00,0.20439652024474186,True,0.12003089889681219,0.32442741914155404
2023-02-08 14:00:00-05:00,0.263384376287296,True,0.023401807566421205,0.2867861838537172
2023-02-08 15:00:00-05:00,0.25227614913309593,True,-0.028571306474251955,0.22370484265884397
2023-02-08 16:00:00-05:00,0.20408765015240532,True,-0.08083607806299918,0.12325157208940614
2023-02-08 17:00:00-05:00,0.14126945296964785,True,-0.11290164460604295,0.028367808363604904
2023-02-08 18:00:00-05:00,-0.0009,True,0.0008999999999999991,-8.673617379884035e-19
2023-02-08 19:00:00-05:00,-0.0009,True,0.0008999999999999991,-8.673617379884035e-19
2023-02-08 20:00:00-05:00,0.03189364531222706,True,-0.0312518789362021,0.0006417663760249631
2023-02-08 21:00:00-05:00,0.03845366514046748,True,-0.03831102748189534,0.00014263765857214228
2023-02-08 22:00:00-05:00,-0.0009,True,0.0008999999999999991,-8.673617379884035e-19
2023-02-08 23:00:00-05:00,-0.0009,True,0.0008999999999999991,-8.673617379884035e-19
2023-02-09 00:00:00-05:00,-0.0009,True,0.000900000000000002,2.0599841277224584e-18
2023-02-09 01:00:00-05:00,-0.0009,True,0.000900000000000002,2.0599841277224584e-18
2023-02-09 02:00:00-05:00,-0.0009,True,0.000900000000000002,2.0599841277224584e-18
2023-02-09 03:00:00-05:00,-0.0009,True,0.000900000000000002,2.0599841277224584e-18
2023-02-09 04:00:00-05:00,-0.0009,True,0.000900000000000002,2.0599841277224584e-18
2023-02-09 05:00:00-05:00,-0.0009,True,0.000900000000000002,2.0599841277224584e-18
2023-02-09 06:00:00-05:00,-0.0009,True,0.000900000000000002,2.0599841277224584e-18
2023-02-09 07:00:00-05:00,-0.0009,True,0.0009136589489264,1.3658948926400074e-05
2023-02-09 08:00:00-05:00,-0.0009,True,0.04387386301655683,0.04297386301655683
2023-02-09 09:00:00-05:00,-0.0009,True,0.12767211417561236,0.12677211417561235
2023-02-09 10:00:00-05:00,-0.0009,True,0.19326353241904556,0.19236353241904555
2023-02-09 11:00:00-05:00,-0.0009,True,0.21208355051191052,0.2111835505119105
2023-02-09 12:00:00-05:00,-0.0009,True,0.21732403999861266,0.21642403999861265
2023-02-09 13:00:00-05:00,0.004819434742997859,True,0.21976105975441718,0.22458049449741505
2023-02-09 14:00:00-05:00,-0.0009,True,0.19322469449486554,0.19232469449486553
2023-02-09 15:00:00-05:00,0.034085250960460056,True,0.10537755183707231,0.13946280279753237
2023-02-09 16:00:00-05:00,0.047677775748054006,True,0.011381214007884766,0.059058989755938776
2023-02-09 17:00:00-05:00,0.10125404294971595,True,-0.08766675646359882,0.013587286486117123
2023-02-09 18:00:00-05:00,0.08521771508006318,True,-0.08566974399158456,-0.00045202891152137936
2023-02-09 19:00:00-05:00,0.05289406780880615,True,-0.05167353007298159,0.0012205377358245617
2023-02-09 20:00:00-05:00,0.05333050317007211,True,-0.05075313557718309,0.0025773675928890197
2023-02-09 21:00:00-05:00,-0.0009,True,0.0008999999999999991,-8.673617379884035e-19
2023-02-09 22:00:00-05:00,-0.0009,True,0.0008999999999999991,-8.673617379884035e-19
2023-02-09 23:00:00-05:00,-0.0009,True,0.0008999999999999991,-8.673617379884035e-19
2023-02-10 00:00:00-05:00,-0.0009,True,0.000900000000000002,2.0599841277224584e-18
2023-02-10 01:00:00-05:00,-0.0009,True,0.000900000000000002,2.0599841277224584e-18
2023-02-10 02:00:00-05:00,-0.0009,True,0.000900000000000002,2.0599841277224584e-18
2023-02-10 03:00:00-05:00,-0.0009,True,0.000900000000000002,2.0599841277224584e-18
2023-02-10 04:00:00-05:00,-0.0009,True,0.000900000000000002,2.0599841277224584e-18
2023-02-10 05:00:00-05:00,-0.0009,True,0.000900000000000002,2.0599841277224584e-18
2023-02-10 06:00:00-05:00,-0.0009,True,0.000900000000000002,2.0599841277224584e-18
2023-02-10 07:00:00-05:00,-0.0009,True,0.00096302267336853,6.302267336853002e-05
2023-02-10 08:00:00-05:00,-0.0009,True,0.05651797333564799,0.05561797333564799
2023-02-10 09:00:00-05:00,-0.0009,True,0.1442224290436737,0.14332242904367368
2023-02-10 10:00:00-05:00,-0.0009,True,0.24889076462211046,0.24799076462211045
2023-02-10 11:00:00-05:00,-0.0009,True,0.3236544916235529,0.3227544916235529
2023-02-10 12:00:00-05:00,-0.0009,True,0.3401385675962594,0.33923856759625937
2023-02-10 13:00:00-05:00,0.2106199196887674,True,0.13171015412709322,0.3423300738158606
2023-02-10 14:00:00-05:00,0.26229019474004756,True,0.04011429021943138,0.3024044849594789
2023-02-10 15:00:00-05:00,0.17628194692457422,True,0.04791379707464787,0.2241957439992221
2023-02-10 16:00:00-05:00,0.16141325836774656,True,-0.031001390751961632,0.13041186761578494
2023-02-10 17:00:00-05:00,0.14280780271155585,True,-0.11162267926656941,0.031185123444986446
2023-02-10 18:00:00-05:00,-0.0009,True,0.0008999999999999991,-8.673617379884035e-19
2023-02-10 19:00:00-05:00,-0.0009,True,0.0008999999999999991,-8.673617379884035e-19
2023-02-10 20:00:00-05:00,-0.0009,True,0.0008999999999999991,-8.673617379884035e-19
2023-02-10 21:00:00-05:00,-0.0009,True,0.0008999999999999991,-8.673617379884035e-19
2023-02-10 22:00:00-05:00,-0.0009,True,0.0008999999999999991,-8.673617379884035e-19
2023-02-10 23:00:00-05:00,-0.0009,True,0.0008999999999999991,-8.673617379884035e-19
2023-02-11 00:00:00-05:00,-0.0009,True,0.000900000000000002,2.0599841277224584e-18
2023-02-11 01:00:00-05:00,-0.0009,True,0.000900000000000002,2.0599841277224584e-18
2023-02-11 02:00:00-05:00,-0.0009,True,0.000900000000000002,2.0599841277224584e-18
2023-02-11 03:00:00-05:00,-0.0009,True,0.000900000000000002,2.0599841277224584e-18
2023-02-11 04:00:00-05:00,-0.0009,True,0.000900000000000002,2.0599841277224584e-18
2023-02-11 05:00:00-05:00,-0.0009,True,0.000900000000000002,2.0599841277224584e-18
2023-02-11 06:00:00-05:00,-0.0009,True,0.000900000000000002,2.0599841277224584e-18
2023-02-11 07:00:00-05:00,-0.0009,True,0.000899999999999999,-9.75781955236954e-19
2023-02-11 08:00:00-05:00,-0.0009,True,0.06199055239817465,0.06109055239817465
2023-02-11 09:00:00-05:00,-0.0009,True,0.163771459977278,0.16287145997727798
2023-02-11 10:00:00-05:00,-0.0009,True,0.2685495844584174,0.2676495844584174
2023-02-11 11:00:00-05:00,-0.0009,True,0.33243073262557743,0.3315307326255774
2023-02-11 12:00:00-05:00,-0.0009,True,0.34919366296640225,0.34829366296640224
2023-02-11 13:00:00-05:00,0.24391248716722932,True,0.11149282585236463,0.35540531301959394
2023-02-11 14:00:00-05:00,0.2854525114413118,True,0.03274303108153278,0.31819554252284454
2023-02-11 15:00:00-05:00,0.2014457448668645,True,0.03948437030061783,0.24093011516748233
2023-02-11 16:00:00-05:00,0.211536544462728,True,-0.08011412198714701,0.13142242247558097
2023-02-11 17:00:00-05:00,0.14179844636646022,True,-0.11036365279735694,0.03143479356910328
2023-02-11 18:00:00-05:00,0.07049939216079577,True,-0.07413343195512534,-0.003634039794329566
2023-02-11 19:00:00-05:00,0.04514979061173396,True,-0.044988802846139604,0.00016098776559435313
2023-02-11 20:00:00-05:00,-0.0009,True,0.0008999999999999991,-8.673617379884035e-19
2023-02-11 21:00:00-05:00,0.04172335647281338,True,-0.04057780532904215,0.0011455511437712326
2023-02-11 22:00:00-05:00,-0.0009,True,0.0008999999999999991,-8.673617379884035e-19
2023-02-11 23:00:00-05:00,-0.0009,True,0.0008999999999999991,-8.673617379884035e-19
2023-02-12 00:00:00-05:00,-0.0009,True,0.000900000000000002,2.0599841277224584e-18
2023-02-12 01:00:00-05:00,-0.0009,True,0.000900000000000002,2.0599841277224584e-18
2023-02-12 02:00:00-05:00,-0.0009,True,0.000900000000000002,2.0599841277224584e-18
2023-02-12 03:00:00-05:00,-0.0009,True,0.000900000000000002,2.0599841277224584e-18
2023-02-12 04:00:00-05:00,-0.0009,True,0.000900000000000002,2.0599841277224584e-18
2023-02-12 05:00:00-05:00,-0.0009,True,0.000900000000000002,2.0599841277224584e-18
2023-02-12 06:00:00-05:00,-0.0009,True,0.000900000000000002,2.0599841277224584e-18
2023-02-12 07:00:00-05:00,-0.0009,True,0.0009218962234674628,2.1896223467462832e-05
2023-02-12 08:00:00-05:00,-0.0009,True,0.03911524909483204,0.038215249094832045
2023-02-12 09:00:00-05:00,-0.0009,True,0.08524237270007083,0.08434237270007083
2023-02-12 10:00:00-05:00,-0.0009,True,0.11303006333613942,0.11213006333613942
2023-02-12 11:00:00-05:00,-0.0009,True,0.08006969443074617,0.07916969443074617
2023-02-12 12:00:00-05:00,-0.0009,True,0.09042828169388967,0.08952828169388967
2023-02-12 13:00:00-05:00,-0.0009,True,0.08515097781100657,0.08425097781100657
2023-02-12 14:00:00-05:00,-0.0009,True,0.07232275387354925,0.07142275387354925
2023-02-12 15:00:00-05:00,0.03526634196608882,True,0.0581921753195817,0.09345851728567052
2023-02-12 16:00:00-05:00,0.015454212514532016,True,0.014909204535077776,0.030363417049609792
2023-02-12 17:00:00-05:00,0.007422070552303874,True,-0.0024304858385240384,0.004991584713779836
2023-02-12 18:00:00-05:00,0.03741432058501386,True,-0.03468578014913122,0.002728540435882637
2023-02-12 19:00:00-05:00,0.005711028200210068,True,-0.004977467257545695,0.0007335609426643731
2023-02-12 20:00:00-05:00,0.02666978418964384,True,-0.02359829843628752,0.0030714857533563206
2023-02-12 21:00:00-05:00,-0.0009,True,0.0008999999999999991,-8.673617379884035e-19
2023-02-12 22:00:00-05:00,-0.0009,True,0.0008999999999999991,-8.673617379884035e-19
2023-02-12 23:00:00-05:00,-0.0009,True,0.0008999999999999991,-8.673617379884035e-19
2023-02-13 00:00:00-05:00,-0.0009,True,0.0009224229608066275,2.2422960806627533e-05
2023-02-13 01:00:00-05:00,-0.0009,True,0.0009000000000000019,1.951563910473908e-18
2023-02-13 02:00:00-05:00,-0.0009,True,0.0009000000000000019,1.951563910473908e-18
2023-02-13 03:00:00-05:00,-0.0009,True,0.0009000000000000019,1.951563910473908e-18
2023-02-13 04:00:00-05:00,-0.0009,True,0.0009000000000000019,1.951563910473908e-18
2023-02-13 05:00:00-05:00,-0.0009,True,0.0009000000000000019,1.951563910473908e-18
2023-02-13 06:00:00-05:00,-0.0009,True,0.000900000000000002,2.0599841277224584e-18
2023-02-13 07:00:00-05:00,-0.0009,True,0.0009028875516899466,2.887551689946576e-06
2023-02-13 08:00:00-05:00,-0.0009,True,0.0714466879670241,0.0705466879670241
2023-02-13 09:00:00-05:00,-0.0009,True,0.17084920676473636,0.16994920676473635
2023-02-13 10:00:00-05:00,-0.0009,True,0.26047245582384193,0.2595724558238419
2023-02-13 11:00:00-05:00,-0.0009,True,0.34437068519747727,0.34347068519747725
2023-02-13 12:00:00-05:00,-0.0009,True,0.36706770523984844,0.36616770523984843
2023-02-13 13:00:00-05:00,0.23784617447951406,True,0.12473100501652576,0.36257717949603985
2023-02-13 14:00:00-05:00,0.2789292577438114,True,0.04205605676842759,0.320985314512239
2023-02-13 15:00:00-05:00,0.2587626036546432,True,-0.010146560231813621,0.24861604342282959
2023-02-13 16:00:00-05:00,0.1767711766431408,True,-0.03391031565458797,0.14286086098855283
2023-02-13 17:00:00-05:00,0.17426530516871577,True,-0.1415902509122722,0.03267505425644357
2023-02-13 18:00:00-05:00,0.09804798236680504,True,-0.09782225745082444,0.00022572491598059352
2023-02-13 19:00:00-05:00,0.023696580620081495,True,-0.023957081963338164,-0.0002605013432566694
2023-02-13 20:00:00-05:00,0.021570255526401596,True,-0.020981226273842545,0.0005890292525590514
2023-02-13 21:00:00-05:00,-0.0009,True,0.0008999999999999991,-8.673617379884035e-19
2023-02-13 22:00:00-05:00,0.0063345026829882915,True,-0.006117359234621605,0.00021714344836668616
2023-02-13 23:00:00-05:00,-0.0009,True,0.0008999999999999991,-8.673617379884035e-19
2023-02-14 00:00:00-05:00,-0.0009,True,0.000900000000000002,2.0599841277224584e-18
2023-02-14 01:00:00-05:00,-0.0009,True,0.000900000000000002,2.0599841277224584e-18
2023-02-14 02:00:00-05:00,-0.0009,True,0.000900000000000002,2.0599841277224584e-18
2023-02-14 03:00:00-05:00,-0.0009,True,0.000900000000000002,2.0599841277224584e-18
2023-02-14 04:00:00-05:00,-0.0009,True,0.000900000000000002,2.0599841277224584e-18
2023-02-14 05:00:00-05:00,-0.0009,True,0.000900000000000002,2.0599841277224584e-18
2023-02-14 06:00:00-05:00,-0.0009,True,0.000900000000000002,2.0599841277224584e-18
2023-02-14 07:00:00-05:00,-0.0009,True,0.0009030021216425066,3.0021216425066104e-06
2023-02-14 08:00:00-05:00,-0.0009,True,0.06794538455729168,0.06704538455729168
2023-02-14 09:00:00-05:00,-0.0009,True,0.1630586441170006,0.1621586441170006
2023-02-14 10:00:00-05:00,-0.0009,True,0.2483506425713043,0.24745064257130428
2023-02-14 11:00:00-05:00,-0.0009,True,0.3110577569369969,0.3101577569369969
2023-02-14 12:00:00-05:00,-0.0009,True,0.3253884006568637,0.3244884006568637
2023-02-14 13:00:00-05:00,0.2468681969951621,True,0.10862268522240502,0.35549088221756714
2023-02-14 14:00:00-05:00,0.27782893080510407,True,0.025013363541987625,0.3028422943470917
2023-02-14 15:00:00-05:00,0.2592191922117506,True,-0.027245904825670776,0.23197328738607984
2023-02-14 16:00:00-05:00,0.18628710343145133,True,-0.045503461352275745,0.1407836420791756
2023-02-14 17:00:00-05:00,0.16989779346137482,True,-0.14022130840255145,0.029676485058823365
2023-02-14 18:00:00-05:00,-0.0009,True,0.0008411488044177247,-5.8851195582275266e-05
2023-02-14 19:00:00-05:00,0.030428099751897322,True,-0.029348074693052548,0.0010800250588447746
2023-02-14 20:00:00-05:00,-0.0009,True,0.0008999999999999991,-8.673617379884035e-19
2023-02-14 21:00:00-05:00,-0.0009,True,0.0008999999999999991,-8.673617379884035e-19
2023-02-14 22:00:00-05:00,0.010431712630125713,True,-0.010148448624993004,0.0002832640051327086
2023-02-14 23:00:00-05:00,-0.0009,True,0.0008999999999999991,-8.673617379884035e-19
2023-02-15 00:00:00-05:00,-0.0009,True,0.000900000000000002,2.0599841277224584e-18
2023-02-15 01:00:00-05:00,-0.0009,True,0.000900000000000002,2.0599841277224584e-18
2023-02-15 02:00:00-05:00,-0.0009,True,0.000900000000000002,2.0599841277224584e-18
2023-02-15 03:00:00-05:00,-0.0009,True,0.000900000000000002,2.0599841277224584e-18
2023-02-15 04:00:00-05:00,-0.0009,True,0.000900000000000002,2.0599841277224584e-18
2023-02-15 05:00:00-05:00,-0.0009,True,0.000900000000000002,2.0599841277224584e-18
2023-02-15 06:00:00-05:00,-0.0009,True,0.000900000000000002,2.0599841277224584e-18
2023-02-15 07:00:00-05:00,-0.0009,True,0.0009291859861160473,2.9185986116047366e-05
2023-02-15 08:00:00-05:00,-0.0009,True,0.06281915181720045,0.06191915181720045
2023-02-15 09:00:00-05:00,-0.0009,True,0.1622778171876691,0.16137781718766908
2023-02-15 10:00:00-05:00,-0.0009,True,0.26158929492587046,0.26068929492587045
2023-02-15 11:00:00-05:00,-0.0009,True,0.30171971226477384,0.30081971226477383
2023-02-15 12:00:00-05:00,-0.0009,True,0.30503203889775404,0.30413203889775403
2023-02-15 13:00:00-05:00,0.013064689424699582,True,0.2994697815362712,0.31253447096097076
2023-02-15 14:00:00-05:00,0.039503303615862725,True,0.21366756804487164,0.2531708716607344
2023-02-15 15:00:00-05:00,0.056571133227190214,True,0.14278391481067318,0.19935504803786339
2023-02-15 16:00:00-05:00,0.17175637407055466,True,-0.04880946646749118,0.12294690760306348
2023-02-15 17:00:00-05:00,0.13725299325605086,True,-0.10176500548307428,0.035487987772976584
2023-02-15 18:00:00-05:00,0.004985119558227443,True,-0.00556223822311153,-0.0005771186648840868
2023-02-15 19:00:00-05:00,0.07022965192900431,True,-0.07131943049914946,-0.001089778570145153
2023-02-15 20:00:00-05:00,-0.0009,True,0.0008999999999999991,-8.673617379884035e-19
2023-02-15 21:00:00-05:00,-0.0009,True,0.0008999999999999991,-8.673617379884035e-19
2023-02-15 22:00:00-05:00,0.006857376024151945,True,-0.006075697600995241,0.0007816784231567042
2023-02-15 23:00:00-05:00,-0.0009,True,0.0008999999999999991,-8.673617379884035e-19
2023-02-16 00:00:00-05:00,-0.0009,True,0.000900000000000002,2.0599841277224584e-18
2023-02-16 01:00:00-05:00,-0.0009,True,0.000900000000000002,2.0599841277224584e-18
2023-02-16 02:00:00-05:00,-0.0009,True,0.000900000000000002,2.0599841277224584e-18
2023-02-16 03:00:00-05:00,-0.0009,True,0.000900000000000002,2.0599841277224584e-18
2023-02-16 04:00:00-05:00,-0.0009,True,0.000900000000000002,2.0599841277224584e-18
2023-02-16 05:00:00-05:00,-0.0009,True,0.000900000000000002,2.0599841277224584e-18
2023-02-16 06:00:00-05:00,-0.0009,True,0.000900000000000002,2.0599841277224584e-18
2023-02-16 07:00:00-05:00,-0.0009,True,0.0009827435140574833,8.274351405748335e-05
2023-02-16 08:00:00-05:00,-0.0009,True,0.046322050340058825,0.04542205034005883
2023-02-16 09:00:00-05:00,-0.0009,True,0.10501794790270415,0.10411794790270415
2023-02-16 10:00:00-05:00,-0.0009,True,0.13507069029311053,0.13417069029311052
2023-02-16 11:00:00-05:00,-0.0009,True,0.1567272592126363,0.1558272592126363
2023-02-16 12:00:00-05:00,-0.0009,True,0.13128487250573545,0.13038487250573544
2023-02-16 13:00:00-05:00,0.019732018824225955,True,0.11570902544946797,0.1354410442736939
2023-02-16 14:00:00-05:00,0.0236958774788039,True,0.10816385516698078,0.13185973264578468
2023-02-16 15:00:00-05:00,0.014423469400234512,True,0.07503495169489276,0.08945842109512726
2023-02-16 16:00:00-05:00,0.025780403697746625,True,0.022829587240590442,0.048609990938337067
2023-02-16 17:00:00-05:00,0.03328295395717955,True,-0.0213231566993097,0.011959797257869848
2023-02-16 18:00:00-05:00,-0.0009,True,0.0008999999999999991,-8.673617379884035e-19
2023-02-16 19:00:00-05:00,-0.0009,True,0.0008999999999999991,-8.673617379884035e-19
2023-02-16 20:00:00-05:00,-0.0009,True,0.0008999999999999991,-8.673617379884035e-19
2023-02-16 21:00:00-05:00,-0.0009,True,0.0008999999999999991,-8.673617379884035e-19
2023-02-16 22:00:00-05:00,-0.0009,True,0.0008999999999999991,-8.673617379884035e-19
2023-02-16 23:00:00-05:00,-0.0009,True,0.0008999999999999991,-8.673617379884035e-19
2023-02-17 00:00:00-05:00,-0.0009,True,0.000900000000000002,2.0599841277224584e-18
2023-02-17 01:00:00-05:00,-0.0009,True,0.000900000000000002,2.0599841277224584e-18
2023-02-17 02:00:00-05:00,-0.0009,True,0.000900000000000002,2.0599841277224584e-18
2023-02-17 03:00:00-05:00,-0.0009,True,0.000900000000000002,2.0599841277224584e-18
2023-02-17 04:00:00-05:00,-0.0009,True,0.000900000000000002,2.0599841277224584e-18
2023-02-17 05:00:00-05:00,-0.0009,True,0.000900000000000002,2.0599841277224584e-18
2023-02-17 06:00:00-05:00,-0.0009,True,0.000900000000000002,2.0599841277224584e-18
2023-02-17 07:00:00-05:00,-0.0009,True,0.001008545056712455,0.00010854505671245508
2023-02-17 08:00:00-05:00,-0.0009,True,0.041365847684135953,0.040465847684135955
2023-02-17 09:00:00-05:00,-0.0009,True,0.06876339238008097,0.06786339238008098
2023-02-17 10:00:00-05:00,-0.0009,True,0.05755390066599298,0.05665390066599298
2023-02-17 11:00:00-05:00,-0.0009,True,0.05405072638458209,0.05315072638458209
2023-02-17 12:00:00-05:00,-0.0009,True,0.057045862504578056,0.05614586250457806
2023-02-17 13:00:00-05:00,-0.0009,True,0.057933867025498305,0.05703386702549831
2023-02-17 14:00:00-05:00,-0.0009,True,0.06345848219812865,0.06255848219812865
2023-02-17 15:00:00-05:00,0.02943312257961777,True,0.04531046173469514,0.07474358431431291
2023-02-17 16:00:00-05:00,-0.0009,True,0.024158102999199235,0.023258102999199233
2023-02-17 17:00:00-05:00,-0.0009,True,0.004421641159549074,0.0035216411595490743
2023-02-17 18:00:00-05:00,0.024080126263394938,True,-0.02354268949282844,0.0005374367705664983
2023-02-17 19:00:00-05:00,-0.0009,True,0.0008999999999999991,-8.673617379884035e-19
2023-02-17 20:00:00-05:00,-0.0009,True,0.0008999999999999991,-8.673617379884035e-19
2023-02-17 21:00:00-05:00,0.053259383624388985,True,-0.05282346912428805,0.0004359145001009354
2023-02-17 22:00:00-05:00,-0.0009,True,0.0008999999999999991,-8.673617379884035e-19
2023-02-17 23:00:00-05:00,-0.0009,True,0.0008999999999999991,-8.673617379884035e-19
2023-02-18 00:00:00-05:00,-0.0009,True,0.000900000000000002,2.0599841277224584e-18
2023-02-18 01:00:00-05:00,-0.0009,True,0.000900000000000002,2.0599841277224584e-18
2023-02-18 02:00:00-05:00,-0.0009,True,0.000900000000000002,2.0599841277224584e-18
2023-02-18 03:00:00-05:00,-0.0009,True,0.000900000000000002,2.0599841277224584e-18
2023-02-18 04:00:00-05:00,-0.0009,True,0.000900000000000002,2.0599841277224584e-18
2023-02-18 05:00:00-05:00,-0.0009,True,0.000900000000000002,2.0599841277224584e-18
2023-02-18 06:00:00-05:00,-0.0009,True,0.000900000000000002,2.0599841277224584e-18
2023-02-18 07:00:00-05:00,-0.0009,True,0.0013884524630304077,0.0004884524630304077
2023-02-18 08:00:00-05:00,-0.0009,True,0.07536608565757971,0.07446608565757971
2023-02-18 09:00:00-05:00,-0.0009,True,0.18044065962829386,0.17954065962829385
2023-02-18 10:00:00-05:00,-0.0009,True,0.26843131582632807,0.26753131582632805
2023-02-18 11:00:00-05:00,-0.0009,True,0.33380824170817747,0.33290824170817745
2023-02-18 12:00:00-05:00,-0.0009,True,0.3545971003794537,0.3536971003794537
2023-02-18 13:00:00-05:00,0.2729978096865706,True,0.10859872061276056,0.38159653029933116
2023-02-18 14:00:00-05:00,0.30359847013243546,True,0.013532772929805504,0.31713124306224094
2023-02-18 15:00:00-05:00,0.2823686585060841,True,-0.02648577194430143,0.2558828865617827
2023-02-18 16:00:00-05:00,0.22422081719458947,True,-0.11836341116536046,0.10585740602922901
2023-02-18 17:00:00-05:00,0.14703178421811963,True,-0.11014218061355104,0.0368896036045686
2023-02-18 18:00:00-05:00,0.013750513205732975,True,-0.014711474197257619,-0.0009609609915246439
2023-02-18 19:00:00-05:00,-0.0009,True,0.0008999999999999991,-8.673617379884035e-19
2023-02-18 20:00:00-05:00,-0.0009,True,0.0008999999999999991,-8.673617379884035e-19
2023-02-18 21:00:00-05:00,-0.0009,True,0.0008999999999999991,-8.673617379884035e-19
2023-02-18 22:00:00-05:00,-0.0009,True,0.0008999999999999991,-8.673617379884035e-19
2023-02-18 23:00:00-05:00,-0.0009,True,0.0008999999999999991,-8.673617379884035e-19
2023-02-19 00:00:00-05:00,-0.0009,True,0.0009000000000000018,1.8431436932253575e-18
2023-02-19 01:00:00-05:00,-0.0009,True,0.0009106269490595277,1.0626949059527706e-05
2023-02-19 02:00:00-05:00,-0.0009,True,0.0009000000000000018,1.8431436932253575e-18
2023-02-19 03:00:00-05:00,-0.0009,True,0.0009000000000000018,1.8431436932253575e-18
2023-02-19 04:00:00-05:00,-0.0009,True,0.0009000000000000018,1.8431436932253575e-18
2023-02-19 05:00:00-05:00,-0.0009,True,0.0009106269490595277,1.0626949059527706e-05
2023-02-19 06:00:00-05:00,-0.0009,True,0.0009106269490595277,1.0626949059527706e-05
2023-02-19 07:00:00-05:00,-0.0009,True,0.0016335433225653734,0.0007335433225653734
2023-02-19 08:00:00-05:00,-0.0009,True,0.0741206421123218,0.07322064211232181
2023-02-19 09:00:00-05:00,-0.0009,True,0.20252717461336592,0.2016271746133659
2023-02-19 10:00:00-05:00,-0.0009,True,0.3105318702493388,0.3096318702493388
2023-02-19 11:00:00-05:00,-0.0009,True,0.36081279829872315,0.35991279829872314
2023-02-19 12:00:00-05:00,-0.0009,True,0.35837540465516876,0.35747540465516875
2023-02-19 13:00:00-05:00,0.2404866206045083,True,0.17269714013020113,0.4131837607347094
2023-02-19 14:00:00-05:00,0.12535219735055042,True,0.19651687150221342,0.32186906885276384
2023-02-19 15:00:00-05:00,0.1663305762567141,True,0.08494087547215455,0.25127145172886867
2023-02-19 16:00:00-05:00,0.20431435684902974,True,-0.04127808532730186,0.1630362715217279
2023-02-19 17:00:00-05:00,0.14438640636624114,True,-0.10045335754241397,0.043933048823827175
2023-02-19 18:00:00-05:00,0.12303095646668315,True,-0.11097263444944876,0.01205832201723439
2023-02-19 19:00:00-05:00,-0.0009,True,0.0008999999999999991,-8.673617379884035e-19
2023-02-19 20:00:00-05:00,0.03518858115013589,True,-0.03498150149281665,0.00020707965731924655
2023-02-19 21:00:00-05:00,-0.0009,True,0.0008999999999999991,-8.673617379884035e-19
2023-02-19 22:00:00-05:00,0.014736214870684848,True,-0.014493477294931889,0.000242737575752959
2023-02-19 23:00:00-05:00,-0.0009,True,0.0008999999999999991,-8.673617379884035e-19
2023-02-20 00:00:00-05:00,-0.0009,True,0.000900000000000002,2.0599841277224584e-18
2023-02-20 01:00:00-05:00,-0.0009,True,0.000900000000000002,2.0599841277224584e-18
2023-02-20 02:00:00-05:00,-0.0009,True,0.000900000000000002,2.0599841277224584e-18
2023-02-20 03:00:00-05:00,-0.0009,True,0.000900000000000002,2.0599841277224584e-18
2023-02-20 04:00:00-05:00,-0.0009,True,0.000900000000000002,2.0599841277224584e-18
2023-02-20 05:00:00-05:00,-0.0009,True,0.000900000000000002,2.0599841277224584e-18
2023-02-20 06:00:00-05:00,-0.0009,True,0.000900000000000002,2.0599841277224584e-18
2023-02-20 07:00:00-05:00,-0.0009,True,0.001563549140769574,0.000663549140769574
2023-02-20 08:00:00-05:00,-0.0009,True,0.0694078035014759,0.06850780350147591
2023-02-20 09:00:00-05:00,-0.0009,True,0.14801459052275104,0.14711459052275103
2023-02-20 10:00:00-05:00,-0.0009,True,0.2234204178019654,0.22252041780196538
2023-02-20 11:00:00-05:00,-0.0009,True,0.2553860881703154,0.25448608817031537
2023-02-20 12:00:00-05:00,-0.0009,True,0.27157734499014885,0.27067734499014884
2023-02-20 13:00:00-05:00,-0.0009,True,0.2839238464066604,0.2830238464066604
2023-02-20 14:00:00-05:00,0.03618169220286472,True,0.1913838919504335,0.22756558415329822
2023-02-20 15:00:00-05:00,0.057702308965663536,True,0.12987814795966307,0.1875804569253266
2023-02-20 16:00:00-05:00,0.15718706448252087,True,-0.03289684783543602,0.12429021664708485
2023-02-20 17:00:00-05:00,0.1278789837009924,True,-0.0967720553913975,0.03110692830959491
2023-02-20 18:00:00-05:00,0.09250867990339781,True,-0.09062370752464169,0.0018849723787561223
2023-02-20 19:00:00-05:00,0.0406806636212869,True,-0.04091881017734697,-0.00023814655606006763
2023-02-20 20:00:00-05:00,-0.0009,True,0.0008999999999999991,-8.673617379884035e-19
2023-02-20 21:00:00-05:00,0.04478986074714797,True,-0.0444847821195295,0.0003050786276184714
2023-02-20 22:00:00-05:00,0.006905995383242879,True,-0.005971695631835572,0.0009342997514073074
2023-02-20 23:00:00-05:00,-0.0009,True,0.0008999999999999991,-8.673617379884035e-19
2023-02-21 00:00:00-05:00,-0.0009,True,0.000900000000000002,2.0599841277224584e-18
2023-02-21 01:00:00-05:00,-0.0009,True,0.000900000000000002,2.0599841277224584e-18
2023-02-21 02:00:00-05:00,-0.0009,True,0.000900000000000002,2.0599841277224584e-18
2023-02-21 03:00:00-05:00,-0.0009,True,0.000900000000000002,2.0599841277224584e-18
2023-02-21 04:00:00-05:00,-0.0009,True,0.000900000000000002,2.0599841277224584e-18
2023-02-21 05:00:00-05:00,-0.0009,True,0.000900000000000002,2.0599841277224584e-18
2023-02-21 06:00:00-05:00,-0.0009,True,0.000900000000000002,2.0599841277224584e-18
2023-02-21 07:00:00-05:00,-0.0009,True,0.0019787856635368724,0.0010787856635368724
2023-02-21 08:00:00-05:00,-0.0009,True,0.076548272712098,0.07564827271209801
2023-02-21 09:00:00-05:00,-0.0009,True,0.1550682751170746,0.1541682751170746
2023-02-21 10:00:00-05:00,-0.0009,True,0.2569306987085207,0.2560306987085207
2023-02-21 11:00:00-05:00,-0.0009,True,0.30110053402088155,0.30020053402088154
2023-02-21 12:00:00-05:00,0.017766415108929488,True,0.297385173495152,0.3151515886040815
2023-02-21 13:00:00-05:00,0.19995024211773982,True,0.1656898667494521,0.3656401088671919
2023-02-21 14:00:00-05:00,0.14572888744355195,True,0.1451567847182968,0.29088567216184874
2023-02-21 15:00:00-05:00,0.2550581485361597,True,-0.007719154003678175,0.24733899453248154
2023-02-21 16:00:00-05:00,0.21071843830951442,True,-0.07510827253475079,0.13561016577476365
2023-02-21 17:00:00-05:00,0.12197430172663727,True,-0.08626104437616897,0.035713257350468305
2023-02-21 18:00:00-05:00,0.07528874373283875,True,-0.07451706697562376,0.000771676757214998
2023-02-21 19:00:00-05:00,-0.0009,True,0.0008999999999999991,-8.673617379884035e-19
2023-02-21 20:00:00-05:00,0.0743738797942648,True,-0.07440573553991045,-3.185574564565363e-05
2023-02-21 21:00:00-05:00,0.01365975777142798,True,-0.015357656755704541,-0.001697898984276561
2023-02-21 22:00:00-05:00,-0.0009,True,0.0008999999999999991,-8.673617379884035e-19
2023-02-21 23:00:00-05:00,-0.0009,True,0.0008999999999999991,-8.673617379884035e-19
2023-02-22 00:00:00-05:00,-0.0009,True,0.000900000000000002,2.0599841277224584e-18
2023-02-22 01:00:00-05:00,-0.0009,True,0.000900000000000002,2.0599841277224584e-18
2023-02-22 02:00:00-05:00,-0.0009,True,0.000900000000000002,2.0599841277224584e-18
2023-02-22 03:00:00-05:00,-0.0009,True,0.000900000000000002,2.0599841277224584e-18
2023-02-22 04:00:00-05:00,-0.0009,True,0.000900000000000002,2.0599841277224584e-18
2023-02-22 05:00:00-05:00,-0.0009,True,0.000900000000000002,2.0599841277224584e-18
2023-02-22 06:00:00-05:00,-0.0009,True,0.0009000000000000019,1.951563910473908e-18
2023-02-22 07:00:00-05:00,-0.0009,True,0.0014710507761147833,0.0005710507761147834
2023-02-22 08:00:00-05:00,-0.0009,True,0.048603972862013255,0.04770397286201326
2023-02-22 09:00:00-05:00,-0.0009,True,0.08550625246900681,0.08460625246900681
2023-02-22 10:00:00-05:00,-0.0009,True,0.11362279596236644,0.11272279596236644
2023-02-22 11:00:00-05:00,-0.0009,True,0.12112560804270892,0.12022560804270892
2023-02-22 12:00:00-05:00,-0.0009,True,0.13134245645350137,0.13044245645350136
2023-02-22 13:00:00-05:00,0.03994987367567934,True,0.12210042559104904,0.16205029926672837
2023-02-22 14:00:00-05:00,-0.0009,True,0.13138380769009902,0.130483807690099
2023-02-22 15:00:00-05:00,-0.0009,True,0.09786313057507255,0.09696313057507255
2023-02-22 16:00:00-05:00,0.03033903882305461,True,0.020954849637314244,0.05129388846036885
2023-02-22 17:00:00-05:00,0.023430951610986597,True,-0.01056298245302476,0.012867969157961836
2023-02-22 18:00:00-05:00,0.09807901498148619,True,-0.09370273767727538,0.004376277304210807
2023-02-22 19:00:00-05:00,0.02154409757384649,True,-0.018626799792435506,0.0029172977814109838
2023-02-22 20:00:00-05:00,0.0197638592101723,True,-0.017956976051041892,0.001806883159130409
2023-02-22 21:00:00-05:00,0.014598978233860176,True,-0.014044151357538701,0.000554826876321475
2023-02-22 22:00:00-05:00,-0.0009,True,0.0008999999999999991,-8.673617379884035e-19
2023-02-22 23:00:00-05:00,-0.0009,True,0.0008999999999999991,-8.673617379884035e-19
2023-02-23 00:00:00-05:00,-0.0009,True,0.000900000000000002,2.0599841277224584e-18
2023-02-23 01:00:00-05:00,-0.0009,True,0.000900000000000002,2.0599841277224584e-18
2023-02-23 02:00:00-05:00,-0.0009,True,0.000900000000000002,2.0599841277224584e-18
2023-02-23 03:00:00-05:00,-0.0009,True,0.000900000000000002,2.0599841277224584e-18
2023-02-23 04:00:00-05:00,-0.0009,True,0.000900000000000002,2.0599841277224584e-18
2023-02-23 05:00:00-05:00,-0.0009,True,0.000900000000000002,2.0599841277224584e-18
2023-02-23 06:00:00-05:00,-0.0009,True,0.000900000000000002,2.0599841277224584e-18
2023-02-23 07:00:00-05:00,-0.0009,True,0.0013538647306757618,0.00045386473067576187
2023-02-23 08:00:00-05:00,-0.0009,True,0.06299797870008121,0.06209797870008121
2023-02-23 09:00:00-05:00,-0.0009,True,0.137471863571956,0.136571863571956
2023-02-23 10:00:00-05:00,-0.0009,True,0.18136885673375633,0.18046885673375632
2023-02-23 11:00:00-05:00,-0.0009,True,0.1980098615216082,0.1971098615216082
2023-02-23 12:00:00-05:00,-0.0009,True,0.2393271136258138,0.23842711362581379
2023-02-23 13:00:00-05:00,-0.0009,True,0.22072916598930908,0.21982916598930907
2023-02-23 14:00:00-05:00,0.03623977526148011,True,0.1595275355537984,0.1957673108152785
2023-02-23 15:00:00-05:00,0.017625424647932448,True,0.0990134430703744,0.11663886771830684
2023-02-23 16:00:00-05:00,0.20145406217256193,True,-0.07041198960370829,0.13104207256885364
2023-02-23 17:00:00-05:00,0.1319987748066808,True,-0.10441321910212668,0.027585555704554107
2023-02-23 18:00:00-05:00,0.02625229134579307,True,-0.024949936943184935,0.001302354402608133
2023-02-23 19:00:00-05:00,-0.0009,True,0.0008999999999999991,-8.673617379884035e-19
2023-02-23 20:00:00-05:00,-0.0009,True,0.0008999999999999991,-8.673617379884035e-19
2023-02-23 21:00:00-05:00,-0.0009,True,0.0008999999999999991,-8.673617379884035e-19
2023-02-23 22:00:00-05:00,-0.0009,True,0.0008999999999999991,-8.673617379884035e-19
2023-02-23 23:00:00-05:00,-0.0009,True,0.0008999999999999991,-8.673617379884035e-19
2023-02-24 00:00:00-05:00,-0.0009,True,0.000900000000000002,2.0599841277224584e-18
2023-02-24 01:00:00-05:00,-0.0009,True,0.000900000000000002,2.0599841277224584e-18
2023-02-24 02:00:00-05:00,-0.0009,True,0.000900000000000002,2.0599841277224584e-18
2023-02-24 03:00:00-05:00,-0.0009,True,0.000900000000000002,2.0599841277224584e-18
2023-02-24 04:00:00-05:00,-0.0009,True,0.000900000000000002,2.0599841277224584e-18
2023-02-24 05:00:00-05:00,-0.0009,True,0.000900000000000002,2.0599841277224584e-18
2023-02-24 06:00:00-05:00,-0.0009,True,0.000900000000000002,2.0599841277224584e-18
2023-02-24 07:00:00-05:00,-0.0009,True,0.0014093487047152967,0.0005093487047152967
2023-02-24 08:00:00-05:00,-0.0009,True,0.059305319238965995,0.058405319238966
2023-02-24 09:00:00-05:00,-0.0009,True,0.12715140818703574,0.12625140818703573
2023-02-24 10:00:00-05:00,-0.0009,True,0.1625597584940091,0.1616597584940091
2023-02-24 11:00:00-05:00,-0.0009,True,0.14233142742890378,0.14143142742890377
2023-02-24 12:00:00-05:00,0.08643230610376743,True,0.1546556587966967,0.24108796490046414
2023-02-24 13:00:00-05:00,0.2598015565927211,True,0.10615877763844467,0.36596033423116575
2023-02-24 14:00:00-05:00,0.298088388766087,True,0.017841156923656187,0.3159295456897432
2023-02-24 15:00:00-05:00,0.28134362270124313,True,-0.015313293163614681,0.26603032953762845
2023-02-24 16:00:00-05:00,0.22887139808104168,True,-0.17016066055713494,0.058710737523906736
2023-02-24 17:00:00-05:00,0.15054198064912297,True,-0.12663355600293863,0.02390842464618434
2023-02-24 18:00:00-05:00,0.03543399100472175,True,-0.03217219407328116,0.0032617969314405887
2023-02-24 19:00:00-05:00,0.04126764620160283,True,-0.03788395748693613,0.0033836887146666966
2023-02-24 20:00:00-05:00,0.06910374596475166,True,-0.06763360486574246,0.0014701410990091979
2023-02-24 21:00:00-05:00,0.028111203692937358,True,-0.027968096246370856,0.00014310744656650248
2023-02-24 22:00:00-05:00,-0.0009,True,0.0008999999999999991,-8.673617379884035e-19
2023-02-24 23:00:00-05:00,-0.0009,True,0.0008999999999999991,-8.673617379884035e-19
2023-02-25 00:00:00-05:00,-0.0009,True,0.0009000000000000018,1.8431436932253575e-18
2023-02-25 01:00:00-05:00,-0.0009,True,0.0009000000000000018,1.8431436932253575e-18
2023-02-25 02:00:00-05:00,-0.0009,True,0.0009000000000000018,1.8431436932253575e-18
2023-02-25 03:00:00-05:00,-0.0009,True,0.0009106269490595276,1.0626949059527597e-05
2023-02-25 04:00:00-05:00,-0.0009,True,0.0009106269490595276,1.0626949059527597e-05
2023-02-25 05:00:00-05:00,-0.0009,True,0.0009106269490595277,1.0626949059527706e-05
2023-02-25 06:00:00-05:00,-0.0009,True,0.0009106269490595277,1.0626949059527706e-05
2023-02-25 07:00:00-05:00,-0.0009,True,0.0016082506781684915,0.0007082506781684915
2023-02-25 08:00:00-05:00,-0.0009,True,0.05593975766281974,0.055039757662819745
2023-02-25 09:00:00-05:00,-0.0009,True,0.16075934648042073,0.15985934648042072
2023-02-25 10:00:00-05:00,-0.0009,True,0.24488319425813543,0.24398319425813542
2023-02-25 11:00:00-05:00,-0.0009,True,0.28486379693161906,0.28396379693161905
2023-02-25 12:00:00-05:00,0.06999626991208636,True,0.27878946851210207,0.3487857384241884
2023-02-25 13:00:00-05:00,0.055714964946347874,True,0.21110647400009913,0.266821438946447
2023-02-25 14:00:00-05:00,0.29264421840263294,True,0.01329350693519057,0.3059377253378235
2023-02-25 15:00:00-05:00,0.1091986885449977,True,0.09016749142146926,0.19936617996646697
2023-02-25 16:00:00-05:00,-0.0009,True,0.028074031876564386,0.027174031876564385
2023-02-25 17:00:00-05:00,-0.0009,True,0.0015991277096609193,0.0006991277096609193
2023-02-25 18:00:00-05:00,-0.0009,True,0.0008999999999999991,-8.673617379884035e-19
2023-02-25 19:00:00-05:00,0.01852317055526901,True,-0.018724319773811594,-0.0002011492185425845
2023-02-25 20:00:00-05:00,-0.0009,True,0.0008999999999999991,-8.673617379884035e-19
2023-02-25 21:00:00-05:00,0.024351835545738026,True,-0.022946720831942026,0.0014051147137960004
2023-02-25 22:00:00-05:00,0.013498747323143713,True,-0.012986821830382349,0.0005119254927613646
2023-02-25 23:00:00-05:00,-0.0009,True,0.0008999999999999991,-8.673617379884035e-19
2023-02-26 00:00:00-05:00,-0.0009,True,0.000900000000000002,2.0599841277224584e-18
2023-02-26 01:00:00-05:00,-0.0009,True,0.000900000000000002,2.0599841277224584e-18
2023-02-26 02:00:00-05:00,-0.0009,True,0.000900000000000002,2.0599841277224584e-18
2023-02-26 03:00:00-05:00,-0.0009,True,0.000900000000000002,2.0599841277224584e-18
2023-02-26 04:00:00-05:00,-0.0009,True,0.000900000000000002,2.0599841277224584e-18
2023-02-26 05:00:00-05:00,-0.0009,True,0.000900000000000002,2.0599841277224584e-18
2023-02-26 06:00:00-05:00,-0.0009,True,0.000900000000000002,2.0599841277224584e-18
2023-02-26 07:00:00-05:00,-0.0009,True,0.0013404967896799192,0.0004404967896799192
2023-02-26 08:00:00-05:00,-0.0009,True,0.06602111306262838,0.06512111306262838
2023-02-26 09:00:00-05:00,-0.0009,True,0.11352588047055613,0.11262588047055613
2023-02-26 10:00:00-05:00,-0.0009,True,0.12958947113363462,0.1286894711336346
2023-02-26 11:00:00-05:00,-0.0009,True,0.1451876765441364,0.14428767654413638
2023-02-26 12:00:00-05:00,0.03944527507443267,True,0.15299336188524593,0.1924386369596786
2023-02-26 13:00:00-05:00,-0.0009,True,0.1373146902171441,0.13641469021714409
2023-02-26 14:00:00-05:00,0.05047337351457705,True,0.1617418994943992,0.21221527300897625
2023-02-26 15:00:00-05:00,0.1234166219362028,True,0.06629990351411486,0.18971652545031764
2023-02-26 16:00:00-05:00,0.15508533929675283,True,-0.03610394837021409,0.11898139092653874
2023-02-26 17:00:00-05:00,0.15103055415323113,True,-0.13070691492320566,0.020323639230025475
2023-02-26 18:00:00-05:00,0.04635686573660428,True,-0.043360241384844976,0.0029966243517593055
2023-02-26 19:00:00-05:00,-0.0009,True,2.451577402411313e-05,-0.0008754842259758868
2023-02-26 20:00:00-05:00,-0.0009,True,0.0008999999999999991,-8.673617379884035e-19
2023-02-26 21:00:00-05:00,-0.0009,True,0.0008999999999999991,-8.673617379884035e-19
2023-02-26 22:00:00-05:00,-0.0009,True,0.0008999999999999991,-8.673617379884035e-19
2023-02-26 23:00:00-05:00,-0.0009,True,0.0008999999999999991,-8.673617379884035e-19
2023-02-27 00:00:00-05:00,-0.0009,True,0.000900000000000002,2.0599841277224584e-18
2023-02-27 01:00:00-05:00,-0.0009,True,0.000900000000000002,2.0599841277224584e-18
2023-02-27 02:00:00-05:00,-0.0009,True,0.000900000000000002,2.0599841277224584e-18
2023-02-27 03:00:00-05:00,-0.0009,True,0.000900000000000002,2.0599841277224584e-18
2023-02-27 04:00:00-05:00,-0.0009,True,0.000900000000000002,2.0599841277224584e-18
2023-02-27 05:00:00-05:00,-0.0009,True,0.000900000000000002,2.0599841277224584e-18
2023-02-27 06:00:00-05:00,-0.0009,True,0.000900000000000002,2.0599841277224584e-18
2023-02-27 07:00:00-05:00,-0.0009,True,0.0013325189813100926,0.00043251898131009265
2023-02-27 08:00:00-05:00,-0.0009,True,0.06813896091438815,0.06723896091438815
2023-02-27 09:00:00-05:00,-0.0009,True,0.12729475509504434,0.12639475509504433
2023-02-27 10:00:00-05:00,-0.0009,True,0.15636653427575303,0.15546653427575302
2023-02-27 11:00:00-05:00,-0.0009,True,0.1409674760039664,0.14006747600396638
2023-02-27 12:00:00-05:00,-0.0009,True,0.12086940861471117,0.11996940861471117
2023-02-27 13:00:00-05:00,0.11312361933207543,True,0.1307226776755142,0.24384629700758964
2023-02-27 14:00:00-05:00,0.19903939598953982,True,0.07267030008884022,0.27170969607838
2023-02-27 15:00:00-05:00,0.22512131364937582,True,0.031057901539905904,0.2561792151892817
2023-02-27 16:00:00-05:00,0.19408857837712495,True,-0.046651619527023395,0.14743695885010155
2023-02-27 17:00:00-05:00,0.16610144431020732,True,-0.14196162909537166,0.024139815214835658
2023-02-27 18:00:00-05:00,0.0833721060838447,True,-0.08781258217373253,-0.004440476089887832
2023-02-27 19:00:00-05:00,0.047928050506709986,True,-0.04308061542543143,0.0048474350812785574
2023-02-27 20:00:00-05:00,-0.0009,True,0.0008999999999999991,-8.673617379884035e-19
2023-02-27 21:00:00-05:00,-0.0009,True,0.0008999999999999991,-8.673617379884035e-19
2023-02-27 22:00:00-05:00,-0.0009,True,0.0008999999999999991,-8.673617379884035e-19
2023-02-27 23:00:00-05:00,-0.0009,True,0.0008999999999999991,-8.673617379884035e-19
2023-02-28 00:00:00-05:00,-0.0009,True,0.000900000000000002,2.0599841277224584e-18
2023-02-28 01:00:00-05:00,-0.0009,True,0.000900000000000002,2.0599841277224584e-18
2023-02-28 02:00:00-05:00,-0.0009,True,0.000900000000000002,2.0599841277224584e-18
2023-02-28 03:00:00-05:00,-0.0009,True,0.0009445739832691123,4.45739832691123e-05
2023-02-28 04:00:00-05:00,-0.0009,True,0.0009445739832691123,4.45739832691123e-05
2023-02-28 05:00:00-05:00,-0.0009,True,0.001014723202840172,0.00011472320284017213
2023-02-28 06:00:00-05:00,-0.0009,True,0.001102409727303997,0.00020240972730399694
2023-02-28 07:00:00-05:00,-0.0009,True,0.0014434716323325132,0.0005434716323325132
2023-02-28 08:00:00-05:00,-0.0009,True,0.053765504734964935,0.05286550473496494
2023-02-28 09:00:00-05:00,-0.0009,True,0.11988395676925824,0.11898395676925824
2023-02-28 10:00:00-05:00,-0.0009,True,0.17786217343480032,0.1769621734348003
2023-02-28 11:00:00-05:00,-0.0009,True,0.1844708808300849,0.18357088083008488
2023-02-28 12:00:00-05:00,0.06067951074182795,True,0.1991859245717221,0.25986543531355005
2023-02-28 13:00:00-05:00,0.2192152862946029,True,0.14970702102560826,0.36892230732021114
2023-02-28 14:00:00-05:00,0.010658500600337248,True,0.17735193482321876,0.188010435423556
2023-02-28 15:00:00-05:00,0.012792411344783643,True,0.1491567768714367,0.16194918821622034
2023-02-28 16:00:00-05:00,0.009175880482996486,True,0.030266351102620423,0.03944223158561691
2023-02-28 17:00:00-05:00,0.0519427888072094,True,-0.04819815708483616,0.003744631722373243
2023-02-28 18:00:00-05:00,0.036363507890406085,True,-0.03637974568301698,-1.6237792610895863e-05
2023-02-28 19:00:00-05:00,0.125890287830731,True,-0.10256780360627016,0.023322484224460843
2023-02-28 20:00:00-05:00,0.008718562122681524,True,-0.010881352162184285,-0.0021627900395027617
2023-02-28 21:00:00-05:00,-0.0009,True,0.0007244961905643525,-0.00017550380943564745
2023-02-28 22:00:00-05:00,-0.0009,True,0.0008999999999999991,-8.673617379884035e-19
2023-02-28 23:00:00-05:00,-0.0009,True,0.0008999999999999991,-8.673617379884035e-19
2023-03-01 00:00:00-05:00,-0.0009,True,0.000900000000000002,2.0599841277224584e-18
2023-03-01 01:00:00-05:00,-0.0009,True,0.0009000000000000019,1.951563910473908e-18
2023-03-01 02:00:00-05:00,-0.0009,True,0.0009000000000000019,1.951563910473908e-18
2023-03-01 03:00:00-05:00,-0.0009,True,0.0009000000000000019,1.951563910473908e-18
2023-03-01 04:00:00-05:00,-0.0009,True,0.0009000000000000019,1.951563910473908e-18
2023-03-01 05:00:00-05:00,-0.0009,True,0.000907156264087223,7.156264087223034e-06
2023-03-01 06:00:00-05:00,-0.0009,True,0.000900000000000002,2.0599841277224584e-18
2023-03-01 07:00:00-05:00,-0.0009,True,0.0010140925001289266,0.00011409250012892665
2023-03-01 08:00:00-05:00,-0.0009,True,0.042599894492933055,0.04169989449293306
2023-03-01 09:00:00-05:00,-0.0009,True,0.13943919875126862,0.1385391987512686
2023-03-01 10:00:00-05:00,-0.0009,True,0.23888508691864707,0.23798508691864706
2023-03-01 11:00:00-05:00,-0.0009,True,0.2844923569128528,0.2835923569128528
2023-03-01 12:00:00-05:00,0.11852886542536341,True,0.17416049732550057,0.292689362750864
2023-03-01 13:00:00-05:00,0.04250936602810155,True,0.16666830090087956,0.2091776669289811
2023-03-01 14:00:00-05:00,0.2936397798576879,True,0.01601382490759873,0.30965360476528664
2023-03-01 15:00:00-05:00,0.18900225023401035,True,0.06401726794125524,0.2530195181752656
2023-03-01 16:00:00-05:00,0.2244708341662717,True,-0.12321041003275113,0.10126042413352057
2023-03-01 17:00:00-05:00,0.14746234200489622,True,-0.12731528787988106,0.020147054125015162
2023-03-01 18:00:00-05:00,0.05022624545308913,True,-0.04625485020867773,0.003971395244411403
2023-03-01 19:00:00-05:00,0.11332000472654243,True,-0.09075342425287282,0.022566580473669606
2023-03-01 20:00:00-05:00,-0.0009,True,0.0008999999999999991,-8.673617379884035e-19
2023-03-01 21:00:00-05:00,-0.0009,True,0.0008999999999999991,-8.673617379884035e-19
2023-03-01 22:00:00-05:00,-0.0009,True,0.0008999999999999991,-8.673617379884035e-19
2023-03-01 23:00:00-05:00,-0.0009,True,0.0008999999999999991,-8.673617379884035e-19
2023-03-02 00:00:00-05:00,-0.0009,True,0.000900000000000002,2.0599841277224584e-18
2023-03-02 01:00:00-05:00,-0.0009,True,0.000900000000000002,2.0599841277224584e-18
2023-03-02 02:00:00-05:00,-0.0009,True,0.000900000000000002,2.0599841277224584e-18
2023-03-02 03:00:00-05:00,-0.0009,True,0.000900000000000002,2.0599841277224584e-18
2023-03-02 04:00:00-05:00,-0.0009,True,0.000900000000000002,2.0599841277224584e-18
2023-03-02 05:00:00-05:00,-0.0009,True,0.000900000000000002,2.0599841277224584e-18
2023-03-02 06:00:00-05:00,-0.0009,True,0.000900000000000002,2.0599841277224584e-18
2023-03-02 07:00:00-05:00,-0.0009,True,0.0009192025078576238,1.9202507857623858e-05
2023-03-02 08:00:00-05:00,-0.0009,True,0.04370117809422894,0.04280117809422894
2023-03-02 09:00:00-05:00,-0.0009,True,0.11546209527494103,0.11456209527494103
2023-03-02 10:00:00-05:00,-0.0009,True,0.2140908423950187,0.21319084239501868
2023-03-02 11:00:00-05:00,-0.0009,True,0.28872921098535365,0.28782921098535363
2023-03-02 12:00:00-05:00,-0.0009,True,0.30039724000059104,0.299497240000591
2023-03-02 13:00:00-05:00,-0.0009,True,0.2700839703746913,0.2691839703746913
2023-03-02 14:00:00-05:00,0.05603539021710982,True,0.180928773890295,0.2369641641074048
2023-03-02 15:00:00-05:00,0.14860000425854747,True,0.05850537624207593,0.20710538050062338
2023-03-02 16:00:00-05:00,0.06292154226043874,True,-0.044507217822351765,0.018414324438086972
2023-03-02 17:00:00-05:00,0.13963443481762647,True,-0.10586893713718457,0.0337654976804419
2023-03-02 18:00:00-05:00,0.09246091349486409,True,-0.09301448601305491,-0.0005535725181908258
2023-03-02 19:00:00-05:00,0.06728105449899907,True,-0.06520503056744968,0.0020760239315493895
2023-03-02 20:00:00-05:00,0.06294136813264392,True,-0.0624703699090584,0.0004709982235855184
2023-03-02 21:00:00-05:00,0.023883987999104236,True,-0.023589307574539073,0.00029468042456516283
2023-03-02 22:00:00-05:00,-0.0009,True,0.0008999999999999991,-8.673617379884035e-19
2023-03-02 23:00:00-05:00,-0.0009,True,0.0008999999999999991,-8.673617379884035e-19
2023-03-03 00:00:00-05:00,-0.0009,True,0.000900000000000002,2.0599841277224584e-18
2023-03-03 01:00:00-05:00,-0.0009,True,0.000900000000000002,2.0599841277224584e-18
2023-03-03 02:00:00-05:00,-0.0009,True,0.0009000000000000019,1.951563910473908e-18
2023-03-03 03:00:00-05:00,-0.0009,True,0.0009000000000000019,1.951563910473908e-18
2023-03-03 04:00:00-05:00,-0.0009,True,0.0009224229608066275,2.2422960806627533e-05
2023-03-03 05:00:00-05:00,-0.0009,True,0.000900000000000002,2.0599841277224584e-18
2023-03-03 06:00:00-05:00,-0.0009,True,0.000900000000000002,2.0599841277224584e-18
2023-03-03 07:00:00-05:00,-0.0009,True,0.0010195753202179821,0.00011957532021798214
2023-03-03 08:00:00-05:00,-0.0009,True,0.041575952376107575,0.04067595237610758
2023-03-03 09:00:00-05:00,-0.0009,True,0.11014339332728314,0.10924339332728314
2023-03-03 10:00:00-05:00,-0.0009,True,0.14353417600559568,0.14263417600559566
2023-03-03 11:00:00-05:00,-0.0009,True,0.1556358580703297,0.1547358580703297
2023-03-03 12:00:00-05:00,-0.0009,True,0.14137580709950529,0.14047580709950527
2023-03-03 13:00:00-05:00,0.16415884836743128,True,0.12761332843255774,0.291772176799989
2023-03-03 14:00:00-05:00,0.043465279131314705,True,0.17887476674501943,0.22234004587633413
2023-03-03 15:00:00-05:00,0.064151334855009,True,0.09555037037373873,0.15970170522874771
2023-03-03 16:00:00-05:00,0.08697894945869178,True,-0.026993781044985777,0.059985168413706005
2023-03-03 17:00:00-05:00,0.026324078762020264,True,-0.023309375472634578,0.003014703289385686
2023-03-03 18:00:00-05:00,0.02949085808333077,True,-0.025377798453107975,0.004113059630222796
2023-03-03 19:00:00-05:00,0.014404596827830235,True,-0.011789017231591904,0.002615579596238331
2023-03-03 20:00:00-05:00,-0.0009,True,0.0008999999999999991,-8.673617379884035e-19
2023-03-03 21:00:00-05:00,-0.0009,True,0.0008999999999999991,-8.673617379884035e-19
2023-03-03 22:00:00-05:00,-0.0009,True,0.0008999999999999991,-8.673617379884035e-19
2023-03-03 23:00:00-05:00,-0.0009,True,0.0008999999999999991,-8.673617379884035e-19
2023-03-04 00:00:00-05:00,-0.0009,True,0.000900000000000002,2.0599841277224584e-18
2023-03-04 01:00:00-05:00,-0.0009,True,0.0009621112881618774,6.211128816187739e-05
2023-03-04 02:00:00-05:00,-0.0009,True,0.0009621112881618774,6.211128816187739e-05
2023-03-04 03:00:00-05:00,-0.0009,True,0.0009621112881618774,6.211128816187739e-05
2023-03-04 04:00:00-05:00,-0.0009,True,0.000962738009182522,6.273800918252205e-05
2023-03-04 05:00:00-05:00,-0.0009,True,0.0009621112881618774,6.211128816187739e-05
2023-03-04 06:00:00-05:00,-0.0009,True,0.0009621112881618774,6.211128816187739e-05
2023-03-04 07:00:00-05:00,-0.0009,True,0.0011017739188269972,0.00020177391882699727
2023-03-04 08:00:00-05:00,-0.0009,True,0.054852293219317054,0.053952293219317056
2023-03-04 09:00:00-05:00,-0.0009,True,0.14538346631230098,0.14448346631230097
2023-03-04 10:00:00-05:00,-0.0009,True,0.23255066371287433,0.23165066371287432
2023-03-04 11:00:00-05:00,-0.0009,True,0.3249971485268954,0.32409714852689536
2023-03-04 12:00:00-05:00,0.09943659887422861,True,0.2539241848947443,0.3533607837689729
2023-03-04 13:00:00-05:00,0.051068117089283965,True,0.21396156388100482,0.2650296809702888
2023-03-04 14:00:00-05:00,0.03452918255857198,True,0.19827007678526887,0.23279925934384085
2023-03-04 15:00:00-05:00,0.18437376642822972,True,0.05685574285316784,0.24122950928139758
2023-03-04 16:00:00-05:00,0.11104449522726255,True,-0.029057757894723642,0.0819867373325389
2023-03-04 17:00:00-05:00,0.15085782329832984,True,-0.135904045384909,0.01495377791342084
2023-03-04 18:00:00-05:00,0.1428557028991912,True,-0.11180102004443858,0.031054682854752616
2023-03-04 19:00:00-05:00,-0.0009,True,9.571647424923819e-05,-0.0008042835257507618
2023-03-04 20:00:00-05:00,-0.0009,True,0.0007244961905643525,-0.00017550380943564745
2023-03-04 21:00:00-05:00,-0.0009,True,0.0008999999999999991,-8.673617379884035e-19
2023-03-04 22:00:00-05:00,-0.0009,True,0.0008999999999999991,-8.673617379884035e-19
2023-03-04 23:00:00-05:00,-0.0009,True,0.0008999999999999991,-8.673617379884035e-19
2023-03-05 00:00:00-05:00,-0.0009,True,0.000900000000000002,2.0599841277224584e-18
2023-03-05 01:00:00-05:00,-0.0009,True,0.000900000000000002,2.0599841277224584e-18
2023-03-05 02:00:00-05:00,-0.0009,True,0.000900000000000002,2.0599841277224584e-18
2023-03-05 03:00:00-05:00,-0.0009,True,0.000900000000000002,2.0599841277224584e-18
2023-03-05 04:00:00-05:00,-0.0009,True,0.000900000000000002,2.0599841277224584e-18
2023-03-05 05:00:00-05:00,-0.0009,True,0.000900000000000002,2.0599841277224584e-18
2023-03-05 06:00:00-05:00,-0.0009,True,0.000900000000000002,2.0599841277224584e-18
2023-03-05 07:00:00-05:00,-0.0009,True,0.0009118119062128858,1.1811906212885791e-05
2023-03-05 08:00:00-05:00,-0.0009,True,0.05304080649513547,0.05214080649513547
2023-03-05 09:00:00-05:00,-0.0009,True,0.15526435311980427,0.15436435311980426
2023-03-05 10:00:00-05:00,-0.0009,True,0.22509257790514506,0.22419257790514505
2023-03-05 11:00:00-05:00,-0.0009,True,0.30327096567754436,0.30237096567754435
2023-03-05 12:00:00-05:00,0.11073382238204198,True,0.2136590769158291,0.3243928992978711
2023-03-05 13:00:00-05:00,0.2577524316106589,True,0.12415040028313533,0.38190283189379426
2023-03-05 14:00:00-05:00,0.29095971899363415,True,0.00853858105648004,0.2994983000501142
2023-03-05 15:00:00-05:00,0.2745297229415317,True,-0.017784231783146774,0.25674549115838496
2023-03-05 16:00:00-05:00,0.2242879001031341,True,-0.12195917172680508,0.10232872837632902
2023-03-05 17:00:00-05:00,0.1499007985547651,True,-0.13205134665526072,0.017849451899504376
2023-03-05 18:00:00-05:00,0.07731230631058514,True,-0.08286713250409257,-0.005554826193507431
2023-03-05 19:00:00-05:00,-0.0009,True,-0.0006834279728960979,-0.001583427972896098
2023-03-05 20:00:00-05:00,-0.0009,True,0.0002606694476205471,-0.0006393305523794529
2023-03-05 21:00:00-05:00,-0.0009,True,0.0008999999999999991,-8.673617379884035e-19
2023-03-05 22:00:00-05:00,-0.0009,True,0.0008999999999999991,-8.673617379884035e-19
2023-03-05 23:00:00-05:00,-0.0009,True,0.0008999999999999991,-8.673617379884035e-19
2023-03-06 00:00:00-05:00,-0.0009,True,0.000900000000000002,2.0599841277224584e-18
2023-03-06 01:00:00-05:00,-0.0009,True,0.000900000000000002,2.0599841277224584e-18
2023-03-06 02:00:00-05:00,-0.0009,True,0.0009000000000000019,1.951563910473908e-18
2023-03-06 03:00:00-05:00,-0.0009,True,0.0009000000000000019,1.951563910473908e-18
2023-03-06 04:00:00-05:00,-0.0009,True,0.0009000000000000019,1.951563910473908e-18
2023-03-06 05:00:00-05:00,-0.0009,True,0.0009000000000000019,1.951563910473908e-18
2023-03-06 06:00:00-05:00,-0.0009,True,0.0009000000000000019,1.951563910473908e-18
2023-03-06 07:00:00-05:00,-0.0009,True,0.0010259878403433686,0.0001259878403433686
2023-03-06 08:00:00-05:00,-0.0009,True,0.043506947349933794,0.042606947349933796
2023-03-06 09:00:00-05:00,-0.0009,True,0.1556575207275994,0.15475752072759938
2023-03-06 10:00:00-05:00,-0.0009,True,0.22673022592650413,0.22583022592650412
2023-03-06 11:00:00-05:00,-0.0009,True,0.27913589513806875,0.27823589513806873
2023-03-06 12:00:00-05:00,0.15657234281139382,True,0.19301288863963226,0.34958523145102605
2023-03-06 13:00:00-05:00,0.2829175382650666,True,0.091946247196072,0.37486378546113863
2023-03-06 14:00:00-05:00,0.30183139179636337,True,0.005983425459239017,0.3078148172556024
2023-03-06 15:00:00-05:00,0.16916288536618054,True,0.06006610102297038,0.22922898638915093
2023-03-06 16:00:00-05:00,0.20579735850399566,True,-0.054462466412490154,0.15133489209150552
2023-03-06 17:00:00-05:00,0.149169559735131,True,-0.12779090756370587,0.021378652171425122
2023-03-06 18:00:00-05:00,0.06526944557928618,True,-0.0767501582440534,-0.011480712664767218
2023-03-06 19:00:00-05:00,-0.0009,True,0.0006656449949820783,-0.00023435500501792163
2023-03-06 20:00:00-05:00,-0.0009,True,0.0008999999999999991,-8.673617379884035e-19
2023-03-06 21:00:00-05:00,-0.0009,True,0.0008999999999999991,-8.673617379884035e-19
2023-03-06 22:00:00-05:00,-0.0009,True,0.0008999999999999991,-8.673617379884035e-19
2023-03-06 23:00:00-05:00,-0.0009,True,0.0008999999999999991,-8.673617379884035e-19
2023-03-07 00:00:00-05:00,-0.0009,True,0.000900000000000002,2.0599841277224584e-18
2023-03-07 01:00:00-05:00,-0.0009,True,0.000900000000000002,2.0599841277224584e-18
2023-03-07 02:00:00-05:00,-0.0009,True,0.000900000000000002,2.0599841277224584e-18
2023-03-07 03:00:00-05:00,-0.0009,True,0.000900000000000002,2.0599841277224584e-18
2023-03-07 04:00:00-05:00,-0.0009,True,0.000900000000000002,2.0599841277224584e-18
2023-03-07 05:00:00-05:00,-0.0009,True,0.000900000000000002,2.0599841277224584e-18
2023-03-07 06:00:00-05:00,-0.0009,True,0.000900000000000002,2.0599841277224584e-18
2023-03-07 07:00:00-05:00,-0.0009,True,0.0010117900143715613,0.0001117900143715613
2023-03-07 08:00:00-05:00,-0.0009,True,0.04524899532553177,0.04434899532553177
2023-03-07 09:00:00-05:00,-0.0009,True,0.11950646812000715,0.11860646812000715
2023-03-07 10:00:00-05:00,-0.0009,True,0.17155360333803887,0.17065360333803886
2023-03-07 11:00:00-05:00,-0.0009,True,0.25088049089327924,0.24998049089327923
2023-03-07 12:00:00-05:00,0.10320604328245485,True,0.2121567023824511,0.31536274566490596
2023-03-07 13:00:00-05:00,-0.0009,True,0.31986605480116864,0.31896605480116863
2023-03-07 14:00:00-05:00,-0.0009,True,0.24218753749704214,0.24128753749704213
2023-03-07 15:00:00-05:00,0.29252495096819264,True,-0.010280917665340925,0.2822440333028517
2023-03-07 16:00:00-05:00,0.236299154129649,True,-0.1840469751304069,0.05225217899924209
2023-03-07 17:00:00-05:00,0.15275607740065114,True,-0.13482566295819282,0.017930414442458326
2023-03-07 18:00:00-05:00,0.06717896326798697,True,-0.07599018082424466,-0.008811217556257689
2023-03-07 19:00:00-05:00,-0.0009,True,0.0008411488044177247,-5.8851195582275266e-05
2023-03-07 20:00:00-05:00,-0.0009,True,0.0008999999999999991,-8.673617379884035e-19
2023-03-07 21:00:00-05:00,-0.0009,True,0.0008999999999999991,-8.673617379884035e-19
2023-03-07 22:00:00-05:00,-0.0009,True,0.0008999999999999991,-8.673617379884035e-19
2023-03-07 23:00:00-05:00,-0.0009,True,0.0008999999999999991,-8.673617379884035e-19
2023-03-08 00:00:00-05:00,-0.0009,True,0.000900000000000002,2.0599841277224584e-18
2023-03-08 01:00:00-05:00,-0.0009,True,0.000900000000000002,2.0599841277224584e-18
2023-03-08 02:00:00-05:00,-0.0009,True,0.000900000000000002,2.0599841277224584e-18
2023-03-08 03:00:00-05:00,-0.0009,True,0.000900000000000002,2.0599841277224584e-18
2023-03-08 04:00:00-05:00,-0.0009,True,0.000900000000000002,2.0599841277224584e-18
2023-03-08 05:00:00-05:00,-0.0009,True,0.000900000000000002,2.0599841277224584e-18
2023-03-08 06:00:00-05:00,-0.0009,True,0.000900000000000002,2.0599841277224584e-18
2023-03-08 07:00:00-05:00,-0.0009,True,0.000905847274583635,5.847274583635031e-06
2023-03-08 08:00:00-05:00,-0.0009,True,0.057602586578696,0.056702586578696
2023-03-08 09:00:00-05:00,-0.0009,True,0.166295353477716,0.165395353477716
2023-03-08 10:00:00-05:00,-0.0009,True,0.26094154089855626,0.26004154089855624
2023-03-08 11:00:00-05:00,-0.0009,True,0.34047830793124867,0.33957830793124866
2023-03-08 12:00:00-05:00,0.19042596801671682,True,0.1586552910501322,0.34908125906684906
2023-03-08 13:00:00-05:00,0.30417961289502105,True,0.07152803495866564,0.3757076478536867
2023-03-08 14:00:00-05:00,0.3215540368444072,True,0.006607426471276072,0.32816146331568324
2023-03-08 15:00:00-05:00,0.2936885358674638,True,-0.019196091523687224,0.27449244434377656
2023-03-08 16:00:00-05:00,0.23322197017430848,True,-0.1780522539744567,0.05516971619985178
2023-03-08 17:00:00-05:00,0.14953093311399165,True,-0.1269993349862468,0.022531598127744856
2023-03-08 18:00:00-05:00,0.0670271170231084,True,-0.07574534144286234,-0.008718224419753937
2023-03-08 19:00:00-05:00,-0.0009,True,0.0008411488044177247,-5.8851195582275266e-05
2023-03-08 20:00:00-05:00,-0.0009,True,0.0008999999999999991,-8.673617379884035e-19
2023-03-08 21:00:00-05:00,-0.0009,True,0.0008999999999999991,-8.673617379884035e-19
2023-03-08 22:00:00-05:00,-0.0009,True,0.0008999999999999991,-8.673617379884035e-19
2023-03-08 23:00:00-05:00,-0.0009,True,0.0008999999999999991,-8.673617379884035e-19
2023-03-09 00:00:00-05:00,-0.0009,True,0.000900000000000002,2.0599841277224584e-18
2023-03-09 01:00:00-05:00,-0.0009,True,0.000900000000000002,2.0599841277224584e-18
2023-03-09 02:00:00-05:00,-0.0009,True,0.000900000000000002,2.0599841277224584e-18
2023-03-09 03:00:00-05:00,-0.0009,True,0.000900000000000002,2.0599841277224584e-18
2023-03-09 04:00:00-05:00,-0.0009,True,0.000900000000000002,2.0599841277224584e-18
2023-03-09 05:00:00-05:00,-0.0009,True,0.000900000000000002,2.0599841277224584e-18
2023-03-09 06:00:00-05:00,-0.0009,True,0.000900000000000002,2.0599841277224584e-18
2023-03-09 07:00:00-05:00,-0.0009,True,0.000905847274583635,5.847274583635031e-06
2023-03-09 08:00:00-05:00,-0.0009,True,0.05526839044479778,0.054368390444797784
2023-03-09 09:00:00-05:00,-0.0009,True,0.15781978738275282,0.1569197873827528
2023-03-09 10:00:00-05:00,-0.0009,True,0.22312668088952667,0.22222668088952666
2023-03-09 11:00:00-05:00,-0.0009,True,0.332490931405792,0.331590931405792
2023-03-09 12:00:00-05:00,0.19236930941500643,True,0.15604983755520763,0.34841914697021403
2023-03-09 13:00:00-05:00,0.3022154832447446,True,0.07159513347128643,0.37381061671603105
2023-03-09 14:00:00-05:00,0.31810424010319865,True,0.0011059288510167186,0.3192101689542154
2023-03-09 15:00:00-05:00,0.2889353220414934,True,-0.021304578568712453,0.267630743472781
2023-03-09 16:00:00-05:00,0.23277912279044222,True,-0.17759176008364197,0.05518736270680025
2023-03-09 17:00:00-05:00,0.15103849603484437,True,-0.13181739612731996,0.019221099907524408
2023-03-09 18:00:00-05:00,0.0823403382252666,True,-0.0918219571337083,-0.009481618908441708
2023-03-09 19:00:00-05:00,0.0395082716475829,True,-0.039854702011566545,-0.0003464303639836436
2023-03-09 20:00:00-05:00,-0.0009,True,0.0007244961905643525,-0.00017550380943564745
2023-03-09 21:00:00-05:00,-0.0009,True,0.0008999999999999991,-8.673617379884035e-19
2023-03-09 22:00:00-05:00,0.016383797294973947,True,-0.016767096621794077,-0.0003832993268201301
2023-03-09 23:00:00-05:00,-0.0009,True,0.0008999999999999991,-8.673617379884035e-19
2023-03-10 00:00:00-05:00,-0.0009,True,0.0009000000000000019,1.951563910473908e-18
2023-03-10 01:00:00-05:00,-0.0009,True,0.0009000000000000019,1.951563910473908e-18
2023-03-10 02:00:00-05:00,-0.0009,True,0.000900000000000002,2.0599841277224584e-18
2023-03-10 03:00:00-05:00,-0.0009,True,0.000900000000000002,2.0599841277224584e-18
2023-03-10 04:00:00-05:00,-0.0009,True,0.000900000000000002,2.0599841277224584e-18
2023-03-10 05:00:00-05:00,-0.0009,True,0.000900000000000002,2.0599841277224584e-18
2023-03-10 06:00:00-05:00,-0.0009,True,0.000900000000000002,2.0599841277224584e-18
2023-03-10 07:00:00-05:00,-0.0009,True,0.0009533597643635112,5.335976436351118e-05
2023-03-10 08:00:00-05:00,-0.0009,True,0.04179855510415572,0.04089855510415572
2023-03-10 09:00:00-05:00,-0.0009,True,0.10770475400773397,0.10680475400773397
2023-03-10 10:00:00-05:00,-0.0009,True,0.13565919613660465,0.13475919613660464
2023-03-10 11:00:00-05:00,-0.0009,True,0.14162386955539671,0.1407238695553967
2023-03-10 12:00:00-05:00,-0.0009,True,0.12086555541822483,0.11996555541822483
2023-03-10 13:00:00-05:00,0.052382237314008886,True,0.15469432205320868,0.20707655936721758
2023-03-10 14:00:00-05:00,0.03971771285823029,True,0.16813935088021167,0.20785706373844196
2023-03-10 15:00:00-05:00,0.06358869648059456,True,0.0950642611004733,0.15865295758106784
2023-03-10 16:00:00-05:00,0.08537130528811239,True,-0.026821514418946125,0.058549790869166264
2023-03-10 17:00:00-05:00,0.020339656599411362,True,-0.01775023451462556,0.002589422084785801
2023-03-10 18:00:00-05:00,0.016799149388964874,True,-0.014136037963282787,0.002663111425682086
2023-03-10 19:00:00-05:00,0.029529889596324323,True,-0.02596248129358276,0.003567408302741562
2023-03-10 20:00:00-05:00,-0.0009,True,0.0008999999999999991,-8.673617379884035e-19
2023-03-10 21:00:00-05:00,-0.0009,True,0.0008999999999999991,-8.673617379884035e-19
2023-03-10 22:00:00-05:00,-0.0009,True,0.0008999999999999991,-8.673617379884035e-19
2023-03-10 23:00:00-05:00,-0.0009,True,0.0008999999999999991,-8.673617379884035e-19
2023-03-11 00:00:00-05:00,-0.0009,True,0.000900000000000002,2.0599841277224584e-18
2023-03-11 01:00:00-05:00,-0.0009,True,0.000900000000000002,2.0599841277224584e-18
2023-03-11 02:00:00-05:00,-0.0009,True,0.000900000000000002,2.0599841277224584e-18
2023-03-11 03:00:00-05:00,-0.0009,True,0.000900000000000002,2.0599841277224584e-18
2023-03-11 04:00:00-05:00,-0.0009,True,0.000900000000000002,2.0599841277224584e-18
2023-03-11 05:00:00-05:00,-0.0009,True,0.000900000000000002,2.0599841277224584e-18
2023-03-11 06:00:00-05:00,-0.0009,True,0.000900000000000002,2.0599841277224584e-18
2023-03-11 07:00:00-05:00,-0.0009,True,0.0009004865621180278,4.865621180278603e-07
2023-03-11 08:00:00-05:00,-0.0009,True,0.061856394949722476,0.06095639494972248
2023-03-11 09:00:00-05:00,-0.0009,True,0.16127942824176347,0.16037942824176346
2023-03-11 10:00:00-05:00,-0.0009,True,0.23743825793935028,0.23653825793935027
2023-03-11 11:00:00-05:00,-0.0009,True,0.3182319546066627,0.3173319546066627
2023-03-11 12:00:00-05:00,-0.0009,True,0.3197436348597328,0.31884363485973277
2023-03-11 13:00:00-05:00,0.009602306857137696,True,0.2990821130219872,0.30868441987912487
2023-03-11 14:00:00-05:00,0.1260319654391972,True,0.13213587293459525,0.2581678383737924
2023-03-11 15:00:00-05:00,0.1519677687880324,True,0.05112116089463521,0.20308892968266762
2023-03-11 16:00:00-05:00,0.23943327737610667,True,-0.18606018392178775,0.053373093454318926
2023-03-11 17:00:00-05:00,0.19559996362712537,True,-0.1748936200871813,0.020706343539944078
2023-03-11 18:00:00-05:00,0.19295544257575065,True,-0.17292645353329006,0.020028989042460588
2023-03-11 19:00:00-05:00,-0.0009,True,-0.0007376884046333221,-0.001637688404633322
2023-03-11 20:00:00-05:00,0.078189131496515,True,-0.07839469311921188,-0.00020556162269687317
2023-03-11 21:00:00-05:00,0.06588266298281333,True,-0.0639995868044025,0.0018830761784108252
2023-03-11 22:00:00-05:00,-0.0009,True,0.0008999999999999991,-8.673617379884035e-19
2023-03-11 23:00:00-05:00,-0.0009,True,0.0008999999999999991,-8.673617379884035e-19
2023-03-12 00:00:00-05:00,-0.0009,True,0.000900000000000002,2.0599841277224584e-18
2023-03-12 01:00:00-05:00,-0.0009,True,0.000900000000000002,2.0599841277224584e-18
2023-03-12 02:00:00-05:00,-0.0009,True,0.000900000000000002,2.0599841277224584e-18
2023-03-12 03:00:00-05:00,-0.0009,True,0.000900000000000002,2.0599841277224584e-18
2023-03-12 04:00:00-05:00,-0.0009,True,0.000900000000000002,2.0599841277224584e-18
2023-03-12 05:00:00-05:00,-0.0009,True,0.000900000000000002,2.0599841277224584e-18
2023-03-12 06:00:00-05:00,-0.0009,True,0.0009000000000000019,1.951563910473908e-18
2023-03-12 07:00:00-05:00,-0.0009,True,0.0010355295257929967,0.00013552952579299672
2023-03-12 08:00:00-05:00,-0.0009,True,0.05851559095171857,0.05761559095171857
2023-03-12 09:00:00-05:00,-0.0009,True,0.15014405689537497,0.14924405689537495
2023-03-12 10:00:00-05:00,-0.0009,True,0.2241649211009102,0.2232649211009102
2023-03-12 11:00:00-05:00,-0.0009,True,0.25797533591573746,0.25707533591573745
2023-03-12 12:00:00-05:00,0.016909690566154097,True,0.25504310942627884,0.27195279999243294
2023-03-12 13:00:00-05:00,0.04346262353649651,True,0.1825121839622104,0.2259748074987069
2023-03-12 14:00:00-05:00,0.09295038552509083,True,0.1511281735282331,0.24407855905332393
2023-03-12 15:00:00-05:00,0.17782016878532653,True,0.06238325345710557,0.2402034222424321
2023-03-12 16:00:00-05:00,0.1586182893372298,True,-0.043404792729876164,0.11521349660735364
2023-03-12 17:00:00-05:00,0.1235105321743587,True,-0.09627279455344182,0.027237737620916885
2023-03-12 18:00:00-05:00,0.0693195988901359,True,-0.06704855003070885,0.002271048859427055
2023-03-12 19:00:00-05:00,0.08558898383944169,True,-0.08808012626072272,-0.0024911424212810257
2023-03-12 20:00:00-05:00,0.044988218919857145,True,-0.039770631081997736,0.0052175878378594095
2023-03-12 21:00:00-05:00,0.0047845094008383,True,-0.004528318428598699,0.0002561909722396012
2023-03-12 22:00:00-05:00,-0.0009,True,0.0008999999999999991,-8.673617379884035e-19
2023-03-12 23:00:00-05:00,-0.0009,True,0.0008999999999999991,-8.673617379884035e-19
2023-03-13 00:00:00-05:00,-0.0009,True,0.000900000000000002,2.0599841277224584e-18
2023-03-13 01:00:00-05:00,-0.0009,True,0.000900000000000002,2.0599841277224584e-18
2023-03-13 02:00:00-05:00,-0.0009,True,0.000900000000000002,2.0599841277224584e-18
2023-03-13 03:00:00-05:00,-0.0009,True,0.000900000000000002,2.0599841277224584e-18
2023-03-13 04:00:00-05:00,-0.0009,True,0.000900000000000002,2.0599841277224584e-18
2023-03-13 05:00:00-05:00,-0.0009,True,0.000900000000000002,2.0599841277224584e-18
2023-03-13 06:00:00-05:00,-0.0009,True,0.000900000000000002,2.0599841277224584e-18
2023-03-13 07:00:00-05:00,-0.0009,True,0.0009238031039263888,2.3803103926388846e-05
2023-03-13 08:00:00-05:00,-0.0009,True,0.041625701100382856,0.04072570110038286
2023-03-13 09:00:00-05:00,-0.0009,True,0.0916238258298075,0.09072382582980751
2023-03-13 10:00:00-05:00,-0.0009,True,0.12230155063240115,0.12140155063240116
2023-03-13 11:00:00-05:00,-0.0009,True,0.1219742096447326,0.1210742096447326
2023-03-13 12:00:00-05:00,-0.0009,True,0.1577362309567224,0.1568362309567224
2023-03-13 13:00:00-05:00,0.04715389107162665,True,0.17022443639873214,0.2173783274703588
2023-03-13 14:00:00-05:00,0.11542522326217487,True,0.13223634094428766,0.24766156420646251
2023-03-13 15:00:00-05:00,0.07948664666930683,True,0.10361815684688329,0.18310480351619013
2023-03-13 16:00:00-05:00,0.04108047823925183,True,0.004320411884029918,0.045400890123281745
2023-03-13 17:00:00-05:00,-0.0009,True,0.0015991277096609193,0.0006991277096609193
2023-03-13 18:00:00-05:00,0.03301851131254243,True,-0.03186788376743519,0.0011506275451072384
2023-03-13 19:00:00-05:00,0.01588331774675073,True,-0.015297232004210785,0.0005860857425399463
2023-03-13 20:00:00-05:00,0.008904988961847668,True,-0.007233044661642093,0.0016719443002055755
2023-03-13 21:00:00-05:00,0.019040884448440168,True,-0.019672421849615408,-0.0006315374011752403
2023-03-13 22:00:00-05:00,-0.0009,True,0.0008999999999999991,-8.673617379884035e-19
2023-03-13 23:00:00-05:00,-0.0009,True,0.0008999999999999991,-8.673617379884035e-19
2023-03-14 00:00:00-05:00,-0.0009,True,0.000900000000000002,2.0599841277224584e-18
2023-03-14 01:00:00-05:00,-0.0009,True,0.000900000000000002,2.0599841277224584e-18
2023-03-14 02:00:00-05:00,-0.0009,True,0.000900000000000002,2.0599841277224584e-18
2023-03-14 03:00:00-05:00,-0.0009,True,0.000900000000000002,2.0599841277224584e-18
2023-03-14 04:00:00-05:00,-0.0009,True,0.000900000000000002,2.0599841277224584e-18
2023-03-14 05:00:00-05:00,-0.0009,True,0.000900000000000002,2.0599841277224584e-18
2023-03-14 06:00:00-05:00,-0.0009,True,0.000900000000000002,2.0599841277224584e-18
2023-03-14 07:00:00-05:00,-0.0009,True,0.0009016901637389778,1.6901637389778266e-06
2023-03-14 08:00:00-05:00,-0.0009,True,0.06501793340226161,0.06411793340226161
2023-03-14 09:00:00-05:00,-0.0009,True,0.1603225153738354,0.1594225153738354
2023-03-14 10:00:00-05:00,-0.0009,True,0.23279594624307776,0.23189594624307774
2023-03-14 11:00:00-05:00,-0.0009,True,0.31760263734373007,0.31670263734373005
2023-03-14 12:00:00-05:00,0.0060863180442797486,True,0.3171489363497033,0.32323525439398304
2023-03-14 13:00:00-05:00,0.30196912799693554,True,0.0947519618654661,0.3967210898624016
2023-03-14 14:00:00-05:00,0.33120106809321676,True,0.020927492266610018,0.35212856035982676
2023-03-14 15:00:00-05:00,0.3082025626245339,True,-0.004988398572913033,0.3032141640516208
2023-03-14 16:00:00-05:00,0.2486485035605833,True,-0.18470849976041928,0.06394000380016401
2023-03-14 17:00:00-05:00,0.21754755552589763,True,-0.18995799122338386,0.027589564302513775
2023-03-14 18:00:00-05:00,0.08395318304700776,True,-0.09301123657922625,-0.009058053532218488
2023-03-14 19:00:00-05:00,-0.0009,True,0.0029479615637910766,0.0020479615637910764
2023-03-14 20:00:00-05:00,0.04967014320725733,True,-0.05006544761037539,-0.00039530440311805887
2023-03-14 21:00:00-05:00,0.058233452383508105,True,-0.06125009737708216,-0.0030166449935740552
2023-03-14 22:00:00-05:00,0.024911152249748138,True,-0.023934075083849832,0.0009770771658983053
2023-03-14 23:00:00-05:00,-0.0009,True,0.0008999999999999991,-8.673617379884035e-19
2023-03-15 00:00:00-05:00,-0.0009,True,0.000900000000000002,2.0599841277224584e-18
2023-03-15 01:00:00-05:00,-0.0009,True,0.000900000000000002,2.0599841277224584e-18
2023-03-15 02:00:00-05:00,-0.0009,True,0.000900000000000002,2.0599841277224584e-18
2023-03-15 03:00:00-05:00,-0.0009,True,0.000900000000000002,2.0599841277224584e-18
2023-03-15 04:00:00-05:00,-0.0009,True,0.000900000000000002,2.0599841277224584e-18
2023-03-15 05:00:00-05:00,-0.0009,True,0.000900000000000002,2.0599841277224584e-18
2023-03-15 06:00:00-05:00,-0.0009,True,0.000900000000000002,2.0599841277224584e-18
2023-03-15 07:00:00-05:00,-0.0009,True,0.0009534716544389757,5.34716544389757e-05
2023-03-15 08:00:00-05:00,-0.0009,True,0.06603441608915801,0.06513441608915801
2023-03-15 09:00:00-05:00,-0.0009,True,0.16847783357823207,0.16757783357823205
2023-03-15 10:00:00-05:00,-0.0009,True,0.25832205885409315,0.25742205885409314
2023-03-15 11:00:00-05:00,-0.0009,True,0.3537127199667777,0.3528127199667777
2023-03-15 12:00:00-05:00,0.03371923748211291,True,0.23397544808191012,0.26769468556402304
2023-03-15 13:00:00-05:00,0.06207445020384324,True,0.19912262023370345,0.2611970704375467
2023-03-15 14:00:00-05:00,0.3375014114185557,True,0.011668221803238135,0.34916963322179384
2023-03-15 15:00:00-05:00,0.3095726499940145,True,-0.009551176624668322,0.3000214733693462
2023-03-15 16:00:00-05:00,0.24787937374124733,True,-0.18496627604427918,0.06291309769696815
2023-03-15 17:00:00-05:00,0.15729259709492024,True,-0.1338342223417808,0.023458374753139444
2023-03-15 18:00:00-05:00,0.0604846926426465,True,-0.07238560797937706,-0.011900915336730558
2023-03-15 19:00:00-05:00,-0.0009,True,0.0008411488044177247,-5.8851195582275266e-05
2023-03-15 20:00:00-05:00,-0.0009,True,0.0008999999999999991,-8.673617379884035e-19
2023-03-15 21:00:00-05:00,-0.0009,True,0.0008999999999999991,-8.673617379884035e-19
2023-03-15 22:00:00-05:00,-0.0009,True,0.0008999999999999991,-8.673617379884035e-19
2023-03-15 23:00:00-05:00,-0.0009,True,0.0008999999999999991,-8.673617379884035e-19
2023-03-16 00:00:00-05:00,-0.0009,True,0.000900000000000002,2.0599841277224584e-18
2023-03-16 01:00:00-05:00,-0.0009,True,0.000900000000000002,2.0599841277224584e-18
2023-03-16 02:00:00-05:00,-0.0009,True,0.000900000000000002,2.0599841277224584e-18
2023-03-16 03:00:00-05:00,-0.0009,True,0.000900000000000002,2.0599841277224584e-18
2023-03-16 04:00:00-05:00,-0.0009,True,0.000900000000000002,2.0599841277224584e-18
2023-03-16 05:00:00-05:00,-0.0009,True,0.000900000000000002,2.0599841277224584e-18
2023-03-16 06:00:00-05:00,-0.0009,True,0.000900000000000002,2.0599841277224584e-18
2023-03-16 07:00:00-05:00,-0.0009,True,0.0009182918025380966,1.8291802538096666e-05
2023-03-16 08:00:00-05:00,-0.0009,True,0.06035523390731969,0.059455233907319695
2023-03-16 09:00:00-05:00,-0.0009,True,0.1624241260871904,0.16152412608719038
2023-03-16 10:00:00-05:00,-0.0009,True,0.25215931500599437,0.25125931500599435
2023-03-16 11:00:00-05:00,-0.0009,True,0.3181623431636397,0.3172623431636397
2023-03-16 12:00:00-05:00,0.009180679647931858,True,0.315273628379834,0.32445430802776587
2023-03-16 13:00:00-05:00,0.1037888308762321,True,0.16795041281162892,0.271739243687861
2023-03-16 14:00:00-05:00,0.3100302348990854,True,0.008538593166248146,0.31856882806533354
2023-03-16 15:00:00-05:00,0.2889329772474088,True,-0.01803195804087265,0.27090101920653614
2023-03-16 16:00:00-05:00,0.23293268311205442,True,-0.17701153710505596,0.05592114600699846
2023-03-16 17:00:00-05:00,0.15163938453718656,True,-0.1300151870439369,0.021624197493249675
2023-03-16 18:00:00-05:00,0.1348894263280533,True,-0.1052557813421398,0.029633644985913518
2023-03-16 19:00:00-05:00,-0.0009,True,0.00020181825203827275,-0.0006981817479617273
2023-03-16 20:00:00-05:00,-0.0009,True,0.0008999999999999991,-8.673617379884035e-19
2023-03-16 21:00:00-05:00,-0.0009,True,0.0008999999999999991,-8.673617379884035e-19
2023-03-16 22:00:00-05:00,-0.0009,True,0.0008999999999999991,-8.673617379884035e-19
2023-03-16 23:00:00-05:00,-0.0009,True,0.0008999999999999991,-8.673617379884035e-19
2023-03-17 00:00:00-05:00,-0.0009,True,0.000900000000000002,2.0599841277224584e-18
2023-03-17 01:00:00-05:00,-0.0009,True,0.000900000000000002,2.0599841277224584e-18
2023-03-17 02:00:00-05:00,-0.0009,True,0.000900000000000002,2.0599841277224584e-18
2023-03-17 03:00:00-05:00,-0.0009,True,0.000900000000000002,2.0599841277224584e-18
2023-03-17 04:00:00-05:00,-0.0009,True,0.000900000000000002,2.0599841277224584e-18
2023-03-17 05:00:00-05:00,-0.0009,True,0.000900000000000002,2.0599841277224584e-18
2023-03-17 06:00:00-05:00,-0.0009,True,0.000900000000000002,2.0599841277224584e-18
2023-03-17 07:00:00-05:00,-0.0009,True,0.0009610370071987524,6.103700719875245e-05
2023-03-17 08:00:00-05:00,-0.0009,True,0.05402569282096257,0.05312569282096257
2023-03-17 09:00:00-05:00,-0.0009,True,0.12560889720348237,0.12470889720348237
2023-03-17 10:00:00-05:00,-0.0009,True,0.199133962524315,0.198233962524315
2023-03-17 11:00:00-05:00,-0.0009,True,0.2185764664938376,0.2176764664938376
2023-03-17 12:00:00-05:00,-0.0009,True,0.2053004956245217,0.2044004956245217
2023-03-17 13:00:00-05:00,0.11453772058210196,True,0.171360363609242,0.285898084191344
2023-03-17 14:00:00-05:00,0.07147937182430933,True,0.15889622270537557,0.2303755945296849
2023-03-17 15:00:00-05:00,0.1902455482105767,True,0.0641180095303338,0.2543635577409105
2023-03-17 16:00:00-05:00,0.1102149652721641,True,-0.02967550961994062,0.08053945565222348
2023-03-17 17:00:00-05:00,0.0596196001108514,True,-0.059022795364997487,0.0005968047458539127
2023-03-17 18:00:00-05:00,0.07652539966498054,True,-0.07656621235898024,-4.081269399970611e-05
2023-03-17 19:00:00-05:00,0.08660972205575453,True,-0.08300525228616383,0.0036044697695906958
2023-03-17 20:00:00-05:00,-0.0009,True,0.0008999999999999991,-8.673617379884035e-19
2023-03-17 21:00:00-05:00,-0.0009,True,0.0008999999999999991,-8.673617379884035e-19
2023-03-17 22:00:00-05:00,0.03262127724973208,True,-0.02822988295585553,0.004391394293876548
2023-03-17 23:00:00-05:00,-0.0009,True,0.0008999999999999991,-8.673617379884035e-19
2023-03-18 00:00:00-05:00,-0.0009,True,0.000900000000000002,2.0599841277224584e-18
2023-03-18 01:00:00-05:00,-0.0009,True,0.000900000000000002,2.0599841277224584e-18
2023-03-18 02:00:00-05:00,-0.0009,True,0.000900000000000002,2.0599841277224584e-18
2023-03-18 03:00:00-05:00,-0.0009,True,0.0009006267210206467,6.267210206467155e-07
2023-03-18 04:00:00-05:00,-0.0009,True,0.000900000000000002,2.0599841277224584e-18
2023-03-18 05:00:00-05:00,-0.0009,True,0.000900000000000002,2.0599841277224584e-18
2023-03-18 06:00:00-05:00,-0.0009,True,0.000900000000000002,2.0599841277224584e-18
2023-03-18 07:00:00-05:00,-0.0009,True,0.0012350663968232578,0.0003350663968232578
2023-03-18 08:00:00-05:00,-0.0009,True,0.07238256227714342,0.07148256227714342
2023-03-18 09:00:00-05:00,-0.0009,True,0.16031860985510252,0.1594186098551025
2023-03-18 10:00:00-05:00,-0.0009,True,0.21491520046208445,0.21401520046208444
2023-03-18 11:00:00-05:00,-0.0009,True,0.25801781723877837,0.25711781723877836
2023-03-18 12:00:00-05:00,0.0517076754034043,True,0.18435238232168294,0.23606005772508723
2023-03-18 13:00:00-05:00,0.17054181016302003,True,0.129928081287237,0.30046989145025704
2023-03-18 14:00:00-05:00,0.3218574843736716,True,0.014223217003967135,0.33608070137763874
2023-03-18 15:00:00-05:00,0.299815928301263,True,-0.007379889222276201,0.2924360390789868
2023-03-18 16:00:00-05:00,0.22600780187017927,True,-0.109584984856507,0.11642281701367227
2023-03-18 17:00:00-05:00,0.1839368309679029,True,-0.16368688610626106,0.020249944861641833
2023-03-18 18:00:00-05:00,0.14250166393024077,True,-0.10879595797902607,0.03370570595121471
2023-03-18 19:00:00-05:00,0.08132613396788509,True,-0.09083226793155448,-0.009506133963669394
2023-03-18 20:00:00-05:00,-0.0009,True,0.0008999999999999991,-8.673617379884035e-19
2023-03-18 21:00:00-05:00,-0.0009,True,0.0008999999999999991,-8.673617379884035e-19
2023-03-18 22:00:00-05:00,-0.0009,True,0.0008999999999999991,-8.673617379884035e-19
2023-03-18 23:00:00-05:00,-0.0009,True,0.0008999999999999991,-8.673617379884035e-19
2023-03-19 00:00:00-05:00,-0.0009,True,0.000900000000000002,2.0599841277224584e-18
2023-03-19 01:00:00-05:00,-0.0009,True,0.000900000000000002,2.0599841277224584e-18
2023-03-19 02:00:00-05:00,-0.0009,True,0.000900000000000002,2.0599841277224584e-18
2023-03-19 03:00:00-05:00,-0.0009,True,0.000900000000000002,2.0599841277224584e-18
2023-03-19 04:00:00-05:00,-0.0009,True,0.000900000000000002,2.0599841277224584e-18
2023-03-19 05:00:00-05:00,-0.0009,True,0.000900000000000002,2.0599841277224584e-18
2023-03-19 06:00:00-05:00,-0.0009,True,0.0009292363729181819,2.923637291818188e-05
2023-03-19 07:00:00-05:00,-0.0009,True,0.0014349263188717558,0.0005349263188717558
2023-03-19 08:00:00-05:00,-0.0009,True,0.07205286928155727,0.07115286928155727
2023-03-19 09:00:00-05:00,-0.0009,True,0.17588100387907005,0.17498100387907004
2023-03-19 10:00:00-05:00,-0.0009,True,0.26269401421176136,0.26179401421176135
2023-03-19 11:00:00-05:00,-0.0009,True,0.3364005400037873,0.33550054000378726
2023-03-19 12:00:00-05:00,0.25359151324607826,True,0.1508875379994136,0.4044790512454919
2023-03-19 13:00:00-05:00,0.33911787398162774,True,0.08544778015863402,0.42456565414026176
2023-03-19 14:00:00-05:00,0.35070267720423604,True,0.009074316991954002,0.35977699419619
2023-03-19 15:00:00-05:00,0.3171952084450552,True,-0.012386351866901004,0.3048088565781542
2023-03-19 16:00:00-05:00,0.2578917212807323,True,-0.18025725307227908,0.07763446820845321
2023-03-19 17:00:00-05:00,0.17330963708853736,True,-0.14032056446483115,0.032989072623706206
2023-03-19 18:00:00-05:00,0.20014728736922702,True,-0.17840384943826476,0.021743437930962256
2023-03-19 19:00:00-05:00,0.08107604638061476,True,-0.09003397863107071,-0.00895793225045595
2023-03-19 20:00:00-05:00,-0.0009,True,-0.0006788372090510478,-0.0015788372090510478
2023-03-19 21:00:00-05:00,-0.0009,True,0.0007244961905643525,-0.00017550380943564745
2023-03-19 22:00:00-05:00,-0.0009,True,0.0008999999999999991,-8.673617379884035e-19
2023-03-19 23:00:00-05:00,-0.0009,True,0.0008999999999999991,-8.673617379884035e-19
2023-03-20 00:00:00-05:00,-0.0009,True,0.000900000000000002,2.0599841277224584e-18
2023-03-20 01:00:00-05:00,-0.0009,True,0.0009058472745836379,5.847274583637959e-06
2023-03-20 02:00:00-05:00,-0.0009,True,0.0009292363729181819,2.923637291818188e-05
2023-03-20 03:00:00-05:00,-0.0009,True,0.0009292363729181819,2.923637291818188e-05
2023-03-20 04:00:00-05:00,-0.0009,True,0.0009292363729181819,2.923637291818188e-05
2023-03-20 05:00:00-05:00,-0.0009,True,0.000900000000000002,2.0599841277224584e-18
2023-03-20 06:00:00-05:00,-0.0009,True,0.000900000000000002,2.0599841277224584e-18
2023-03-20 07:00:00-05:00,-0.0009,True,0.00136815973922255,0.00046815973922255004
2023-03-20 08:00:00-05:00,-0.0009,True,0.06832939559869862,0.06742939559869862
2023-03-20 09:00:00-05:00,-0.0009,True,0.16299868007011478,0.16209868007011477
2023-03-20 10:00:00-05:00,-0.0009,True,0.26451033137902524,0.26361033137902523
2023-03-20 11:00:00-05:00,-0.0009,True,0.3404761575564702,0.3395761575564702
2023-03-20 12:00:00-05:00,0.23456202766503612,True,0.1434675117890587,0.3780295394540948
2023-03-20 13:00:00-05:00,0.3177237423324422,True,0.07171154502819399,0.3894352873606362
2023-03-20 14:00:00-05:00,0.3276400114798124,True,0.0001738249738102328,0.32781383645362266
2023-03-20 15:00:00-05:00,0.3008346606526103,True,-0.02347505310661001,0.27735960754600025
2023-03-20 16:00:00-05:00,0.2429051945135115,True,-0.1847052108083661,0.0581999837051454
2023-03-20 17:00:00-05:00,0.15898573224601714,True,-0.1360267762800268,0.022958955965990346
2023-03-20 18:00:00-05:00,0.053816098282133164,True,-0.051206092249804644,0.00261000603232852
2023-03-20 19:00:00-05:00,-0.0009,True,0.0006656449949820783,-0.00023435500501792163
2023-03-20 20:00:00-05:00,-0.0009,True,0.0008999999999999991,-8.673617379884035e-19
2023-03-20 21:00:00-05:00,-0.0009,True,0.0008999999999999991,-8.673617379884035e-19
2023-03-20 22:00:00-05:00,-0.0009,True,0.0008999999999999991,-8.673617379884035e-19
2023-03-20 23:00:00-05:00,-0.0009,True,0.0008999999999999991,-8.673617379884035e-19
2023-03-21 00:00:00-05:00,-0.0009,True,0.000900000000000002,2.0599841277224584e-18
2023-03-21 01:00:00-05:00,-0.0009,True,0.000900000000000002,2.0599841277224584e-18
2023-03-21 02:00:00-05:00,-0.0009,True,0.000900000000000002,2.0599841277224584e-18
2023-03-21 03:00:00-05:00,-0.0009,True,0.000900000000000002,2.0599841277224584e-18
2023-03-21 04:00:00-05:00,-0.0009,True,0.000900000000000002,2.0599841277224584e-18
2023-03-21 05:00:00-05:00,-0.0009,True,0.000900000000000002,2.0599841277224584e-18
2023-03-21 06:00:00-05:00,-0.0009,True,0.000900000000000002,2.0599841277224584e-18
2023-03-21 07:00:00-05:00,-0.0009,True,0.0013208302421826937,0.0004208302421826937
2023-03-21 08:00:00-05:00,-0.0009,True,0.06946180687546435,0.06856180687546436
2023-03-21 09:00:00-05:00,-0.0009,True,0.17056201260744838,0.16966201260744837
2023-03-21 10:00:00-05:00,-0.0009,True,0.2666184218755329,0.2657184218755329
2023-03-21 11:00:00-05:00,-0.0009,True,0.2886230289680325,0.2877230289680325
2023-03-21 12:00:00-05:00,0.24444335418123989,True,0.13600430547113737,0.38044765965237726
2023-03-21 13:00:00-05:00,0.3180220069950679,True,0.07872029268873917,0.39674229968380703
2023-03-21 14:00:00-05:00,0.32227657837167084,True,-0.0004249441758910993,0.3218516341957797
2023-03-21 15:00:00-05:00,0.292792747803091,True,-0.0219503189817027,0.2708424288213883
2023-03-21 16:00:00-05:00,0.23759811537884512,True,-0.18247236886515694,0.05512574651368818
2023-03-21 17:00:00-05:00,0.18348607607728945,True,-0.16307706637883135,0.020409009698458103
2023-03-21 18:00:00-05:00,0.1238724120476252,True,-0.1051588921051481,0.018713519942477094
2023-03-21 19:00:00-05:00,0.04663229489337225,True,-0.04792965312432043,-0.0012973582309481826
2023-03-21 20:00:00-05:00,0.01877686926989848,True,-0.020444857382424096,-0.001667988112525616
2023-03-21 21:00:00-05:00,0.03879925104164906,True,-0.038604732896434485,0.00019451814521457417
2023-03-21 22:00:00-05:00,0.03662916105959018,True,-0.03656350843970342,6.565261988675936e-05
2023-03-21 23:00:00-05:00,-0.0009,True,0.0008999999999999991,-8.673617379884035e-19
2023-03-22 00:00:00-05:00,-0.0009,True,0.0009425077962381057,4.250779623810573e-05
2023-03-22 01:00:00-05:00,-0.0009,True,0.0009425077962381057,4.250779623810573e-05
2023-03-22 02:00:00-05:00,-0.0009,True,0.0009425077962381057,4.250779623810573e-05
2023-03-22 03:00:00-05:00,-0.0009,True,0.0009425077962381057,4.250779623810573e-05
2023-03-22 04:00:00-05:00,-0.0009,True,0.000900000000000002,2.0599841277224584e-18
2023-03-22 05:00:00-05:00,-0.0009,True,0.0009425077962381057,4.250779623810573e-05
2023-03-22 06:00:00-05:00,-0.0009,True,0.0009425077962381057,4.250779623810573e-05
2023-03-22 07:00:00-05:00,-0.0009,True,0.0014002985870541604,0.0005002985870541604
2023-03-22 08:00:00-05:00,-0.0009,True,0.05996663779818383,0.05906663779818383
2023-03-22 09:00:00-05:00,-0.0009,True,0.15213681175201996,0.15123681175201995
2023-03-22 10:00:00-05:00,-0.0009,True,0.22472483200585106,0.22382483200585104
2023-03-22 11:00:00-05:00,-0.0009,True,0.23824758989492734,0.23734758989492732
2023-03-22 12:00:00-05:00,-0.0009,True,0.2462687768500339,0.2453687768500339
2023-03-22 13:00:00-05:00,0.1275898138601646,True,0.19241197401182475,0.32000178787198935
2023-03-22 14:00:00-05:00,0.0772623894395524,True,0.16826635709831803,0.24552874653787043
2023-03-22 15:00:00-05:00,0.14137126040194878,True,0.07340170014629666,0.21477296054824543
2023-03-22 16:00:00-05:00,0.22095750319868163,True,-0.09373538845926109,0.12722211473942052
2023-03-22 17:00:00-05:00,0.20046478553285807,True,-0.1788389245041984,0.021625861028659682
2023-03-22 18:00:00-05:00,0.055149625457681234,True,-0.05521515698004519,-6.553152236395826e-05
2023-03-22 19:00:00-05:00,-0.0009,True,-0.0006834279728960979,-0.001583427972896098
2023-03-22 20:00:00-05:00,0.08455876930136474,True,-0.09272866947168086,-0.008169900170316116
2023-03-22 21:00:00-05:00,0.07109014207989424,True,-0.07047022289107308,0.0006199191888211636
2023-03-22 22:00:00-05:00,0.035373707760380596,True,-0.035270018970816414,0.00010368878956418248
2023-03-22 23:00:00-05:00,-0.0009,True,0.0008999999999999991,-8.673617379884035e-19
2023-03-23 00:00:00-05:00,-0.0009,True,0.000900000000000002,2.0599841277224584e-18
2023-03-23 01:00:00-05:00,-0.0009,True,0.000900000000000002,2.0599841277224584e-18
2023-03-23 02:00:00-05:00,-0.0009,True,0.000900000000000002,2.0599841277224584e-18
2023-03-23 03:00:00-05:00,-0.0009,True,0.000900000000000002,2.0599841277224584e-18
2023-03-23 04:00:00-05:00,-0.0009,True,0.000900000000000002,2.0599841277224584e-18
2023-03-23 05:00:00-05:00,-0.0009,True,0.000900000000000002,2.0599841277224584e-18
2023-03-23 06:00:00-05:00,-0.0009,True,0.000900000000000002,2.0599841277224584e-18
2023-03-23 07:00:00-05:00,-0.0009,True,0.0015727182167845038,0.0006727182167845039
2023-03-23 08:00:00-05:00,-0.0009,True,0.06783438546533323,0.06693438546533323
2023-03-23 09:00:00-05:00,-0.0009,True,0.11956796314347046,0.11866796314347046
2023-03-23 10:00:00-05:00,-0.0009,True,0.13699024130405013,0.13609024130405012
2023-03-23 11:00:00-05:00,-0.0009,True,0.1549794007222031,0.15407940072220308
2023-03-23 12:00:00-05:00,0.005322452171831005,True,0.12975241785382743,0.13507487002565843
2023-03-23 13:00:00-05:00,-0.0009,True,0.11271733022256473,0.11181733022256474
2023-03-23 14:00:00-05:00,0.01057994242338745,True,0.10404492167386549,0.11462486409725293
2023-03-23 15:00:00-05:00,0.007513916490409745,True,0.07989838274546752,0.08741229923587727
2023-03-23 16:00:00-05:00,0.07654775155564424,True,-0.028306868748426958,0.04824088280721728
2023-03-23 17:00:00-05:00,0.10471170230852425,True,-0.09084838235757842,0.013863319950945835
2023-03-23 18:00:00-05:00,0.12409304011971434,True,-0.09843336057619678,0.025659679543517555
2023-03-23 19:00:00-05:00,0.10626738863869363,True,-0.09136308127245735,0.014904307366236283
2023-03-23 20:00:00-05:00,0.10617325983865522,True,-0.09742269061418074,0.00875056922447448
2023-03-23 21:00:00-05:00,0.060491906488256045,True,-0.06346734555068431,-0.0029754390624282673
2023-03-23 22:00:00-05:00,0.031582031828339165,True,-0.026740742745837254,0.00484128908250191
2023-03-23 23:00:00-05:00,-0.0009,True,0.0008999999999999991,-8.673617379884035e-19
2023-03-24 00:00:00-05:00,-0.0009,True,0.000900000000000002,2.0599841277224584e-18
2023-03-24 01:00:00-05:00,-0.0009,True,0.000900000000000002,2.0599841277224584e-18
2023-03-24 02:00:00-05:00,-0.0009,True,0.000900000000000002,2.0599841277224584e-18
2023-03-24 03:00:00-05:00,-0.0009,True,0.000900000000000002,2.0599841277224584e-18
2023-03-24 04:00:00-05:00,-0.0009,True,0.000900000000000002,2.0599841277224584e-18
2023-03-24 05:00:00-05:00,-0.0009,True,0.000900000000000002,2.0599841277224584e-18
2023-03-24 06:00:00-05:00,-0.0009,True,0.000900000000000002,2.0599841277224584e-18
2023-03-24 07:00:00-05:00,-0.0009,True,0.0014553861872333648,0.0005553861872333648
2023-03-24 08:00:00-05:00,-0.0009,True,0.06219290507780311,0.06129290507780311
2023-03-24 09:00:00-05:00,-0.0009,True,0.12083073711870858,0.11993073711870858
2023-03-24 10:00:00-05:00,-0.0009,True,0.18043886607347598,0.17953886607347597
2023-03-24 11:00:00-05:00,-0.0009,True,0.2097317388887779,0.2088317388887779
2023-03-24 12:00:00-05:00,0.011273769337387673,True,0.21140092466130855,0.22267469399869622
2023-03-24 13:00:00-05:00,-0.0009,True,0.18703297963999974,0.18613297963999972
2023-03-24 14:00:00-05:00,0.03993113460730537,True,0.168924120137367,0.20885525474467237
2023-03-24 15:00:00-05:00,0.07898462552850541,True,0.09001123002445467,0.1689958555529601
2023-03-24 16:00:00-05:00,0.05628947642210935,True,-0.009011993202346504,0.04727748321976285
2023-03-24 17:00:00-05:00,-0.0009,True,0.0015991277096609193,0.0006991277096609193
2023-03-24 18:00:00-05:00,-0.0009,True,0.0008999999999999991,-8.673617379884035e-19
2023-03-24 19:00:00-05:00,0.030209776043828986,True,-0.03002657699910984,0.000183199044719147
2023-03-24 20:00:00-05:00,0.04078128017236194,True,-0.036236756420126005,0.004544523752235935
2023-03-24 21:00:00-05:00,0.03464228465004529,True,-0.02975129476507889,0.004890989884966401
2023-03-24 22:00:00-05:00,-0.0009,True,0.0008999999999999991,-8.673617379884035e-19
2023-03-24 23:00:00-05:00,-0.0009,True,0.0008999999999999991,-8.673617379884035e-19
2023-03-25 00:00:00-05:00,-0.0009,True,0.000900000000000002,2.0599841277224584e-18
2023-03-25 01:00:00-05:00,-0.0009,True,0.000900000000000002,2.0599841277224584e-18
2023-03-25 02:00:00-05:00,-0.0009,True,0.000900000000000002,2.0599841277224584e-18
2023-03-25 03:00:00-05:00,-0.0009,True,0.000900000000000002,2.0599841277224584e-18
2023-03-25 04:00:00-05:00,-0.0009,True,0.000900000000000002,2.0599841277224584e-18
2023-03-25 05:00:00-05:00,-0.0009,True,0.000900000000000002,2.0599841277224584e-18
2023-03-25 06:00:00-05:00,-0.0009,True,0.000900000000000002,2.0599841277224584e-18
2023-03-25 07:00:00-05:00,-0.0009,True,0.0015742137392186191,0.0006742137392186192
2023-03-25 08:00:00-05:00,-0.0009,True,0.05516954165344626,0.05426954165344626
2023-03-25 09:00:00-05:00,-0.0009,True,0.1153473402017877,0.1144473402017877
2023-03-25 10:00:00-05:00,-0.0009,True,0.1669365688264129,0.16603656882641288
2023-03-25 11:00:00-05:00,-0.0009,True,0.19872866196783573,0.19782866196783572
2023-03-25 12:00:00-05:00,-0.0009,True,0.20358289259940793,0.20268289259940792
2023-03-25 13:00:00-05:00,0.03334682686451439,True,0.1842848312698131,0.2176316581343275
2023-03-25 14:00:00-05:00,-0.0009,True,0.14917520067218668,0.14827520067218666
2023-03-25 15:00:00-05:00,0.024896270986031883,True,0.09621977421133389,0.12111604519736577
2023-03-25 16:00:00-05:00,0.012939021101168357,True,0.01925493221881502,0.03219395331998338
2023-03-25 17:00:00-05:00,0.0050860005151764955,True,-0.004428817589518902,0.0006571829256575932
2023-03-25 18:00:00-05:00,0.018791755502595556,True,-0.01943732097741989,-0.0006455654748243334
2023-03-25 19:00:00-05:00,0.06427705378459839,True,-0.06402507143357092,0.0002519823510274688
2023-03-25 20:00:00-05:00,-0.0009,True,0.0008999999999999991,-8.673617379884035e-19
2023-03-25 21:00:00-05:00,0.025717787918886445,True,-0.024435119228050892,0.0012826686908355527
2023-03-25 22:00:00-05:00,0.004928254766672027,True,-0.005928586205152266,-0.0010003314384802392
2023-03-25 23:00:00-05:00,-0.0009,True,0.0008999999999999991,-8.673617379884035e-19
2023-03-26 00:00:00-05:00,-0.0009,True,0.000900000000000002,2.0599841277224584e-18
2023-03-26 01:00:00-05:00,-0.0009,True,0.000900000000000002,2.0599841277224584e-18
2023-03-26 02:00:00-05:00,-0.0009,True,0.000900000000000002,2.0599841277224584e-18
2023-03-26 03:00:00-05:00,-0.0009,True,0.000900000000000002,2.0599841277224584e-18
2023-03-26 04:00:00-05:00,-0.0009,True,0.000900000000000002,2.0599841277224584e-18
2023-03-26 05:00:00-05:00,-0.0009,True,0.0009006267210206467,6.267210206467155e-07
2023-03-26 06:00:00-05:00,-0.0009,True,0.000900000000000002,2.0599841277224584e-18
2023-03-26 07:00:00-05:00,-0.0009,True,0.0015360353999037185,0.0006360353999037185
2023-03-26 08:00:00-05:00,-0.0009,True,0.07130186768462562,0.07040186768462563
2023-03-26 09:00:00-05:00,-0.0009,True,0.13702579168641998,0.13612579168641997
2023-03-26 10:00:00-05:00,-0.0009,True,0.18833245991978412,0.1874324599197841
2023-03-26 11:00:00-05:00,-0.0009,True,0.21129365381731557,0.21039365381731556
2023-03-26 12:00:00-05:00,0.2637238941661324,True,0.12980074205193917,0.39352463621807154
2023-03-26 13:00:00-05:00,0.32798460726483186,True,0.06287378281280154,0.3908583900776334
2023-03-26 14:00:00-05:00,0.3303145811098444,True,0.0068686309469031155,0.3371832120567475
2023-03-26 15:00:00-05:00,0.29932988888345413,True,-0.011657516657585982,0.28767237222586817
2023-03-26 16:00:00-05:00,0.23967939779932548,True,-0.1844748916006722,0.055204506198653275
2023-03-26 17:00:00-05:00,0.15457882893705346,True,-0.13505799176807085,0.01952083716898262
2023-03-26 18:00:00-05:00,0.047478759165861084,True,-0.04462361837893216,0.002855140786928924
2023-03-26 19:00:00-05:00,-0.0009,True,0.00020181825203827275,-0.0006981817479617273
2023-03-26 20:00:00-05:00,-0.0009,True,0.0008411488044177247,-5.8851195582275266e-05
2023-03-26 21:00:00-05:00,-0.0009,True,0.0008999999999999991,-8.673617379884035e-19
2023-03-26 22:00:00-05:00,-0.0009,True,0.0008999999999999991,-8.673617379884035e-19
2023-03-26 23:00:00-05:00,-0.0009,True,0.0008999999999999991,-8.673617379884035e-19
2023-03-27 00:00:00-05:00,-0.0009,True,0.000900000000000002,2.0599841277224584e-18
2023-03-27 01:00:00-05:00,-0.0009,True,0.000900000000000002,2.0599841277224584e-18
2023-03-27 02:00:00-05:00,-0.0009,True,0.000900000000000002,2.0599841277224584e-18
2023-03-27 03:00:00-05:00,-0.0009,True,0.000900000000000002,2.0599841277224584e-18
2023-03-27 04:00:00-05:00,-0.0009,True,0.0009000000000000019,1.951563910473908e-18
2023-03-27 05:00:00-05:00,-0.0009,True,0.000900000000000002,2.0599841277224584e-18
2023-03-27 06:00:00-05:00,-0.0009,True,0.000900000000000002,2.0599841277224584e-18
2023-03-27 07:00:00-05:00,-0.0009,True,0.0013650813137451657,0.0004650813137451657
2023-03-27 08:00:00-05:00,-0.0009,True,0.04416082113454242,0.043260821134542424
2023-03-27 09:00:00-05:00,-0.0009,True,0.10842801994791879,0.10752801994791879
2023-03-27 10:00:00-05:00,-0.0009,True,0.15309716885364102,0.152197168853641
2023-03-27 11:00:00-05:00,-0.0009,True,0.1788804228138521,0.1779804228138521
2023-03-27 12:00:00-05:00,0.23738375257427938,True,0.1510199942778013,0.3884037468520807
2023-03-27 13:00:00-05:00,0.30484420005854596,True,0.08517255204817831,0.39001675210672426
2023-03-27 14:00:00-05:00,0.3110980936802434,True,0.00866287356908389,0.3197609672493273
2023-03-27 15:00:00-05:00,0.28351818631252057,True,-0.008622128954708897,0.2748960573578117
2023-03-27 16:00:00-05:00,0.2292113948658595,True,-0.1706320880790319,0.0585793067868276
2023-03-27 17:00:00-05:00,0.1019882934079096,True,-0.09109724960386713,0.010891043804042475
2023-03-27 18:00:00-05:00,-0.0009,True,0.0008999999999999991,-8.673617379884035e-19
2023-03-27 19:00:00-05:00,-0.0009,True,0.0008999999999999991,-8.673617379884035e-19
2023-03-27 20:00:00-05:00,0.05926056847583653,True,-0.05978468247732191,-0.0005241140014853804
2023-03-27 21:00:00-05:00,0.06913364398186814,True,-0.06910263974776212,3.1004234106013495e-05
2023-03-27 22:00:00-05:00,-0.0009,True,0.0008999999999999991,-8.673617379884035e-19
2023-03-27 23:00:00-05:00,-0.0009,True,0.0008999999999999991,-8.673617379884035e-19
2023-03-28 00:00:00-05:00,-0.0009,True,0.000900000000000002,2.0599841277224584e-18
2023-03-28 01:00:00-05:00,-0.0009,True,0.000900000000000002,2.0599841277224584e-18
2023-03-28 02:00:00-05:00,-0.0009,True,0.000900000000000002,2.0599841277224584e-18
2023-03-28 03:00:00-05:00,-0.0009,True,0.0009000000000000019,1.951563910473908e-18
2023-03-28 04:00:00-05:00,-0.0009,True,0.0009000000000000019,1.951563910473908e-18
2023-03-28 05:00:00-05:00,-0.0009,True,0.000900000000000002,2.0599841277224584e-18
2023-03-28 06:00:00-05:00,-0.0009,True,0.000900000000000002,2.0599841277224584e-18
2023-03-28 07:00:00-05:00,-0.0009,True,0.001554247952828297,0.0006542479528282971
2023-03-28 08:00:00-05:00,-0.0009,True,0.07042955989546776,0.06952955989546776
2023-03-28 09:00:00-05:00,-0.0009,True,0.12887223874480078,0.12797223874480076
2023-03-28 10:00:00-05:00,-0.0009,True,0.15394191530981172,0.1530419153098117
2023-03-28 11:00:00-05:00,-0.0009,True,0.15672869144983545,0.15582869144983544
2023-03-28 12:00:00-05:00,0.11579362004584152,True,0.13443120679197923,0.25022482683782077
2023-03-28 13:00:00-05:00,0.032080101675591485,True,0.12584705282694147,0.15792715450253297
2023-03-28 14:00:00-05:00,0.21373140827331366,True,0.07338088216344858,0.28711229043676223
2023-03-28 15:00:00-05:00,0.2948558275523547,True,-0.010702514105362881,0.2841533134469918
2023-03-28 16:00:00-05:00,0.24064323869977583,True,-0.1863080947163478,0.054335143983428036
2023-03-28 17:00:00-05:00,0.21357727984218183,True,-0.17827170436634476,0.03530557547583707
2023-03-28 18:00:00-05:00,0.12086207733265024,True,-0.10617178423566047,0.01469029309698977
2023-03-28 19:00:00-05:00,0.1183969632690928,True,-0.10330054220352,0.015096421065572796
2023-03-28 20:00:00-05:00,0.08628602361629152,True,-0.09807661769297463,-0.011790594076683106
2023-03-28 21:00:00-05:00,0.06329582830545957,True,-0.06248851414266515,0.0008073141627944203
2023-03-28 22:00:00-05:00,0.03672367156912804,True,-0.0370395134957574,-0.00031584192662935384
2023-03-28 23:00:00-05:00,-0.0009,True,0.0008999999999999991,-8.673617379884035e-19
2023-03-29 00:00:00-05:00,-0.0009,True,0.0009000000000000019,1.951563910473908e-18
2023-03-29 01:00:00-05:00,-0.0009,True,0.000900000000000002,2.0599841277224584e-18
2023-03-29 02:00:00-05:00,-0.0009,True,0.000900000000000002,2.0599841277224584e-18
2023-03-29 03:00:00-05:00,-0.0009,True,0.000900000000000002,2.0599841277224584e-18
2023-03-29 04:00:00-05:00,-0.0009,True,0.000900000000000002,2.0599841277224584e-18
2023-03-29 05:00:00-05:00,-0.0009,True,0.000900000000000002,2.0599841277224584e-18
2023-03-29 06:00:00-05:00,-0.0009,True,0.000900000000000002,2.0599841277224584e-18
2023-03-29 07:00:00-05:00,-0.0009,True,0.0014382207713478318,0.0005382207713478318
2023-03-29 08:00:00-05:00,-0.0009,True,0.047568628431987295,0.0466686284319873
2023-03-29 09:00:00-05:00,-0.0009,True,0.12251317199406475,0.12161317199406475
2023-03-29 10:00:00-05:00,-0.0009,True,0.14857994061998692,0.1476799406199869
2023-03-29 11:00:00-05:00,-0.0009,True,0.1418618510547822,0.14096185105478218
2023-03-29 12:00:00-05:00,0.23707489769704054,True,0.1368806519002287,0.37395554959726923
2023-03-29 13:00:00-05:00,0.3077497142321535,True,0.07366788081467349,0.38141759504682704
2023-03-29 14:00:00-05:00,0.315700406924003,True,0.006909230224136845,0.32260963714813984
2023-03-29 15:00:00-05:00,0.2906533266923207,True,-0.012591437886076562,0.2780618888062441
2023-03-29 16:00:00-05:00,0.240149465747339,True,-0.18221195899807036,0.05793750674926865
2023-03-29 17:00:00-05:00,0.1562185760221998,True,-0.13655532231137135,0.019663253710828443
2023-03-29 18:00:00-05:00,0.1564005765544895,True,-0.13789561730735192,0.018504959247137576
2023-03-29 19:00:00-05:00,-0.0009,True,-3.4335421558161265e-05,-0.0009343354215581612
2023-03-29 20:00:00-05:00,0.07724710179987228,True,-0.07803824790047774,-0.000791146100605461
2023-03-29 21:00:00-05:00,0.05200190849145573,True,-0.05112276121227542,0.0008791472791803076
2023-03-29 22:00:00-05:00,-0.0009,True,0.0008999999999999991,-8.673617379884035e-19
2023-03-29 23:00:00-05:00,-0.0009,True,0.0008999999999999991,-8.673617379884035e-19
2023-03-30 00:00:00-05:00,-0.0009,True,0.000900000000000002,2.0599841277224584e-18
2023-03-30 01:00:00-05:00,-0.0009,True,0.000900000000000002,2.0599841277224584e-18
2023-03-30 02:00:00-05:00,-0.0009,True,0.000900000000000002,2.0599841277224584e-18
2023-03-30 03:00:00-05:00,-0.0009,True,0.000900000000000002,2.0599841277224584e-18
2023-03-30 04:00:00-05:00,-0.0009,True,0.000900000000000002,2.0599841277224584e-18
2023-03-30 05:00:00-05:00,-0.0009,True,0.000900000000000002,2.0599841277224584e-18
2023-03-30 06:00:00-05:00,-0.0009,True,0.000900000000000002,2.0599841277224584e-18
2023-03-30 07:00:00-05:00,-0.0009,True,0.0013099355149404756,0.0004099355149404756
2023-03-30 08:00:00-05:00,-0.0009,True,0.07221617306770291,0.07131617306770291
2023-03-30 09:00:00-05:00,-0.0009,True,0.15511036034265596,0.15421036034265595
2023-03-30 10:00:00-05:00,-0.0009,True,0.23323351963967912,0.2323335196396791
2023-03-30 11:00:00-05:00,-0.0009,True,0.2388844780561006,0.2379844780561006
2023-03-30 12:00:00-05:00,0.2896223747282924,True,0.10697292736394813,0.39659530209224053
2023-03-30 13:00:00-05:00,0.348266627904701,True,0.06310523656457755,0.41137186446927854
2023-03-30 14:00:00-05:00,0.349131877961861,True,0.0005370888798460751,0.34966896684170706
2023-03-30 15:00:00-05:00,0.31489496952060386,True,-0.02004449608638822,0.29485047343421567
2023-03-30 16:00:00-05:00,0.25359676655748753,True,-0.18282099069264607,0.07077577586484146
2023-03-30 17:00:00-05:00,0.16407118074259178,True,-0.13993018020375675,0.024141000538835028
2023-03-30 18:00:00-05:00,0.04826150278688463,True,-0.04655683115970502,0.0017046716271796117
2023-03-30 19:00:00-05:00,-0.0009,True,0.0006656449949820783,-0.00023435500501792163
2023-03-30 20:00:00-05:00,-0.0009,True,0.0008411488044177247,-5.8851195582275266e-05
2023-03-30 21:00:00-05:00,-0.0009,True,0.0008999999999999991,-8.673617379884035e-19
2023-03-30 22:00:00-05:00,-0.0009,True,0.0008999999999999991,-8.673617379884035e-19
2023-03-30 23:00:00-05:00,-0.0009,True,0.0008999999999999991,-8.673617379884035e-19
2023-03-31 00:00:00-05:00,-0.0009,True,0.000900000000000002,2.0599841277224584e-18
2023-03-31 01:00:00-05:00,-0.0009,True,0.000900000000000002,2.0599841277224584e-18
2023-03-31 02:00:00-05:00,-0.0009,True,0.000900000000000002,2.0599841277224584e-18
2023-03-31 03:00:00-05:00,-0.0009,True,0.000900000000000002,2.0599841277224584e-18
2023-03-31 04:00:00-05:00,-0.0009,True,0.000900000000000002,2.0599841277224584e-18
2023-03-31 05:00:00-05:00,-0.0009,True,0.000900000000000002,2.0599841277224584e-18
2023-03-31 06:00:00-05:00,-0.0009,True,0.000900000000000002,2.0599841277224584e-18
2023-03-31 07:00:00-05:00,-0.0009,True,0.0013158452972912632,0.0004158452972912632
2023-03-31 08:00:00-05:00,-0.0009,True,0.05393945872461023,0.05303945872461023
2023-03-31 09:00:00-05:00,-0.0009,True,0.08557162881499919,0.08467162881499919
2023-03-31 10:00:00-05:00,-0.0009,True,0.1069090583922388,0.1060090583922388
2023-03-31 11:00:00-05:00,-0.0009,True,0.16060453123538238,0.15970453123538236
2023-03-31 12:00:00-05:00,0.10847825609960368,True,0.1411814883230703,0.24965974442267397
2023-03-31 13:00:00-05:00,0.05302766526360134,True,0.14698366225802748,0.2000113275216288
2023-03-31 14:00:00-05:00,0.06746834230697231,True,0.1634561807432873,0.23092452305025962
2023-03-31 15:00:00-05:00,0.12367355664182018,True,0.0761509453245394,0.1998245019663596
2023-03-31 16:00:00-05:00,0.14609244992672113,True,-0.02462401273147278,0.12146843719524836
2023-03-31 17:00:00-05:00,0.18351937976787389,True,-0.16336500637310203,0.020154373394771857
2023-03-31 18:00:00-05:00,0.17270016356749204,True,-0.14360584918846153,0.02909431437903051
2023-03-31 19:00:00-05:00,0.11579460957001432,True,-0.09907618290919988,0.01671842666081444
2023-03-31 20:00:00-05:00,0.07400272411877984,True,-0.0745987326495165,-0.000596008530736658
2023-03-31 21:00:00-05:00,0.015707307483830667,True,-0.014561841395565217,0.00114546608826545
2023-03-31 22:00:00-05:00,-0.0009,True,0.0008999999999999991,-8.673617379884035e-19
2023-03-31 23:00:00-05:00,-0.0009,True,0.0008999999999999991,-8.673617379884035e-19
2023-04-01 00:00:00-05:00,-0.0009,True,0.000900000000000002,2.0599841277224584e-18
2023-04-01 01:00:00-05:00,-0.0009,True,0.000900000000000002,2.0599841277224584e-18
2023-04-01 02:00:00-05:00,-0.0009,True,0.000900000000000002,2.0599841277224584e-18
2023-04-01 03:00:00-05:00,-0.0009,True,0.000900000000000002,2.0599841277224584e-18
2023-04-01 04:00:00-05:00,-0.0009,True,0.000900000000000002,2.0599841277224584e-18
2023-04-01 05:00:00-05:00,-0.0009,True,0.000900000000000002,2.0599841277224584e-18
2023-04-01 06:00:00-05:00,-0.0009,True,0.000900000000000002,2.0599841277224584e-18
2023-04-01 07:00:00-05:00,-0.0009,True,0.0009803595330187544,8.035953301875447e-05
2023-04-01 08:00:00-05:00,-0.0009,True,0.04407992446615986,0.04317992446615986
2023-04-01 09:00:00-05:00,-0.0009,True,0.0940110557578802,0.0931110557578802
2023-04-01 10:00:00-05:00,-0.0009,True,0.09618243748126094,0.09528243748126095
2023-04-01 11:00:00-05:00,-0.0009,True,0.08656657372014757,0.08566657372014758
2023-04-01 12:00:00-05:00,-0.0009,True,0.08900977782485046,0.08810977782485047
2023-04-01 13:00:00-05:00,-0.0009,True,0.09489204702179993,0.09399204702179993
2023-04-01 14:00:00-05:00,0.03184781634299677,True,0.13197577601085064,0.1638235923538474
2023-04-01 15:00:00-05:00,0.020933102785719405,True,0.10578737638626745,0.12672047917198687
2023-04-01 16:00:00-05:00,0.018456431185202356,True,0.02090013073079872,0.03935656191600108
2023-04-01 17:00:00-05:00,0.16771463717685212,True,-0.14708374357446505,0.020630893602387068
2023-04-01 18:00:00-05:00,0.0494776333804225,True,-0.05130910307615693,-0.0018314696957344306
2023-04-01 19:00:00-05:00,0.02943127171653461,True,-0.026201197680660523,0.003230074035874088
2023-04-01 20:00:00-05:00,-0.0009,True,-0.0005530012929838604,-0.0014530012929838605
2023-04-01 21:00:00-05:00,0.05227491311470024,True,-0.05250424325930079,-0.00022933014460054663
2023-04-01 22:00:00-05:00,0.04167855583179943,True,-0.04114984115356681,0.0005287146782326155
2023-04-01 23:00:00-05:00,-0.0009,True,0.0008999999999999991,-8.673617379884035e-19
2023-04-02 00:00:00-05:00,-0.0009,True,0.0011205737532174068,0.0002205737532174068
2023-04-02 01:00:00-05:00,-0.0009,True,0.0011381110581101716,0.00023811105811017167
2023-04-02 02:00:00-05:00,-0.0009,True,0.000900000000000002,2.0599841277224584e-18
2023-04-02 03:00:00-05:00,-0.0009,True,0.000900000000000002,2.0599841277224584e-18
2023-04-02 04:00:00-05:00,-0.0009,True,0.000900000000000002,2.0599841277224584e-18
2023-04-02 05:00:00-05:00,-0.0009,True,0.000900000000000002,2.0599841277224584e-18
2023-04-02 06:00:00-05:00,-0.0009,True,0.000900000000000002,2.0599841277224584e-18
2023-04-02 07:00:00-05:00,-0.0009,True,0.000919017372275283,1.9017372275283054e-05
2023-04-02 08:00:00-05:00,-0.0009,True,0.057834108173422,0.056934108173422
2023-04-02 09:00:00-05:00,-0.0009,True,0.16413514749619126,0.16323514749619125
2023-04-02 10:00:00-05:00,-0.0009,True,0.2416551497098823,0.2407551497098823
2023-04-02 11:00:00-05:00,0.04768834890521217,True,0.28236842867006895,0.3300567775752811
2023-04-02 12:00:00-05:00,0.263827670936974,True,0.11150630018092979,0.3753339711179038
2023-04-02 13:00:00-05:00,0.33443534986955836,True,0.06533950916792043,0.3997748590374788
2023-04-02 14:00:00-05:00,0.3443184629947139,True,0.008303718408103818,0.35262218140281776
2023-04-02 15:00:00-05:00,0.31236616967422215,True,-0.015008210992138466,0.2973579586820837
2023-04-02 16:00:00-05:00,0.25026634357788047,True,-0.18494201587422407,0.0653243277036564
2023-04-02 17:00:00-05:00,0.16429568484405543,True,-0.143557861441504,0.020737823402551425
2023-04-02 18:00:00-05:00,0.05652901948804085,True,-0.05789494424904422,-0.001365924761003369
2023-04-02 19:00:00-05:00,-0.0009,True,-0.004371796108884046,-0.0052717961088840455
2023-04-02 20:00:00-05:00,-0.0009,True,-0.000611852488566135,-0.001511852488566135
2023-04-02 21:00:00-05:00,-0.0009,True,0.0003322449319505098,-0.0005677550680494902
2023-04-02 22:00:00-05:00,-0.0009,True,0.0008999999999999991,-8.673617379884035e-19
2023-04-02 23:00:00-05:00,-0.0009,True,0.0008999999999999991,-8.673617379884035e-19
2023-04-03 00:00:00-05:00,-0.0009,True,0.000900000000000002,2.0599841277224584e-18
2023-04-03 01:00:00-05:00,-0.0009,True,0.000900000000000002,2.0599841277224584e-18
2023-04-03 02:00:00-05:00,-0.0009,True,0.000900000000000002,2.0599841277224584e-18
2023-04-03 03:00:00-05:00,-0.0009,True,0.000900000000000002,2.0599841277224584e-18
2023-04-03 04:00:00-05:00,-0.0009,True,0.000900000000000002,2.0599841277224584e-18
2023-04-03 05:00:00-05:00,-0.0009,True,0.000900000000000002,2.0599841277224584e-18
2023-04-03 06:00:00-05:00,-0.0009,True,0.000900000000000002,2.0599841277224584e-18
2023-04-03 07:00:00-05:00,-0.0009,True,0.0009136589489264,1.3658948926400074e-05
2023-04-03 08:00:00-05:00,-0.0009,True,0.04294906335114192,0.04204906335114192
2023-04-03 09:00:00-05:00,-0.0009,True,0.10906591816067712,0.10816591816067712
2023-04-03 10:00:00-05:00,-0.0009,True,0.1480780478342005,0.1471780478342005
2023-04-03 11:00:00-05:00,0.03337229123303165,True,0.19245379471993174,0.22582608595296338
2023-04-03 12:00:00-05:00,0.16202370960558088,True,0.14043884917456562,0.3024625587801465
2023-04-03 13:00:00-05:00,0.3037000571624826,True,0.08623972329060865,0.38993978045309124
2023-04-03 14:00:00-05:00,0.1731993108252882,True,0.09223285774725898,0.26543216857254714
2023-04-03 15:00:00-05:00,0.2873735242463925,True,-0.009201347478103418,0.2781721767682891
2023-04-03 16:00:00-05:00,0.2349162733088368,True,-0.186053074027815,0.048863199281021785
2023-04-03 17:00:00-05:00,0.16247118739151054,True,-0.1451005600605926,0.01737062733091793
2023-04-03 18:00:00-05:00,0.10243276234840527,True,-0.09969750714886862,0.002735255199536657
2023-04-03 19:00:00-05:00,0.11739278023082102,True,-0.09605883721833973,0.021333943012481288
2023-04-03 20:00:00-05:00,0.09644062470774559,True,-0.09132401591308961,0.005116608794655975
2023-04-03 21:00:00-05:00,0.038171918161220696,True,-0.038485839384823785,-0.00031392122360308916
2023-04-03 22:00:00-05:00,0.031342480813559004,True,-0.025951103173963194,0.00539137763959581
2023-04-03 23:00:00-05:00,-0.0009,True,0.0008999999999999991,-8.673617379884035e-19
2023-04-04 00:00:00-05:00,-0.0009,True,0.000900000000000002,2.0599841277224584e-18
2023-04-04 01:00:00-05:00,-0.0009,True,0.000900000000000002,2.0599841277224584e-18
2023-04-04 02:00:00-05:00,-0.0009,True,0.000900000000000002,2.0599841277224584e-18
2023-04-04 03:00:00-05:00,-0.0009,True,0.000900000000000002,2.0599841277224584e-18
2023-04-04 04:00:00-05:00,-0.0009,True,0.000900000000000002,2.0599841277224584e-18
2023-04-04 05:00:00-05:00,-0.0009,True,0.000900000000000002,2.0599841277224584e-18
2023-04-04 06:00:00-05:00,-0.0009,True,0.000900000000000002,2.0599841277224584e-18
2023-04-04 07:00:00-05:00,-0.0009,True,0.001009666312013989,0.0001096663120139891
2023-04-04 08:00:00-05:00,-0.0009,True,0.04605179692464432,0.04515179692464432
2023-04-04 09:00:00-05:00,-0.0009,True,0.10101812752276629,0.10011812752276629
2023-04-04 10:00:00-05:00,-0.0009,True,0.13366842924224115,0.13276842924224114
2023-04-04 11:00:00-05:00,0.031972296585338275,True,0.11254205044817603,0.1445143470335143
2023-04-04 12:00:00-05:00,0.2138581642493719,True,0.09924284572142839,0.31310100997080026
2023-04-04 13:00:00-05:00,0.2812178547823285,True,0.07932080819867598,0.3605386629810045
2023-04-04 14:00:00-05:00,0.29324143800329244,True,0.012619573996727272,0.3058610120000197
2023-04-04 15:00:00-05:00,0.2716500177737629,True,-0.010896630275964192,0.2607533874977987
2023-04-04 16:00:00-05:00,0.22331922897447326,True,-0.11966629307011764,0.10365293590435562
2023-04-04 17:00:00-05:00,0.1533707879913493,True,-0.13946932917512514,0.01390145881622415
2023-04-04 18:00:00-05:00,0.05659927039223789,True,-0.05859730686468656,-0.001998036472448672
2023-04-04 19:00:00-05:00,0.006045552389907535,True,-0.009960664235206073,-0.0039151118452985375
2023-04-04 20:00:00-05:00,0.005248204048358326,True,-0.008650895638128531,-0.003402691589770205
2023-04-04 21:00:00-05:00,-0.0009,True,-0.0005530012929838604,-0.0014530012929838605
2023-04-04 22:00:00-05:00,0.021868066289336834,True,-0.02116949407745151,0.0006985722118853233
2023-04-04 23:00:00-05:00,-0.0009,True,0.0008999999999999991,-8.673617379884035e-19
2023-04-05 00:00:00-05:00,-0.0009,True,0.000900000000000002,2.0599841277224584e-18
2023-04-05 01:00:00-05:00,-0.0009,True,0.000900000000000002,2.0599841277224584e-18
2023-04-05 02:00:00-05:00,-0.0009,True,0.000900000000000002,2.0599841277224584e-18
2023-04-05 03:00:00-05:00,-0.0009,True,0.000900000000000002,2.0599841277224584e-18
2023-04-05 04:00:00-05:00,-0.0009,True,0.000900000000000002,2.0599841277224584e-18
2023-04-05 05:00:00-05:00,-0.0009,True,0.000900000000000002,2.0599841277224584e-18
2023-04-05 06:00:00-05:00,-0.0009,True,0.000900000000000002,2.0599841277224584e-18
2023-04-05 07:00:00-05:00,-0.0009,True,0.0010084992991847906,0.00010849929918479062
2023-04-05 08:00:00-05:00,-0.0009,True,0.033589039398110705,0.03268903939811071
2023-04-05 09:00:00-05:00,-0.0009,True,0.08491854287370688,0.08401854287370689
2023-04-05 10:00:00-05:00,-0.0009,True,0.11215829489159797,0.11125829489159797
2023-04-05 11:00:00-05:00,0.05537080962780061,True,0.11743403613370368,0.1728048457615043
2023-04-05 12:00:00-05:00,0.22792273805142987,True,0.10737247768914208,0.335295215740572
2023-04-05 13:00:00-05:00,0.055676689434436995,True,0.1257411216513924,0.18141781108582938
2023-04-05 14:00:00-05:00,0.1518653226386223,True,0.08028807536916105,0.23215339800778334
2023-04-05 15:00:00-05:00,0.26650406164333024,True,-0.011392548958079897,0.25511151268525034
2023-04-05 16:00:00-05:00,0.20517418154587316,True,-0.05607558293758096,0.1490985986082922
2023-04-05 17:00:00-05:00,0.17028808613304586,True,-0.14618282205128014,0.02410526408176572
2023-04-05 18:00:00-05:00,0.10356288694832867,True,-0.09944557109442016,0.00411731585390851
2023-04-05 19:00:00-05:00,0.05517317860685448,True,-0.05656708541874628,-0.0013939068118917972
2023-04-05 20:00:00-05:00,0.07010303323841707,True,-0.0725563716741648,-0.002453338435747729
2023-04-05 21:00:00-05:00,0.06228391776579833,True,-0.0647894243829459,-0.002505506617147567
2023-04-05 22:00:00-05:00,0.02236407795011842,True,-0.01923370788147801,0.0031303700686404097
2023-04-05 23:00:00-05:00,-0.0009,True,0.0008999999999999991,-8.673617379884035e-19
2023-04-06 00:00:00-05:00,-0.0009,True,0.000900000000000002,2.0599841277224584e-18
2023-04-06 01:00:00-05:00,-0.0009,True,0.000900000000000002,2.0599841277224584e-18
2023-04-06 02:00:00-05:00,-0.0009,True,0.000900000000000002,2.0599841277224584e-18
2023-04-06 03:00:00-05:00,-0.0009,True,0.000900000000000002,2.0599841277224584e-18
2023-04-06 04:00:00-05:00,-0.0009,True,0.000900000000000002,2.0599841277224584e-18
2023-04-06 05:00:00-05:00,-0.0009,True,0.000900000000000002,2.0599841277224584e-18
2023-04-06 06:00:00-05:00,-0.0009,True,0.000900000000000002,2.0599841277224584e-18
2023-04-06 07:00:00-05:00,-0.0009,True,0.0010170693266964353,0.00011706932669643534
2023-04-06 08:00:00-05:00,-0.0009,True,0.03892305496993949,0.03802305496993949
2023-04-06 09:00:00-05:00,-0.0009,True,0.0856218784819973,0.0847218784819973
2023-04-06 10:00:00-05:00,-0.0009,True,0.0997867781327938,0.0988867781327938
2023-04-06 11:00:00-05:00,-0.0009,True,0.092342943891489,0.091442943891489
2023-04-06 12:00:00-05:00,0.029724433236773862,True,0.09872052966145085,0.1284449628982247
2023-04-06 13:00:00-05:00,0.09105105962391964,True,0.11313470971529081,0.20418576933921045
2023-04-06 14:00:00-05:00,0.15949019528771863,True,0.07447485316058927,0.2339650484483079
2023-04-06 15:00:00-05:00,0.08682228439407388,True,0.08971973709139831,0.1765420214854722
2023-04-06 16:00:00-05:00,0.20363561075762784,True,-0.047420777503479485,0.15621483325414837
2023-04-06 17:00:00-05:00,0.1919532467741685,True,-0.17434640166455154,0.017606845109616964
2023-04-06 18:00:00-05:00,0.07093083757757483,True,-0.07704765636314125,-0.0061168187855664136
2023-04-06 19:00:00-05:00,0.12921584136806807,True,-0.10333848510284913,0.025877356265218948
2023-04-06 20:00:00-05:00,0.014775538530179946,True,-0.01496445680205199,-0.0001889182718720437
2023-04-06 21:00:00-05:00,0.02396401570982372,True,-0.0231548830989334,0.0008091326108903181
2023-04-06 22:00:00-05:00,0.02504019573729601,True,-0.023420744119590484,0.0016194516177055265
2023-04-06 23:00:00-05:00,-0.0009,True,0.0008999999999999991,-8.673617379884035e-19
2023-04-07 00:00:00-05:00,-0.0009,True,0.000900000000000002,2.0599841277224584e-18
2023-04-07 01:00:00-05:00,-0.0009,True,0.000900000000000002,2.0599841277224584e-18
2023-04-07 02:00:00-05:00,-0.0009,True,0.000900000000000002,2.0599841277224584e-18
2023-04-07 03:00:00-05:00,-0.0009,True,0.0009006267210206467,6.267210206467155e-07
2023-04-07 04:00:00-05:00,-0.0009,True,0.0009006267210206467,6.267210206467155e-07
2023-04-07 05:00:00-05:00,-0.0009,True,0.0009006267210206467,6.267210206467155e-07
2023-04-07 06:00:00-05:00,-0.0009,True,0.0009006267210206467,6.267210206467155e-07
2023-04-07 07:00:00-05:00,-0.0009,True,0.0010368183764625767,0.00013681837646257675
2023-04-07 08:00:00-05:00,-0.0009,True,0.05321985900662397,0.05231985900662397
2023-04-07 09:00:00-05:00,-0.0009,True,0.14308017823636596,0.14218017823636594
2023-04-07 10:00:00-05:00,-0.0009,True,0.2176182810875384,0.21671828108753838
2023-04-07 11:00:00-05:00,-0.0009,True,0.29064183924079734,0.2897418392407973
2023-04-07 12:00:00-05:00,-0.0009,True,0.2679903212102468,0.2670903212102468
2023-04-07 13:00:00-05:00,-0.0009,True,0.25514848856568884,0.2542484885656888
2023-04-07 14:00:00-05:00,-0.0009,True,0.192970134648239,0.192070134648239
2023-04-07 15:00:00-05:00,0.08493365309388737,True,0.10118610123515955,0.18611975432904693
2023-04-07 16:00:00-05:00,0.026482889115834043,True,0.012670560042715924,0.039153449158549965
2023-04-07 17:00:00-05:00,0.1481977950575028,True,-0.13208993000224672,0.016107865055256076
2023-04-07 18:00:00-05:00,0.031020595488375005,True,-0.029095506417728817,0.0019250890706461882
2023-04-07 19:00:00-05:00,-0.0009,True,0.0008999999999999991,-8.673617379884035e-19
2023-04-07 20:00:00-05:00,0.01905738659658112,True,-0.019637356624320135,-0.000579970027739015
2023-04-07 21:00:00-05:00,-0.0009,True,0.0008999999999999991,-8.673617379884035e-19
2023-04-07 22:00:00-05:00,0.009407911920664253,True,-0.007540730344409941,0.0018671815762543115
2023-04-07 23:00:00-05:00,-0.0009,True,0.0008999999999999991,-8.673617379884035e-19
2023-04-08 00:00:00-05:00,-0.0009,True,0.0009425077962381055,4.250779623810551e-05
2023-04-08 01:00:00-05:00,-0.0009,True,0.0009425077962381055,4.250779623810551e-05
2023-04-08 02:00:00-05:00,-0.0009,True,0.0009425077962381055,4.250779623810551e-05
2023-04-08 03:00:00-05:00,-0.0009,True,0.0009425077962381055,4.250779623810551e-05
2023-04-08 04:00:00-05:00,-0.0009,True,0.0009425077962381055,4.250779623810551e-05
2023-04-08 05:00:00-05:00,-0.0009,True,0.0009425077962381057,4.250779623810573e-05
2023-04-08 06:00:00-05:00,-0.0009,True,0.0009425077962381057,4.250779623810573e-05
2023-04-08 07:00:00-05:00,-0.0009,True,0.0012669736552002025,0.0003669736552002025
2023-04-08 08:00:00-05:00,-0.0009,True,0.04688332195736532,0.04598332195736532
2023-04-08 09:00:00-05:00,-0.0009,True,0.15680733001348668,0.15590733001348667
2023-04-08 10:00:00-05:00,-0.0009,True,0.19778416265496307,0.19688416265496306
2023-04-08 11:00:00-05:00,-0.0009,True,0.19632369804671834,0.19542369804671833
2023-04-08 12:00:00-05:00,0.025878515164561407,True,0.19525591367206713,0.22113442883662854
2023-04-08 13:00:00-05:00,0.15570602800422945,True,0.14284870864148377,0.2985547366457132
2023-04-08 14:00:00-05:00,0.27573631794036074,True,0.07119707242920308,0.34693339036956383
2023-04-08 15:00:00-05:00,0.25855383025712514,True,0.03574367633546998,0.2942975065925951
2023-04-08 16:00:00-05:00,0.228187857815076,True,-0.1601259902511109,0.0680618675639651
2023-04-08 17:00:00-05:00,0.18228730889971262,True,-0.16561686429879985,0.01667044460091277
2023-04-08 18:00:00-05:00,0.1507574268877765,True,-0.13728551289971208,0.01347191398806441
2023-04-08 19:00:00-05:00,0.1323308781286825,True,-0.10628271457309134,0.026048163555591156
2023-04-08 20:00:00-05:00,0.0846570095883203,True,-0.09092123733040519,-0.006264227742084891
2023-04-08 21:00:00-05:00,0.06538849231413293,True,-0.06459056761557656,0.0007979246985563709
2023-04-08 22:00:00-05:00,0.005427918848271999,True,-0.00559421763347024,-0.00016629878519824112
2023-04-08 23:00:00-05:00,-0.0009,True,0.0008999999999999991,-8.673617379884035e-19
2023-04-09 00:00:00-05:00,-0.0009,True,0.0009531347452976316,5.313474529763159e-05
2023-04-09 01:00:00-05:00,-0.0009,True,0.0009531347452976316,5.313474529763159e-05
2023-04-09 02:00:00-05:00,-0.0009,True,0.0009531347452976316,5.313474529763159e-05
2023-04-09 03:00:00-05:00,-0.0009,True,0.0009531347452976316,5.313474529763159e-05
2023-04-09 04:00:00-05:00,-0.0009,True,0.0009531347452976316,5.313474529763159e-05
2023-04-09 05:00:00-05:00,-0.0009,True,0.0009531347452976316,5.313474529763159e-05
2023-04-09 06:00:00-05:00,-0.0009,True,0.0009531347452976316,5.313474529763159e-05
2023-04-09 07:00:00-05:00,-0.0009,True,0.0012596636598733318,0.00035966365987333184
2023-04-09 08:00:00-05:00,-0.0009,True,0.039619314995697257,0.03871931499569726
2023-04-09 09:00:00-05:00,-0.0009,True,0.1429302671550972,0.1420302671550972
2023-04-09 10:00:00-05:00,-0.0009,True,0.1837552771298179,0.1828552771298179
2023-04-09 11:00:00-05:00,0.10035223647683153,True,0.18961552907506704,0.28996776555189857
2023-04-09 12:00:00-05:00,0.2680303540646817,True,0.13701029440462034,0.405040648469302
2023-04-09 13:00:00-05:00,0.3205876835145465,True,0.08152293019224416,0.40211061370679063
2023-04-09 14:00:00-05:00,0.3230207274376827,True,0.0009874136098371033,0.3240081410475198
2023-04-09 15:00:00-05:00,0.29196267154524064,True,-0.01966211185448026,0.2723005596907604
2023-04-09 16:00:00-05:00,0.23885750824081364,True,-0.18385651878245268,0.05500098945836096
2023-04-09 17:00:00-05:00,0.1604487020271349,True,-0.1427608156498066,0.017687886377328293
2023-04-09 18:00:00-05:00,0.0590037280115875,True,-0.0706039871338618,-0.011600259122274303
2023-04-09 19:00:00-05:00,0.00507535538017537,True,-0.009528680641454767,-0.004453325261279398
2023-04-09 20:00:00-05:00,0.12267816704269056,True,-0.1069768521166222,0.01570131492606837
2023-04-09 21:00:00-05:00,0.005069875226642045,True,-0.00847741284267154,-0.003407537616029495
2023-04-09 22:00:00-05:00,-0.0009,True,0.0008999999999999991,-8.673617379884035e-19
2023-04-09 23:00:00-05:00,-0.0009,True,0.0008999999999999991,-8.673617379884035e-19
2023-04-10 00:00:00-05:00,-0.0009,True,0.0009425077962381057,4.250779623810573e-05
2023-04-10 01:00:00-05:00,-0.0009,True,0.0009425077962381057,4.250779623810573e-05
2023-04-10 02:00:00-05:00,-0.0009,True,0.0009425077962381057,4.250779623810573e-05
2023-04-10 03:00:00-05:00,-0.0009,True,0.0009425077962381057,4.250779623810573e-05
2023-04-10 04:00:00-05:00,-0.0009,True,0.0009425077962381057,4.250779623810573e-05
2023-04-10 05:00:00-05:00,-0.0009,True,0.0009531347452976316,5.313474529763159e-05
2023-04-10 06:00:00-05:00,-0.0009,True,0.0009531347452976316,5.313474529763159e-05
2023-04-10 07:00:00-05:00,-0.0009,True,0.0012572017591664316,0.0003572017591664317
2023-04-10 08:00:00-05:00,-0.0009,True,0.054356592194779264,0.053456592194779266
2023-04-10 09:00:00-05:00,-0.0009,True,0.15272833786913556,0.15182833786913555
2023-04-10 10:00:00-05:00,-0.0009,True,0.22209699839819005,0.22119699839819004
2023-04-10 11:00:00-05:00,0.09432924045213525,True,0.22214714595085144,0.3164763864029867
2023-04-10 12:00:00-05:00,0.2637885925704581,True,0.13818121366639535,0.40196980623685347
2023-04-10 13:00:00-05:00,0.31739639582456824,True,0.08152976452705377,0.398926160351622
2023-04-10 14:00:00-05:00,0.32102473037587376,True,0.004125975789421091,0.32515070616529484
2023-04-10 15:00:00-05:00,0.29267874184219955,True,-0.02170665272016254,0.270972089122037
2023-04-10 16:00:00-05:00,0.23757061892299294,True,-0.18473525357347956,0.052835365349513386
2023-04-10 17:00:00-05:00,0.1583725698717481,True,-0.13900788918350926,0.01936468068823885
2023-04-10 18:00:00-05:00,0.05173563270868024,True,-0.05372477558587787,-0.0019891428771976263
2023-04-10 19:00:00-05:00,-0.0009,True,-0.003950282656351934,-0.004850282656351934
2023-04-10 20:00:00-05:00,-0.0009,True,-0.0006834279728960979,-0.001583427972896098
2023-04-10 21:00:00-05:00,-0.0009,True,0.0002606694476205471,-0.0006393305523794529
2023-04-10 22:00:00-05:00,-0.0009,True,0.0008999999999999991,-8.673617379884035e-19
2023-04-10 23:00:00-05:00,-0.0009,True,0.0008999999999999991,-8.673617379884035e-19
2023-04-11 00:00:00-05:00,-0.0009,True,0.000900000000000002,2.0599841277224584e-18
2023-04-11 01:00:00-05:00,-0.0009,True,0.000900000000000002,2.0599841277224584e-18
2023-04-11 02:00:00-05:00,-0.0009,True,0.000900000000000002,2.0599841277224584e-18
2023-04-11 03:00:00-05:00,-0.0009,True,0.000900000000000002,2.0599841277224584e-18
2023-04-11 04:00:00-05:00,-0.0009,True,0.000900000000000002,2.0599841277224584e-18
2023-04-11 05:00:00-05:00,-0.0009,True,0.000900000000000002,2.0599841277224584e-18
2023-04-11 06:00:00-05:00,-0.0009,True,0.000900000000000002,2.0599841277224584e-18
2023-04-11 07:00:00-05:00,-0.0009,True,0.0009073802377277235,7.380237727723548e-06
2023-04-11 08:00:00-05:00,-0.0009,True,0.05434573919692778,0.05344573919692778
2023-04-11 09:00:00-05:00,-0.0009,True,0.12704748703404845,0.12614748703404843
2023-04-11 10:00:00-05:00,-0.0009,True,0.23258917744765317,0.23168917744765316
2023-04-11 11:00:00-05:00,0.10203067866449594,True,0.24277957940562106,0.344810258070117
2023-04-11 12:00:00-05:00,0.26385332387001287,True,0.1205711247713352,0.38442444864134806
2023-04-11 13:00:00-05:00,0.29306232228420775,True,0.09273905409150597,0.3858013763757137
2023-04-11 14:00:00-05:00,0.2525802793798126,True,0.061062208425715,0.3136424878055276
2023-04-11 15:00:00-05:00,0.2819783972635803,True,-0.01828831576048485,0.2636900815030955
2023-04-11 16:00:00-05:00,0.23107579151078253,True,-0.17855579509595876,0.05251999641482377
2023-04-11 17:00:00-05:00,0.15647039284703324,True,-0.1371328071361841,0.019337585710849148
2023-04-11 18:00:00-05:00,0.0540848120994714,True,-0.05646620510909638,-0.002381393009624984
2023-04-11 19:00:00-05:00,-0.0009,True,-0.0037973467514606013,-0.004697346751460601
2023-04-11 20:00:00-05:00,0.022494450589605985,True,-0.021354566721754526,0.0011398838678514586
2023-04-11 21:00:00-05:00,0.05686946543937389,True,-0.05603977773748654,0.0008296877018873494
2023-04-11 22:00:00-05:00,0.031439068197064046,True,-0.026903042444091554,0.0045360257529724925
2023-04-11 23:00:00-05:00,0.008663270275890927,True,-0.007064630635270281,0.0015986396406206457
2023-04-12 00:00:00-05:00,-0.0009,True,0.0009006267210206467,6.267210206467155e-07
2023-04-12 01:00:00-05:00,-0.0009,True,0.0009006267210206467,6.267210206467155e-07
2023-04-12 02:00:00-05:00,-0.0009,True,0.0009006267210206467,6.267210206467155e-07
2023-04-12 03:00:00-05:00,-0.0009,True,0.0009006267210206467,6.267210206467155e-07
2023-04-12 04:00:00-05:00,-0.0009,True,0.0009006267210206467,6.267210206467155e-07
2023-04-12 05:00:00-05:00,-0.0009,True,0.0009006267210206467,6.267210206467155e-07
2023-04-12 06:00:00-05:00,-0.0009,True,0.0009006267210206467,6.267210206467155e-07
2023-04-12 07:00:00-05:00,-0.0009,True,0.001005647622722469,0.00010564762272246902
2023-04-12 08:00:00-05:00,-0.0009,True,0.057090597795149745,0.056190597795149747
2023-04-12 09:00:00-05:00,-0.0009,True,0.13576911323404312,0.1348691132340431
2023-04-12 10:00:00-05:00,-0.0009,True,0.2049936024667882,0.20409360246678818
2023-04-12 11:00:00-05:00,-0.0009,True,0.1781499391675019,0.1772499391675019
2023-04-12 12:00:00-05:00,0.12368282104042731,True,0.14257196437186057,0.26625478541228786
2023-04-12 13:00:00-05:00,0.22595508624390084,True,0.08871985021603758,0.31467493645993844
2023-04-12 14:00:00-05:00,0.28293068343702715,True,0.05891731581132132,0.34184799924834847
2023-04-12 15:00:00-05:00,0.2749254765080991,True,-0.014859294579683801,0.2600661819284153
2023-04-12 16:00:00-05:00,0.22339117490982557,True,-0.12132451173433025,0.10206666317549533
2023-04-12 17:00:00-05:00,0.148351101566752,True,-0.12549392293233985,0.02285717863441214
2023-04-12 18:00:00-05:00,0.05098061260787198,True,-0.05229473170340837,-0.0013141190955363868
2023-04-12 19:00:00-05:00,-0.0009,True,-0.0037306164962233584,-0.004630616496223358
2023-04-12 20:00:00-05:00,-0.0009,True,-0.0006834279728960979,-0.001583427972896098
2023-04-12 21:00:00-05:00,-0.0009,True,0.0002606694476205471,-0.0006393305523794529
2023-04-12 22:00:00-05:00,-0.0009,True,0.0008999999999999991,-8.673617379884035e-19
2023-04-12 23:00:00-05:00,-0.0009,True,0.0008999999999999991,-8.673617379884035e-19
2023-04-13 00:00:00-05:00,-0.0009,True,0.000900000000000002,2.0599841277224584e-18
2023-04-13 01:00:00-05:00,-0.0009,True,0.000900000000000002,2.0599841277224584e-18
2023-04-13 02:00:00-05:00,-0.0009,True,0.000900000000000002,2.0599841277224584e-18
2023-04-13 03:00:00-05:00,-0.0009,True,0.000900000000000002,2.0599841277224584e-18
2023-04-13 04:00:00-05:00,-0.0009,True,0.000900000000000002,2.0599841277224584e-18
2023-04-13 05:00:00-05:00,-0.0009,True,0.000900000000000002,2.0599841277224584e-18
2023-04-13 06:00:00-05:00,-0.0009,True,0.000900000000000002,2.0599841277224584e-18
2023-04-13 07:00:00-05:00,-0.0009,True,0.0009924491950652477,9.244919506524768e-05
2023-04-13 08:00:00-05:00,-0.0009,True,0.04757059081583079,0.04667059081583079
2023-04-13 09:00:00-05:00,-0.0009,True,0.11273163702845994,0.11183163702845994
2023-04-13 10:00:00-05:00,-0.0009,True,0.15143369127796083,0.15053369127796082
2023-04-13 11:00:00-05:00,0.09968598708100011,True,0.13981892909080837,0.23950491617180847
2023-04-13 12:00:00-05:00,0.24789931284505698,True,0.09175883841241607,0.33965815125747306
2023-04-13 13:00:00-05:00,0.2948649370398125,True,0.05181098600742657,0.34667592304723904
2023-04-13 14:00:00-05:00,0.2962232556329306,True,0.009299672539263927,0.30552292817219456
2023-04-13 15:00:00-05:00,0.271541890039507,True,-0.015892811830564485,0.25564907820894256
2023-04-13 16:00:00-05:00,0.22111043259249805,True,-0.11290240651195824,0.10820802608053981
2023-04-13 17:00:00-05:00,0.14650720018775448,True,-0.11019777791262447,0.03630942227513001
2023-04-13 18:00:00-05:00,0.048124429176149605,True,-0.050442520679187586,-0.0023180915030379806
2023-04-13 19:00:00-05:00,-0.0009,True,-0.0006834279728960979,-0.001583427972896098
2023-04-13 20:00:00-05:00,-0.0009,True,-3.4335421558161265e-05,-0.0009343354215581612
2023-04-13 21:00:00-05:00,-0.0009,True,0.0007244961905643525,-0.00017550380943564745
2023-04-13 22:00:00-05:00,-0.0009,True,0.0008999999999999991,-8.673617379884035e-19
2023-04-13 23:00:00-05:00,-0.0009,True,0.0008999999999999991,-8.673617379884035e-19
2023-04-14 00:00:00-05:00,-0.0009,True,0.000900000000000002,2.0599841277224584e-18
2023-04-14 01:00:00-05:00,-0.0009,True,0.000900000000000002,2.0599841277224584e-18
2023-04-14 02:00:00-05:00,-0.0009,True,0.000900000000000002,2.0599841277224584e-18
2023-04-14 03:00:00-05:00,-0.0009,True,0.000900000000000002,2.0599841277224584e-18
2023-04-14 04:00:00-05:00,-0.0009,True,0.000900000000000002,2.0599841277224584e-18
2023-04-14 05:00:00-05:00,-0.0009,True,0.000900000000000002,2.0599841277224584e-18
2023-04-14 06:00:00-05:00,-0.0009,True,0.000900000000000002,2.0599841277224584e-18
2023-04-14 07:00:00-05:00,-0.0009,True,0.001016655096448788,0.00011665509644878799
2023-04-14 08:00:00-05:00,-0.0009,True,0.045542510462492816,0.04464251046249282
2023-04-14 09:00:00-05:00,-0.0009,True,0.09296568383256637,0.09206568383256637
2023-04-14 10:00:00-05:00,-0.0009,True,0.12680223088185477,0.12590223088185476
2023-04-14 11:00:00-05:00,0.1098542860494322,True,0.11869741876129314,0.22855170481072534
2023-04-14 12:00:00-05:00,0.17811839348764802,True,0.09614631989029256,0.27426471337794056
2023-04-14 13:00:00-05:00,0.2956500900405198,True,0.046588773555023465,0.34223886359554323
2023-04-14 14:00:00-05:00,0.27026017759914556,True,0.054549175653247545,0.32480935325239313
2023-04-14 15:00:00-05:00,0.2358320024402194,True,0.028682139376130893,0.2645141418163503
2023-04-14 16:00:00-05:00,0.21798398469648675,True,-0.09464871100029837,0.12333527369618838
2023-04-14 17:00:00-05:00,0.17990009482604588,True,-0.1623465591083238,0.017553535717722085
2023-04-14 18:00:00-05:00,0.10936335189481683,True,-0.099683258603722,0.00968009329109483
2023-04-14 19:00:00-05:00,0.07015542432712646,True,-0.07653252487613585,-0.00637710054900939
2023-04-14 20:00:00-05:00,0.09614072603569733,True,-0.09011931471683654,0.006021411318860789
2023-04-14 21:00:00-05:00,0.05673291716994956,True,-0.055462128765004885,0.0012707884049446769
2023-04-14 22:00:00-05:00,-0.0009,True,0.0008999999999999991,-8.673617379884035e-19
2023-04-14 23:00:00-05:00,-0.0009,True,0.0008999999999999991,-8.673617379884035e-19
2023-04-15 00:00:00-05:00,-0.0009,True,0.000900000000000002,2.0599841277224584e-18
2023-04-15 01:00:00-05:00,-0.0009,True,0.000900000000000002,2.0599841277224584e-18
2023-04-15 02:00:00-05:00,-0.0009,True,0.000900000000000002,2.0599841277224584e-18
2023-04-15 03:00:00-05:00,-0.0009,True,0.000900000000000002,2.0599841277224584e-18
2023-04-15 04:00:00-05:00,-0.0009,True,0.000900000000000002,2.0599841277224584e-18
2023-04-15 05:00:00-05:00,-0.0009,True,0.000900000000000002,2.0599841277224584e-18
2023-04-15 06:00:00-05:00,-0.0009,True,0.000900000000000002,2.0599841277224584e-18
2023-04-15 07:00:00-05:00,-0.0009,True,0.0010413394625106078,0.0001413394625106078
2023-04-15 08:00:00-05:00,-0.0009,True,0.031049981378578187,0.030149981378578185
2023-04-15 09:00:00-05:00,-0.0009,True,0.08028662196930103,0.07938662196930103
2023-04-15 10:00:00-05:00,-0.0009,True,0.10038397091500924,0.09948397091500924
2023-04-15 11:00:00-05:00,-0.0009,True,0.0994677870864561,0.0985677870864561
2023-04-15 12:00:00-05:00,-0.0009,True,0.10188646940424224,0.10098646940424225
2023-04-15 13:00:00-05:00,0.097859025123987,True,0.10518136302136297,0.20304038814534997
2023-04-15 14:00:00-05:00,0.0726999927018939,True,0.12906871635742445,0.20176870905931835
2023-04-15 15:00:00-05:00,0.1662191648673109,True,0.0452073650929501,0.21142652996026098
2023-04-15 16:00:00-05:00,0.18339540099434481,True,-0.045882209675972216,0.13751319131837259
2023-04-15 17:00:00-05:00,0.08635705770976868,True,-0.08585748007997177,0.0004995776297969101
2023-04-15 18:00:00-05:00,0.05587454605767169,True,-0.05822946727557401,-0.002354921217902317
2023-04-15 19:00:00-05:00,0.03385522387412609,True,-0.03021256919447184,0.003642654679654248
2023-04-15 20:00:00-05:00,0.01709887341210847,True,-0.016224744382685074,0.0008741290294233955
2023-04-15 21:00:00-05:00,0.07054692636706487,True,-0.07041086444538497,0.00013606192167990583
2023-04-15 22:00:00-05:00,0.0055717241598632694,True,-0.006313350187861284,-0.0007416260279980149
2023-04-15 23:00:00-05:00,0.005558224947368952,True,-0.005663459550939716,-0.00010523460357076374
2023-04-16 00:00:00-05:00,-0.0009,True,0.000900000000000002,2.0599841277224584e-18
2023-04-16 01:00:00-05:00,-0.0009,True,0.000900000000000002,2.0599841277224584e-18
2023-04-16 02:00:00-05:00,-0.0009,True,0.000900000000000002,2.0599841277224584e-18
2023-04-16 03:00:00-05:00,-0.0009,True,0.000900000000000002,2.0599841277224584e-18
2023-04-16 04:00:00-05:00,-0.0009,True,0.000900000000000002,2.0599841277224584e-18
2023-04-16 05:00:00-05:00,-0.0009,True,0.000900000000000002,2.0599841277224584e-18
2023-04-16 06:00:00-05:00,-0.0009,True,0.000900000000000002,2.0599841277224584e-18
2023-04-16 07:00:00-05:00,-0.0009,True,0.0010353812965269902,0.0001353812965269902
2023-04-16 08:00:00-05:00,-0.0009,True,0.03605847909463328,0.03515847909463328
2023-04-16 09:00:00-05:00,-0.0009,True,0.08457706358072441,0.08367706358072441
2023-04-16 10:00:00-05:00,-0.0009,True,0.10723067382501533,0.10633067382501533
2023-04-16 11:00:00-05:00,0.07535716419090695,True,0.10333466025171553,0.1786918244426225
2023-04-16 12:00:00-05:00,0.15272002866623238,True,0.09583162967108144,0.24855165833731382
2023-04-16 13:00:00-05:00,0.26733027409440735,True,0.07892954459464678,0.34625981868905414
2023-04-16 14:00:00-05:00,0.27819408578587623,True,0.0358285306566726,0.3140226164425488
2023-04-16 15:00:00-05:00,0.23079205492741137,True,0.0332540343481194,0.26404608927553075
2023-04-16 16:00:00-05:00,0.2001064846106123,True,-0.04893645572046399,0.15117002889014833
2023-04-16 17:00:00-05:00,0.16454666108025745,True,-0.1450296277875836,0.019517033292673847
2023-04-16 18:00:00-05:00,0.12042596462779634,True,-0.09344833044726589,0.026977634180530452
2023-04-16 19:00:00-05:00,0.08936373017007884,True,-0.08849113329439513,0.0008725968756837094
2023-04-16 20:00:00-05:00,0.09173743046725633,True,-0.09126050386348164,0.00047692660377468554
2023-04-16 21:00:00-05:00,0.06872567998247683,True,-0.07021679279313092,-0.0014911128106540883
2023-04-16 22:00:00-05:00,0.012045708222871994,True,-0.010828237856496926,0.0012174703663750674
2023-04-16 23:00:00-05:00,-0.0009,True,0.0008999999999999991,-8.673617379884035e-19
2023-04-17 00:00:00-05:00,-0.0009,True,0.000900000000000002,2.0599841277224584e-18
2023-04-17 01:00:00-05:00,-0.0009,True,0.000900000000000002,2.0599841277224584e-18
2023-04-17 02:00:00-05:00,-0.0009,True,0.000900000000000002,2.0599841277224584e-18
2023-04-17 03:00:00-05:00,-0.0009,True,0.000900000000000002,2.0599841277224584e-18
2023-04-17 04:00:00-05:00,-0.0009,True,0.000900000000000002,2.0599841277224584e-18
2023-04-17 05:00:00-05:00,-0.0009,True,0.000900000000000002,2.0599841277224584e-18
2023-04-17 06:00:00-05:00,-0.0009,True,0.000900000000000002,2.0599841277224584e-18
2023-04-17 07:00:00-05:00,-0.0009,True,0.0009956045320037444,9.560453200374444e-05
2023-04-17 08:00:00-05:00,-0.0009,True,0.04885117173102596,0.04795117173102596
2023-04-17 09:00:00-05:00,-0.0009,True,0.13020951702129874,0.12930951702129873
2023-04-17 10:00:00-05:00,-0.0009,True,0.1545839055399,0.1536839055399
2023-04-17 11:00:00-05:00,-0.0009,True,0.15543119955981813,0.15453119955981812
2023-04-17 12:00:00-05:00,-0.0009,True,0.227887476141074,0.22698747614107398
2023-04-17 13:00:00-05:00,0.1794478567919115,True,0.1099518346883171,0.2893996914802286
2023-04-17 14:00:00-05:00,0.3226476279316969,True,0.008716282378749997,0.3313639103104469
2023-04-17 15:00:00-05:00,0.29579084436347836,True,-0.008124305992242965,0.2876665383712354
2023-04-17 16:00:00-05:00,0.239547872531404,True,-0.18611134842065546,0.053436524110748534
2023-04-17 17:00:00-05:00,0.16026232218950295,True,-0.13808114442776304,0.022181177761739918
2023-04-17 18:00:00-05:00,0.0562271411575702,True,-0.05749660808254459,-0.0012694669249743856
2023-04-17 19:00:00-05:00,-0.0009,True,-0.00469260017472318,-0.00559260017472318
2023-04-17 20:00:00-05:00,0.11838675182072918,True,-0.1014283349600042,0.01695841686072498
2023-04-17 21:00:00-05:00,0.0637671156093488,True,-0.06389105283341644,-0.00012393722406763008
2023-04-17 22:00:00-05:00,-0.0009,True,0.0008999999999999991,-8.673617379884035e-19
2023-04-17 23:00:00-05:00,-0.0009,True,0.0008999999999999991,-8.673617379884035e-19
2023-04-18 00:00:00-05:00,-0.0009,True,0.0009006267210206467,6.267210206467155e-07
2023-04-18 01:00:00-05:00,-0.0009,True,0.0009006267210206467,6.267210206467155e-07
2023-04-18 02:00:00-05:00,-0.0009,True,0.0009006267210206467,6.267210206467155e-07
2023-04-18 03:00:00-05:00,-0.0009,True,0.000900000000000002,2.0599841277224584e-18
2023-04-18 04:00:00-05:00,-0.0009,True,0.000900000000000002,2.0599841277224584e-18
2023-04-18 05:00:00-05:00,-0.0009,True,0.000900000000000002,2.0599841277224584e-18
2023-04-18 06:00:00-05:00,-0.0009,True,0.000900000000000002,2.0599841277224584e-18
2023-04-18 07:00:00-05:00,-0.0009,True,0.0013492163714191824,0.0004492163714191824
2023-04-18 08:00:00-05:00,-0.0009,True,0.0655061819667507,0.0646061819667507
2023-04-18 09:00:00-05:00,-0.0009,True,0.1287455648478526,0.1278455648478526
2023-04-18 10:00:00-05:00,-0.0009,True,0.23233539019698843,0.23143539019698842
2023-04-18 11:00:00-05:00,-0.0009,True,0.26315106147462275,0.26225106147462274
2023-04-18 12:00:00-05:00,0.2700612597402417,True,0.12408084524297179,0.3941421049832135
2023-04-18 13:00:00-05:00,0.3221517493919553,True,0.06682817558770639,0.38897992497966166
2023-04-18 14:00:00-05:00,0.3281466845038297,True,0.016332194049176095,0.3444788785530058
2023-04-18 15:00:00-05:00,0.2991927374682526,True,-0.005588915364070535,0.29360382210418207
2023-04-18 16:00:00-05:00,0.24496441572047115,True,-0.18625869113437532,0.058705724586095825
2023-04-18 17:00:00-05:00,0.1634253841197883,True,-0.1387979005662707,0.0246274835535176
2023-04-18 18:00:00-05:00,0.05439920459854327,True,-0.05651122719230273,-0.0021120225937594633
2023-04-18 19:00:00-05:00,-0.0009,True,-0.0006834279728960979,-0.001583427972896098
2023-04-18 20:00:00-05:00,-0.0009,True,-3.4335421558161265e-05,-0.0009343354215581612
2023-04-18 21:00:00-05:00,-0.0009,True,0.0002606694476205471,-0.0006393305523794529
2023-04-18 22:00:00-05:00,-0.0009,True,0.0008999999999999991,-8.673617379884035e-19
2023-04-18 23:00:00-05:00,-0.0009,True,0.0008999999999999991,-8.673617379884035e-19
2023-04-19 00:00:00-05:00,-0.0009,True,0.0009006267210206467,6.267210206467155e-07
2023-04-19 01:00:00-05:00,-0.0009,True,0.000900000000000002,2.0599841277224584e-18
2023-04-19 02:00:00-05:00,-0.0009,True,0.000900000000000002,2.0599841277224584e-18
2023-04-19 03:00:00-05:00,-0.0009,True,0.000900000000000002,2.0599841277224584e-18
2023-04-19 04:00:00-05:00,-0.0009,True,0.000900000000000002,2.0599841277224584e-18
2023-04-19 05:00:00-05:00,-0.0009,True,0.000900000000000002,2.0599841277224584e-18
2023-04-19 06:00:00-05:00,-0.0009,True,0.000900000000000002,2.0599841277224584e-18
2023-04-19 07:00:00-05:00,-0.0009,True,0.0013108892058360084,0.0004108892058360084
2023-04-19 08:00:00-05:00,-0.0009,True,0.06311349699761053,0.06221349699761053
2023-04-19 09:00:00-05:00,-0.0009,True,0.12130986345508024,0.12040986345508024
2023-04-19 10:00:00-05:00,-0.0009,True,0.18179184972676005,0.18089184972676003
2023-04-19 11:00:00-05:00,0.14583291220715877,True,0.1714042829587999,0.31723719516595866
2023-04-19 12:00:00-05:00,0.2818914179898933,True,0.11239286555210853,0.39428428354200185
2023-04-19 13:00:00-05:00,0.3272358955933879,True,0.05718945141844281,0.38442534701183073
2023-04-19 14:00:00-05:00,0.32985148237104295,True,0.002592691399531244,0.33244417377057417
2023-04-19 15:00:00-05:00,0.3013545009146086,True,-0.015602725209667356,0.2857517757049412
2023-04-19 16:00:00-05:00,0.24321489150697576,True,-0.18691212205724483,0.05630276944973092
2023-04-19 17:00:00-05:00,0.1620052837756224,True,-0.14109559326016236,0.020909690515460044
2023-04-19 18:00:00-05:00,0.05566745609140375,True,-0.05705980045162986,-0.0013923443602261096
2023-04-19 19:00:00-05:00,-0.0009,True,-0.0031680187682807852,-0.004068018768280785
2023-04-19 20:00:00-05:00,-0.0009,True,-3.4335421558161265e-05,-0.0009343354215581612
2023-04-19 21:00:00-05:00,-0.0009,True,0.0007244961905643525,-0.00017550380943564745
2023-04-19 22:00:00-05:00,-0.0009,True,0.0008999999999999991,-8.673617379884035e-19
2023-04-19 23:00:00-05:00,-0.0009,True,0.0008999999999999991,-8.673617379884035e-19
2023-04-20 00:00:00-05:00,-0.0009,True,0.0009006267210206467,6.267210206467155e-07
2023-04-20 01:00:00-05:00,-0.0009,True,0.0009006267210206467,6.267210206467155e-07
2023-04-20 02:00:00-05:00,-0.0009,True,0.0009006267210206467,6.267210206467155e-07
2023-04-20 03:00:00-05:00,-0.0009,True,0.0009006267210206467,6.267210206467155e-07
2023-04-20 04:00:00-05:00,-0.0009,True,0.0009006267210206467,6.267210206467155e-07
2023-04-20 05:00:00-05:00,-0.0009,True,0.0009006267210206467,6.267210206467155e-07
2023-04-20 06:00:00-05:00,-0.0009,True,0.000900000000000002,2.0599841277224584e-18
2023-04-20 07:00:00-05:00,-0.0009,True,0.0014648824310449337,0.0005648824310449337
2023-04-20 08:00:00-05:00,-0.0009,True,0.04569404206157545,0.04479404206157545
2023-04-20 09:00:00-05:00,-0.0009,True,0.08521443017957893,0.08431443017957893
2023-04-20 10:00:00-05:00,-0.0009,True,0.12615882595920808,0.12525882595920806
2023-04-20 11:00:00-05:00,0.11545158742482828,True,0.12476557148099583,0.24021715890582412
2023-04-20 12:00:00-05:00,0.24842237475251447,True,0.12215068984639492,0.3705730645989094
2023-04-20 13:00:00-05:00,0.25662926850344275,True,0.09849431080660674,0.3551235793100495
2023-04-20 14:00:00-05:00,0.3032852211088092,True,0.007701487749481765,0.31098670885829094
2023-04-20 15:00:00-05:00,0.2781566385983171,True,-0.011794512210250243,0.26636212638806683
2023-04-20 16:00:00-05:00,0.22751183159569324,True,-0.12184806673614157,0.10566376485955167
2023-04-20 17:00:00-05:00,0.15336696873146513,True,-0.1387643293284677,0.014602639402997442
2023-04-20 18:00:00-05:00,0.05325850292866855,True,-0.048394403304064665,0.004864099624603886
2023-04-20 19:00:00-05:00,-0.0009,True,-0.0034779551705280166,-0.004377955170528016
2023-04-20 20:00:00-05:00,-0.0009,True,-0.0034779551705280166,-0.004377955170528016
2023-04-20 21:00:00-05:00,-0.0009,True,-0.0006245767773138236,-0.0015245767773138237
2023-04-20 22:00:00-05:00,-0.0009,True,0.0008999999999999991,-8.673617379884035e-19
2023-04-20 23:00:00-05:00,-0.0009,True,0.0008999999999999991,-8.673617379884035e-19
2023-04-21 00:00:00-05:00,-0.0009,True,0.000900000000000002,2.0599841277224584e-18
2023-04-21 01:00:00-05:00,-0.0009,True,0.000900000000000002,2.0599841277224584e-18
2023-04-21 02:00:00-05:00,-0.0009,True,0.000900000000000002,2.0599841277224584e-18
2023-04-21 03:00:00-05:00,-0.0009,True,0.000900000000000002,2.0599841277224584e-18
2023-04-21 04:00:00-05:00,-0.0009,True,0.000900000000000002,2.0599841277224584e-18
2023-04-21 05:00:00-05:00,-0.0009,True,0.000900000000000002,2.0599841277224584e-18
2023-04-21 06:00:00-05:00,-0.0009,True,0.000900000000000002,2.0599841277224584e-18
2023-04-21 07:00:00-05:00,-0.0009,True,0.0014653689931629626,0.0005653689931629626
2023-04-21 08:00:00-05:00,-0.0009,True,0.03864522133714379,0.037745221337143794
2023-04-21 09:00:00-05:00,-0.0009,True,0.08492785687420262,0.08402785687420262
2023-04-21 10:00:00-05:00,-0.0009,True,0.12830607391881235,0.12740607391881234
2023-04-21 11:00:00-05:00,0.12211370458377666,True,0.12453200536747451,0.24664570995125118
2023-04-21 12:00:00-05:00,-0.0009,True,0.1253217237800647,0.1244217237800647
2023-04-21 13:00:00-05:00,0.08041847902121022,True,0.1297542681897185,0.2101727472109287
2023-04-21 14:00:00-05:00,0.29769506521263756,True,0.007518649889820831,0.30521371510245837
2023-04-21 15:00:00-05:00,0.2733706440840409,True,-0.011227904089244494,0.26214273999479637
2023-04-21 16:00:00-05:00,0.22398104224162207,True,-0.11978300658581595,0.10419803565580613
2023-04-21 17:00:00-05:00,0.15185426689176312,True,-0.13818472718953947,0.013669539702223649
2023-04-21 18:00:00-05:00,0.05531413698956002,True,-0.052740571479293744,0.0025735655102662736
2023-04-21 19:00:00-05:00,-0.0009,True,-0.0047770609324432394,-0.005677060932443239
2023-04-21 20:00:00-05:00,-0.0009,True,-0.0035985774827710783,-0.0044985774827710785
2023-04-21 21:00:00-05:00,-0.0009,True,-0.0006245767773138236,-0.0015245767773138237
2023-04-21 22:00:00-05:00,-0.0009,True,0.0007244961905643525,-0.00017550380943564745
2023-04-21 23:00:00-05:00,-0.0009,True,0.0008999999999999991,-8.673617379884035e-19
2023-04-22 00:00:00-05:00,-0.0009,True,0.000900000000000002,2.0599841277224584e-18
2023-04-22 01:00:00-05:00,-0.0009,True,0.000900000000000002,2.0599841277224584e-18
2023-04-22 02:00:00-05:00,-0.0009,True,0.000900000000000002,2.0599841277224584e-18
2023-04-22 03:00:00-05:00,-0.0009,True,0.000900000000000002,2.0599841277224584e-18
2023-04-22 04:00:00-05:00,-0.0009,True,0.000900000000000002,2.0599841277224584e-18
2023-04-22 05:00:00-05:00,-0.0009,True,0.000900000000000002,2.0599841277224584e-18
2023-04-22 06:00:00-05:00,-0.0009,True,0.000900000000000002,2.0599841277224584e-18
2023-04-22 07:00:00-05:00,-0.0009,True,0.00142279306742129,0.00052279306742129
2023-04-22 08:00:00-05:00,-0.0009,True,0.04770188435211847,0.046801884352118475
2023-04-22 09:00:00-05:00,-0.0009,True,0.0861385879497355,0.0852385879497355
2023-04-22 10:00:00-05:00,-0.0009,True,0.0977874187947827,0.0968874187947827
2023-04-22 11:00:00-05:00,0.01973045032743675,True,0.09587916430294463,0.11560961463038139
2023-04-22 12:00:00-05:00,0.17330804372202688,True,0.10953887601906033,0.2828469197410872
2023-04-22 13:00:00-05:00,0.2133102626557884,True,0.08607825352873988,0.2993885161845283
2023-04-22 14:00:00-05:00,0.18683980479388568,True,0.07860931071639865,0.26544911551028433
2023-04-22 15:00:00-05:00,0.2461411145682425,True,0.03813845043326027,0.28427956500150275
2023-04-22 16:00:00-05:00,0.22814060554729365,True,-0.16253212970714037,0.06560847584015328
2023-04-22 17:00:00-05:00,0.1884667983726707,True,-0.16927123572017735,0.019195562652493336
2023-04-22 18:00:00-05:00,0.15172322584126552,True,-0.13548058351037057,0.016242642330894952
2023-04-22 19:00:00-05:00,0.122870956630041,True,-0.10452144966805638,0.01834950696198462
2023-04-22 20:00:00-05:00,-0.0009,True,0.0008999999999999991,-8.673617379884035e-19
2023-04-22 21:00:00-05:00,-0.0009,True,0.0008999999999999991,-8.673617379884035e-19
2023-04-22 22:00:00-05:00,0.01099911665581219,True,-0.009829234862071453,0.0011698817937407374
2023-04-22 23:00:00-05:00,-0.0009,True,0.0008999999999999991,-8.673617379884035e-19
2023-04-23 00:00:00-05:00,-0.0009,True,0.000900000000000002,2.0599841277224584e-18
2023-04-23 01:00:00-05:00,-0.0009,True,0.000900000000000002,2.0599841277224584e-18
2023-04-23 02:00:00-05:00,-0.0009,True,0.000900000000000002,2.0599841277224584e-18
2023-04-23 03:00:00-05:00,-0.0009,True,0.000900000000000002,2.0599841277224584e-18
2023-04-23 04:00:00-05:00,-0.0009,True,0.0009006267210206467,6.267210206467155e-07
2023-04-23 05:00:00-05:00,-0.0009,True,0.0009006267210206467,6.267210206467155e-07
2023-04-23 06:00:00-05:00,-0.0009,True,0.0009006267210206467,6.267210206467155e-07
2023-04-23 07:00:00-05:00,-0.0009,True,0.0014887451906155798,0.0005887451906155799
2023-04-23 08:00:00-05:00,-0.0009,True,0.06911014669189677,0.06821014669189678
2023-04-23 09:00:00-05:00,-0.0009,True,0.13071499068725057,0.12981499068725055
2023-04-23 10:00:00-05:00,-0.0009,True,0.17324445654096216,0.17234445654096214
2023-04-23 11:00:00-05:00,0.13151492687757665,True,0.16132901620372592,0.29284394308130257
2023-04-23 12:00:00-05:00,0.2594472043337508,True,0.10296601301690375,0.36241321735065457
2023-04-23 13:00:00-05:00,0.3065553767791239,True,0.0790973526034389,0.38565272938256284
2023-04-23 14:00:00-05:00,0.31101662081401876,True,0.009588156538069577,0.32060477735208837
2023-04-23 15:00:00-05:00,0.28783400871581094,True,-0.010891754168506412,0.27694225454730453
2023-04-23 16:00:00-05:00,0.23698161661666103,True,-0.18578416562019112,0.05119745099646991
2023-04-23 17:00:00-05:00,0.21497043501116783,True,-0.17755586111319058,0.037414573897977255
2023-04-23 18:00:00-05:00,0.15033256683711668,True,-0.1312610064219794,0.019071560415137273
2023-04-23 19:00:00-05:00,0.019020846721141755,True,-0.020627470024032014,-0.0016066233028902595
2023-04-23 20:00:00-05:00,0.12124782882071528,True,-0.10290280455489528,0.018345024265819992
2023-04-23 21:00:00-05:00,-0.0009,True,0.0008999999999999991,-8.673617379884035e-19
2023-04-23 22:00:00-05:00,0.06557031754687224,True,-0.06615996471286203,-0.0005896471659897901
2023-04-23 23:00:00-05:00,0.013522190740447006,True,-0.013897806362137359,-0.000375615621690353
2023-04-24 00:00:00-05:00,-0.0009,True,0.0009006267210206467,6.267210206467155e-07
2023-04-24 01:00:00-05:00,-0.0009,True,0.0009006267210206467,6.267210206467155e-07
2023-04-24 02:00:00-05:00,-0.0009,True,0.000900000000000002,2.0599841277224584e-18
2023-04-24 03:00:00-05:00,-0.0009,True,0.000900000000000002,2.0599841277224584e-18
2023-04-24 04:00:00-05:00,-0.0009,True,0.000900000000000002,2.0599841277224584e-18
2023-04-24 05:00:00-05:00,-0.0009,True,0.000900000000000002,2.0599841277224584e-18
2023-04-24 06:00:00-05:00,-0.0009,True,0.000900000000000002,2.0599841277224584e-18
2023-04-24 07:00:00-05:00,-0.0009,True,0.001313118423609205,0.0004131184236092051
2023-04-24 08:00:00-05:00,-0.0009,True,0.0666560478832755,0.0657560478832755
2023-04-24 09:00:00-05:00,-0.0009,True,0.11793834967022786,0.11703834967022786
2023-04-24 10:00:00-05:00,-0.0009,True,0.14698982067567143,0.14608982067567142
2023-04-24 11:00:00-05:00,0.1442407172101862,True,0.13341858634796985,0.27765930355815605
2023-04-24 12:00:00-05:00,0.2754997796042075,True,0.09616840404016633,0.3716681836443738
2023-04-24 13:00:00-05:00,0.3198561185909951,True,0.056187810516806644,0.37604392910780177
2023-04-24 14:00:00-05:00,0.3237451832276931,True,0.007801657298909162,0.3315468405266022
2023-04-24 15:00:00-05:00,0.28600215497867026,True,0.036974518172887876,0.32297667315155815
2023-04-24 16:00:00-05:00,0.1874661874739151,True,-0.041634416729213794,0.14583177074470133
2023-04-24 17:00:00-05:00,0.2226871708631975,True,-0.19386646708259356,0.028820703780603946
2023-04-24 18:00:00-05:00,0.16657224795499306,True,-0.1412965286289288,0.02527571932606426
2023-04-24 19:00:00-05:00,0.1524668328149902,True,-0.13798390406591315,0.014482928749077056
2023-04-24 20:00:00-05:00,0.1380253172950506,True,-0.11004297890018304,0.027982338394867565
2023-04-24 21:00:00-05:00,0.010249824621307175,True,-0.01404996403067943,-0.003800139409372254
2023-04-24 22:00:00-05:00,0.008832764807808651,True,-0.008442901963281922,0.0003898628445267293
2023-04-24 23:00:00-05:00,-0.0009,True,0.0008999999999999991,-8.673617379884035e-19
2023-04-25 00:00:00-05:00,-0.0009,True,0.000900000000000002,2.0599841277224584e-18
2023-04-25 01:00:00-05:00,-0.0009,True,0.000900000000000002,2.0599841277224584e-18
2023-04-25 02:00:00-05:00,-0.0009,True,0.000900000000000002,2.0599841277224584e-18
2023-04-25 03:00:00-05:00,-0.0009,True,0.000900000000000002,2.0599841277224584e-18
2023-04-25 04:00:00-05:00,-0.0009,True,0.000900000000000002,2.0599841277224584e-18
2023-04-25 05:00:00-05:00,-0.0009,True,0.000900000000000002,2.0599841277224584e-18
2023-04-25 06:00:00-05:00,-0.0009,True,0.000900000000000002,2.0599841277224584e-18
2023-04-25 07:00:00-05:00,-0.0009,True,0.0013129633184833101,0.00041296331848331017
2023-04-25 08:00:00-05:00,-0.0009,True,0.06728145792040077,0.06638145792040077
2023-04-25 09:00:00-05:00,-0.0009,True,0.1263774948265292,0.1254774948265292
2023-04-25 10:00:00-05:00,-0.0009,True,0.15645362851340489,0.15555362851340487
2023-04-25 11:00:00-05:00,0.14078775269130592,True,0.12515685574884572,0.26594460844015166
2023-04-25 12:00:00-05:00,0.27365699462601345,True,0.08181624601526068,0.3554732406412741
2023-04-25 13:00:00-05:00,0.3214932459615906,True,0.05234111053226545,0.3738343564938561
2023-04-25 14:00:00-05:00,0.32490549658924595,True,0.005846916869302784,0.3307524134585487
2023-04-25 15:00:00-05:00,0.29855720773035055,True,-0.01567868115677894,0.2828785265735716
2023-04-25 16:00:00-05:00,0.25883668934148685,True,-0.18210091719656735,0.0767357721449195
2023-04-25 17:00:00-05:00,0.1680215638234754,True,-0.14054160494555995,0.02747995887791546
2023-04-25 18:00:00-05:00,0.06220894122407801,True,-0.071489502732381,-0.00928056150830299
2023-04-25 19:00:00-05:00,0.12816502405180738,True,-0.11006722272845312,0.018097801323354257
2023-04-25 20:00:00-05:00,0.11012020892511605,True,-0.10448167183757434,0.005638537087541709
2023-04-25 21:00:00-05:00,0.07895809473793809,True,-0.0800606962116205,-0.0011026014736824075
2023-04-25 22:00:00-05:00,0.056742302489997704,True,-0.055269761330012865,0.0014725411599848387
2023-04-25 23:00:00-05:00,0.01721985819937747,True,-0.016141239038113164,0.0010786191612643069
2023-04-26 00:00:00-05:00,-0.0009,True,0.0009006267210206467,6.267210206467155e-07
2023-04-26 01:00:00-05:00,-0.0009,True,0.0009006267210206467,6.267210206467155e-07
2023-04-26 02:00:00-05:00,-0.0009,True,0.000900000000000002,2.0599841277224584e-18
2023-04-26 03:00:00-05:00,-0.0009,True,0.000900000000000002,2.0599841277224584e-18
2023-04-26 04:00:00-05:00,-0.0009,True,0.000900000000000002,2.0599841277224584e-18
2023-04-26 05:00:00-05:00,-0.0009,True,0.000900000000000002,2.0599841277224584e-18
2023-04-26 06:00:00-05:00,-0.0009,True,0.000900000000000002,2.0599841277224584e-18
2023-04-26 07:00:00-05:00,-0.0009,True,0.001336967872377679,0.0004369678723776791
2023-04-26 08:00:00-05:00,-0.0009,True,0.054285530212436275,0.05338553021243628
2023-04-26 09:00:00-05:00,-0.0009,True,0.10718951834859182,0.10628951834859182
2023-04-26 10:00:00-05:00,-0.0009,True,0.15250473875012507,0.15160473875012506
2023-04-26 11:00:00-05:00,0.16219105109795173,True,0.141970284393149,0.3041613354911007
2023-04-26 12:00:00-05:00,0.27554946881944653,True,0.11220091861141591,0.38775038743086243
2023-04-26 13:00:00-05:00,0.18305619957205727,True,0.10540448793850338,0.28846068751056064
2023-04-26 14:00:00-05:00,0.15570822317772276,True,0.07650610277609977,0.23221432595382252
2023-04-26 15:00:00-05:00,0.20941994536331895,True,0.05904437433455306,0.268464319697872
2023-04-26 16:00:00-05:00,0.14672936632069097,True,-0.024486766305106187,0.12224260001558479
2023-04-26 17:00:00-05:00,0.17087841937193513,True,-0.14428964629739913,0.026588773074536
2023-04-26 18:00:00-05:00,0.09750043892047684,True,-0.09908173517235831,-0.00158129625188147
2023-04-26 19:00:00-05:00,0.16447521908976462,True,-0.1434472954678332,0.021027923621931427
2023-04-26 20:00:00-05:00,0.03761423159112343,True,-0.0375838915293504,3.0340061773034832e-05
2023-04-26 21:00:00-05:00,0.04993595240723133,True,-0.04913063252978791,0.0008053198774434223
2023-04-26 22:00:00-05:00,0.07227271071360024,True,-0.07233268178752535,-5.997107392510803e-05
2023-04-26 23:00:00-05:00,0.013905289976526892,True,-0.013370227085768863,0.0005350628907580292
2023-04-27 00:00:00-05:00,-0.0009,True,0.000900000000000002,2.0599841277224584e-18
2023-04-27 01:00:00-05:00,-0.0009,True,0.000900000000000002,2.0599841277224584e-18
2023-04-27 02:00:00-05:00,-0.0009,True,0.000900000000000002,2.0599841277224584e-18
2023-04-27 03:00:00-05:00,-0.0009,True,0.0009006267210206467,6.267210206467155e-07
2023-04-27 04:00:00-05:00,-0.0009,True,0.0009006267210206467,6.267210206467155e-07
2023-04-27 05:00:00-05:00,-0.0009,True,0.0009006267210206467,6.267210206467155e-07
2023-04-27 06:00:00-05:00,-0.0009,True,0.0009006267210206467,6.267210206467155e-07
2023-04-27 07:00:00-05:00,-0.0009,True,0.0014569046226751072,0.0005569046226751072
2023-04-27 08:00:00-05:00,-0.0009,True,0.04470584807220988,0.043805848072209885
2023-04-27 09:00:00-05:00,-0.0009,True,0.09209124960914414,0.09119124960914414
2023-04-27 10:00:00-05:00,-0.0009,True,0.122949653079878,0.122049653079878
2023-04-27 11:00:00-05:00,-0.0009,True,0.1155447049236664,0.11464470492366641
2023-04-27 12:00:00-05:00,0.0492646595968606,True,0.1299536942197322,0.17921835381659282
2023-04-27 13:00:00-05:00,0.07640077369129004,True,0.1322869619559138,0.20868773564720383
2023-04-27 14:00:00-05:00,0.06942142981575772,True,0.1329656288446733,0.20238705866043102
2023-04-27 15:00:00-05:00,0.1295722387015231,True,0.0600763433381813,0.1896485820397044
2023-04-27 16:00:00-05:00,0.11569181850964953,True,-0.04021698433591388,0.07547483417373566
2023-04-27 17:00:00-05:00,0.1796001049873709,True,-0.1631741543343299,0.016425950653040977
2023-04-27 18:00:00-05:00,0.1462918697724473,True,-0.11636913347650144,0.029922736295945856
2023-04-27 19:00:00-05:00,0.1287061483624839,True,-0.10614208575812636,0.022564062604357532
2023-04-27 20:00:00-05:00,0.10822074564715753,True,-0.1016274825378268,0.006593263109330727
2023-04-27 21:00:00-05:00,0.030684681008569817,True,-0.021995166033525845,0.008689514975043972
2023-04-27 22:00:00-05:00,0.06337833708775098,True,-0.06496001110509725,-0.0015816740173462684
2023-04-27 23:00:00-05:00,0.011498004632691891,True,-0.008895313730287485,0.002602690902404406
2023-04-28 00:00:00-05:00,-0.0009,True,0.000900000000000002,2.0599841277224584e-18
2023-04-28 01:00:00-05:00,-0.0009,True,0.000900000000000002,2.0599841277224584e-18
2023-04-28 02:00:00-05:00,-0.0009,True,0.000900000000000002,2.0599841277224584e-18
2023-04-28 03:00:00-05:00,-0.0009,True,0.000900000000000002,2.0599841277224584e-18
2023-04-28 04:00:00-05:00,-0.0009,True,0.000900000000000002,2.0599841277224584e-18
2023-04-28 05:00:00-05:00,-0.0009,True,0.000900000000000002,2.0599841277224584e-18
2023-04-28 06:00:00-05:00,-0.0009,True,0.000900000000000002,2.0599841277224584e-18
2023-04-28 07:00:00-05:00,-0.0009,True,0.0014180883993915759,0.0005180883993915759
2023-04-28 08:00:00-05:00,-0.0009,True,0.048078849200960755,0.04717884920096076
2023-04-28 09:00:00-05:00,-0.0009,True,0.10441734576883727,0.10351734576883727
2023-04-28 10:00:00-05:00,-0.0009,True,0.12830177930164496,0.12740177930164495
2023-04-28 11:00:00-05:00,-0.0009,True,0.1289690203215717,0.1280690203215717
2023-04-28 12:00:00-05:00,-0.0009,True,0.13315580802774074,0.13225580802774073
2023-04-28 13:00:00-05:00,-0.0009,True,0.13189555864077046,0.13099555864077045
2023-04-28 14:00:00-05:00,0.017083270106504893,True,0.12579783955889126,0.14288110966539616
2023-04-28 15:00:00-05:00,0.02995086478762504,True,0.06703564965141545,0.0969865144390405
2023-04-28 16:00:00-05:00,0.04195455614073802,True,0.01272235400960373,0.05467691015034175
2023-04-28 17:00:00-05:00,0.028165591685168242,True,-0.021075241260646416,0.007090350424521826
2023-04-28 18:00:00-05:00,-0.0009,True,0.0008999999999999991,-8.673617379884035e-19
2023-04-28 19:00:00-05:00,-0.0009,True,0.0008999999999999991,-8.673617379884035e-19
2023-04-28 20:00:00-05:00,-0.0009,True,0.0008999999999999991,-8.673617379884035e-19
2023-04-28 21:00:00-05:00,0.004991371518746857,True,-0.0052331178270108745,-0.00024174630826401776
2023-04-28 22:00:00-05:00,-0.0009,True,0.0008999999999999991,-8.673617379884035e-19
2023-04-28 23:00:00-05:00,-0.0009,True,0.0008999999999999991,-8.673617379884035e-19
2023-04-29 00:00:00-05:00,-0.0009,True,0.000900000000000002,2.0599841277224584e-18
2023-04-29 01:00:00-05:00,-0.0009,True,0.000900000000000002,2.0599841277224584e-18
2023-04-29 02:00:00-05:00,-0.0009,True,0.000900000000000002,2.0599841277224584e-18
2023-04-29 03:00:00-05:00,-0.0009,True,0.000900000000000002,2.0599841277224584e-18
2023-04-29 04:00:00-05:00,-0.0009,True,0.000900000000000002,2.0599841277224584e-18
2023-04-29 05:00:00-05:00,-0.0009,True,0.000900000000000002,2.0599841277224584e-18
2023-04-29 06:00:00-05:00,-0.0009,True,0.000900000000000002,2.0599841277224584e-18
2023-04-29 07:00:00-05:00,-0.0009,True,0.0014208612691246217,0.0005208612691246217
2023-04-29 08:00:00-05:00,-0.0009,True,0.04404925550922309,0.04314925550922309
2023-04-29 09:00:00-05:00,-0.0009,True,0.09585902092827268,0.09495902092827269
2023-04-29 10:00:00-05:00,-0.0009,True,0.1289818816732186,0.1280818816732186
2023-04-29 11:00:00-05:00,0.1297647204793561,True,0.1176338129624287,0.2473985334417848
2023-04-29 12:00:00-05:00,0.24424387982884133,True,0.09937076957530037,0.3436146494041417
2023-04-29 13:00:00-05:00,0.05799893541262563,True,0.1285866675708176,0.18658560298344323
2023-04-29 14:00:00-05:00,0.06373550635120276,True,0.13481295416757924,0.198548460518782
2023-04-29 15:00:00-05:00,0.12127179379805401,True,0.055507618592597376,0.1767794123906514
2023-04-29 16:00:00-05:00,0.10752392168414125,True,-0.03397289600138041,0.07355102568276084
2023-04-29 17:00:00-05:00,0.1003393683637235,True,-0.09563146723668707,0.0047079011270364235
2023-04-29 18:00:00-05:00,0.11935478564147166,True,-0.09554869290773242,0.023806092733739237
2023-04-29 19:00:00-05:00,0.14933704285338847,True,-0.13027061391292682,0.01906642894046165
2023-04-29 20:00:00-05:00,0.12473281275205338,True,-0.10010325239435666,0.024629560357696714
2023-04-29 21:00:00-05:00,0.09614811394771478,True,-0.09480344934705007,0.0013446646006647078
2023-04-29 22:00:00-05:00,0.03578107052588699,True,-0.03546190392459146,0.00031916660129552993
2023-04-29 23:00:00-05:00,0.006234894739805118,True,-0.005705807813839642,0.000529086925965476
2023-04-30 00:00:00-05:00,-0.0009,True,0.000900000000000002,2.0599841277224584e-18
2023-04-30 01:00:00-05:00,-0.0009,True,0.000900000000000002,2.0599841277224584e-18
2023-04-30 02:00:00-05:00,-0.0009,True,0.000900000000000002,2.0599841277224584e-18
2023-04-30 03:00:00-05:00,-0.0009,True,0.000900000000000002,2.0599841277224584e-18
2023-04-30 04:00:00-05:00,-0.0009,True,0.000900000000000002,2.0599841277224584e-18
2023-04-30 05:00:00-05:00,-0.0009,True,0.000900000000000002,2.0599841277224584e-18
2023-04-30 06:00:00-05:00,-0.0009,True,0.000900000000000002,2.0599841277224584e-18
2023-04-30 07:00:00-05:00,-0.0009,True,0.0014640401979190865,0.0005640401979190865
2023-04-30 08:00:00-05:00,-0.0009,True,0.03886363570816354,0.037963635708163544
2023-04-30 09:00:00-05:00,-0.0009,True,0.09825861439095837,0.09735861439095837
2023-04-30 10:00:00-05:00,-0.0009,True,0.1243983386534134,0.1234983386534134
2023-04-30 11:00:00-05:00,0.01225195475537688,True,0.15209280203232617,0.16434475678770305
2023-04-30 12:00:00-05:00,-0.0009,True,0.1337850622385157,0.13288506223851568
2023-04-30 13:00:00-05:00,0.0675223904625884,True,0.12541619403768947,0.19293858450027787
2023-04-30 14:00:00-05:00,-0.0009,True,0.12956648727647077,0.12866648727647076
2023-04-30 15:00:00-05:00,0.03914450888903037,True,0.0642938175610333,0.10343832645006368
2023-04-30 16:00:00-05:00,0.051749213398506,True,0.002579836288383329,0.05432904968688933
2023-04-30 17:00:00-05:00,0.04063247281127036,True,-0.03328364172080564,0.007348831090464719
2023-04-30 18:00:00-05:00,0.04373115049367963,True,-0.037924090319806175,0.005807060173873453
2023-04-30 19:00:00-05:00,0.016654144200054056,True,-0.011287829253368666,0.00536631494668539
2023-04-30 20:00:00-05:00,-0.0009,True,0.0008999999999999991,-8.673617379884035e-19
2023-04-30 21:00:00-05:00,0.04152226034322752,True,-0.03546520629612643,0.006057054047101093
2023-04-30 22:00:00-05:00,-0.0009,True,0.0008999999999999991,-8.673617379884035e-19
2023-04-30 23:00:00-05:00,-0.0009,True,0.0008999999999999991,-8.673617379884035e-19
2023-05-01 00:00:00-05:00,-0.0009,True,0.0009971858979474072,9.718589794740725e-05
2023-05-01 01:00:00-05:00,-0.0009,True,0.0009796485930546424,7.964859305464238e-05
2023-05-01 02:00:00-05:00,-0.0009,True,0.0009796485930546424,7.964859305464238e-05
2023-05-01 03:00:00-05:00,-0.0009,True,0.0009796485930546424,7.964859305464238e-05
2023-05-01 04:00:00-05:00,-0.0009,True,0.000980275314075287,8.027531407528692e-05
2023-05-01 05:00:00-05:00,-0.0009,True,0.000980275314075287,8.027531407528692e-05
2023-05-01 06:00:00-05:00,-0.0009,True,0.0009796485930546424,7.964859305464238e-05
2023-05-01 07:00:00-05:00,-0.0009,True,0.0012173254421610589,0.0003173254421610589
2023-05-01 08:00:00-05:00,-0.0009,True,0.056174738428478525,0.05527473842847853
2023-05-01 09:00:00-05:00,-0.0009,True,0.13190177284151777,0.13100177284151776
2023-05-01 10:00:00-05:00,-0.0009,True,0.2162149457541994,0.21531494575419938
2023-05-01 11:00:00-05:00,0.18465643448807803,True,0.14450422269980426,0.3291606571878823
2023-05-01 12:00:00-05:00,0.2921588100161544,True,0.10710952799787238,0.3992683380140268
2023-05-01 13:00:00-05:00,0.333842303120928,True,0.06557087725882005,0.39941318037974805
2023-05-01 14:00:00-05:00,0.05177911290681839,True,0.19687770861615023,0.2486568215229686
2023-05-01 15:00:00-05:00,0.1854628615081008,True,0.06191929069628818,0.24738215220438897
2023-05-01 16:00:00-05:00,0.21583927463110708,True,-0.06018400268740404,0.15565527194370304
2023-05-01 17:00:00-05:00,0.16559709791865088,True,-0.14667156547639,0.01892553244226089
2023-05-01 18:00:00-05:00,0.17180779588590434,True,-0.14940825814477887,0.022399537741125464
2023-05-01 19:00:00-05:00,0.10077387517152576,True,-0.0870341499794059,0.01373972519211987
2023-05-01 20:00:00-05:00,0.0127388504234922,True,-0.013130350572900098,-0.000391500149407897
2023-05-01 21:00:00-05:00,-0.0009,True,0.0008999999999999991,-8.673617379884035e-19
2023-05-01 22:00:00-05:00,0.05661881037891066,True,-0.05511002253119613,0.001508787847714528
2023-05-01 23:00:00-05:00,-0.0009,True,0.0008999999999999991,-8.673617379884035e-19
2023-05-02 00:00:00-05:00,-0.0009,True,0.001032887228753582,0.00013288722875358198
2023-05-02 01:00:00-05:00,-0.0009,True,0.000962738009182522,6.273800918252205e-05
2023-05-02 02:00:00-05:00,-0.0009,True,0.000962738009182522,6.273800918252205e-05
2023-05-02 03:00:00-05:00,-0.0009,True,0.000962738009182522,6.273800918252205e-05
2023-05-02 04:00:00-05:00,-0.0009,True,0.000962738009182522,6.273800918252205e-05
2023-05-02 05:00:00-05:00,-0.0009,True,0.000962738009182522,6.273800918252205e-05
2023-05-02 06:00:00-05:00,-0.0009,True,0.000962738009182522,6.273800918252205e-05
2023-05-02 07:00:00-05:00,-0.0009,True,0.0011549786801044936,0.00025497868010449366
2023-05-02 08:00:00-05:00,-0.0009,True,0.056174738428478525,0.05527473842847853
2023-05-02 09:00:00-05:00,-0.0009,True,0.1400122276622674,0.13911222766226738
2023-05-02 10:00:00-05:00,-0.0009,True,0.22381362656781267,0.22291362656781266
2023-05-02 11:00:00-05:00,0.017740178197288622,True,0.2287487337006604,0.24648891189794903
2023-05-02 12:00:00-05:00,0.0362374285703611,True,0.20078562261113647,0.23702305118149758
2023-05-02 13:00:00-05:00,0.13263435256043093,True,0.14876883170405553,0.28140318426448646
2023-05-02 14:00:00-05:00,0.13408866857112478,True,0.13941786499256237,0.27350653356368715
2023-05-02 15:00:00-05:00,0.10212512368841398,True,0.10714929858264945,0.2092744222710634
2023-05-02 16:00:00-05:00,0.10492385609499023,True,-0.025538024312645312,0.07938583178234493
2023-05-02 17:00:00-05:00,0.025260410391021365,True,-0.023035105315625106,0.002225305075396259
2023-05-02 18:00:00-05:00,0.03549467142033459,True,-0.034468303551553475,0.0010263678687811167
2023-05-02 19:00:00-05:00,0.022098516978013134,True,-0.020927717254766286,0.001170799723246848
2023-05-02 20:00:00-05:00,0.09142341075468609,True,-0.0860135346689966,0.005409876085689491
2023-05-02 21:00:00-05:00,0.01013908348958265,True,-0.010363568560825733,-0.00022448507124308258
2023-05-02 22:00:00-05:00,0.012818635409133668,True,-0.013767677106578011,-0.000949041697444343
2023-05-02 23:00:00-05:00,-0.0009,True,0.0008999999999999991,-8.673617379884035e-19
2023-05-03 00:00:00-05:00,-0.0009,True,0.0011374843370895269,0.0002374843370895269
2023-05-03 01:00:00-05:00,-0.0009,True,0.0011374843370895269,0.0002374843370895269
2023-05-03 02:00:00-05:00,-0.0009,True,0.0010497978126257023,0.0001497978126257023
2023-05-03 03:00:00-05:00,-0.0009,True,0.0009796485930546424,7.964859305464238e-05
2023-05-03 04:00:00-05:00,-0.0009,True,0.0009796485930546424,7.964859305464238e-05
2023-05-03 05:00:00-05:00,-0.0009,True,0.0009796485930546424,7.964859305464238e-05
2023-05-03 06:00:00-05:00,-0.0009,True,0.0009971858979474072,9.718589794740725e-05
2023-05-03 07:00:00-05:00,-0.0009,True,0.0012204019269898155,0.0003204019269898155
2023-05-03 08:00:00-05:00,-0.0009,True,0.052224583015580625,0.05132458301558063
2023-05-03 09:00:00-05:00,-0.0009,True,0.1269022430305107,0.1260022430305107
2023-05-03 10:00:00-05:00,-0.0009,True,0.21059986186707497,0.20969986186707495
2023-05-03 11:00:00-05:00,-0.0009,True,0.2975160438783751,0.2966160438783751
2023-05-03 12:00:00-05:00,-0.0009,True,0.3079729063777403,0.30707290637774026
2023-05-03 13:00:00-05:00,0.023786429490198758,True,0.23390893851495886,0.25769536800515763
2023-05-03 14:00:00-05:00,0.14942193783329533,True,0.102656059380351,0.2520779972136463
2023-05-03 15:00:00-05:00,0.07288932318544464,True,0.12366248849199084,0.19655181167743546
2023-05-03 16:00:00-05:00,-0.0009,True,0.024084130838412723,0.023184130838412722
2023-05-03 17:00:00-05:00,0.1385054848272967,True,-0.10503410206691173,0.03347138276038496
2023-05-03 18:00:00-05:00,0.17165736359580305,True,-0.14838325637873467,0.02327410721706838
2023-05-03 19:00:00-05:00,-0.0009,True,0.0008999999999999991,-8.673617379884035e-19
2023-05-03 20:00:00-05:00,0.06508802790908426,True,-0.0779333638000241,-0.012845335890939835
2023-05-03 21:00:00-05:00,-0.0009,True,9.609125835407651e-05,-0.0008039087416459235
2023-05-03 22:00:00-05:00,-0.0009,True,0.0008999999999999991,-8.673617379884035e-19
2023-05-03 23:00:00-05:00,-0.0009,True,0.0008999999999999991,-8.673617379884035e-19
2023-05-04 00:00:00-05:00,-0.0009,True,0.000900000000000002,2.0599841277224584e-18
2023-05-04 01:00:00-05:00,-0.0009,True,0.000900000000000002,2.0599841277224584e-18
2023-05-04 02:00:00-05:00,-0.0009,True,0.000900000000000002,2.0599841277224584e-18
2023-05-04 03:00:00-05:00,-0.0009,True,0.000900000000000002,2.0599841277224584e-18
2023-05-04 04:00:00-05:00,-0.0009,True,0.000900000000000002,2.0599841277224584e-18
2023-05-04 05:00:00-05:00,-0.0009,True,0.000900000000000002,2.0599841277224584e-18
2023-05-04 06:00:00-05:00,-0.0009,True,0.000900000000000002,2.0599841277224584e-18
2023-05-04 07:00:00-05:00,-0.0009,True,0.0009078667998457524,7.866799845752384e-06
2023-05-04 08:00:00-05:00,-0.0009,True,0.05372932431970622,0.052829324319706224
2023-05-04 09:00:00-05:00,-0.0009,True,0.1468125253154329,0.1459125253154329
2023-05-04 10:00:00-05:00,-0.0009,True,0.22682609139375734,0.22592609139375733
2023-05-04 11:00:00-05:00,0.19473738439845042,True,0.13145865398708348,0.3261960383855339
2023-05-04 12:00:00-05:00,0.29769136319640527,True,0.08908350150009448,0.38677486469649974
2023-05-04 13:00:00-05:00,0.2056488792484084,True,0.10520337189527831,0.31085225114368675
2023-05-04 14:00:00-05:00,0.15907785304666458,True,0.0765318099826142,0.23560966302927877
2023-05-04 15:00:00-05:00,0.29728843366768526,True,-0.008667356247761009,0.28862107741992427
2023-05-04 16:00:00-05:00,0.1793997511128089,True,-0.03424204458664071,0.1451577065261682
2023-05-04 17:00:00-05:00,0.1516298486144467,True,-0.1383484531258515,0.013281395488595193
2023-05-04 18:00:00-05:00,0.08517660538509032,True,-0.08847081443687563,-0.0032942090517853045
2023-05-04 19:00:00-05:00,0.1391748377376735,True,-0.10910654168549684,0.03006829605217666
2023-05-04 20:00:00-05:00,0.00874788117003107,True,-0.011205562320012002,-0.002457681149980932
2023-05-04 21:00:00-05:00,0.007595989794701628,True,-0.009122903889221736,-0.0015269140945201078
2023-05-04 22:00:00-05:00,0.006129541860926479,True,-0.0070114678061096595,-0.0008819259451831804
2023-05-04 23:00:00-05:00,-0.0009,True,0.0008999999999999991,-8.673617379884035e-19
2023-05-05 00:00:00-05:00,-0.0009,True,0.0009006267210206467,6.267210206467155e-07
2023-05-05 01:00:00-05:00,-0.0009,True,0.0009006267210206467,6.267210206467155e-07
2023-05-05 02:00:00-05:00,-0.0009,True,0.0009006267210206467,6.267210206467155e-07
2023-05-05 03:00:00-05:00,-0.0009,True,0.0009006267210206467,6.267210206467155e-07
2023-05-05 04:00:00-05:00,-0.0009,True,0.000900000000000002,2.0599841277224584e-18
2023-05-05 05:00:00-05:00,-0.0009,True,0.000900000000000002,2.0599841277224584e-18
2023-05-05 06:00:00-05:00,-0.0009,True,0.000900000000000002,2.0599841277224584e-18
2023-05-05 07:00:00-05:00,-0.0009,True,0.0011068495976073668,0.00020684959760736686
2023-05-05 08:00:00-05:00,-0.0009,True,0.04966145441728691,0.04876145441728691
2023-05-05 09:00:00-05:00,-0.0009,True,0.12441903237471048,0.12351903237471049
2023-05-05 10:00:00-05:00,-0.0009,True,0.18903245778856498,0.18813245778856497
2023-05-05 11:00:00-05:00,0.17752926454059811,True,0.1524899394600194,0.3300192040006175
2023-05-05 12:00:00-05:00,0.2776432547833853,True,0.1173073209492533,0.3949505757326386
2023-05-05 13:00:00-05:00,0.3111435356459734,True,0.07699325516161372,0.3881367908075871
2023-05-05 14:00:00-05:00,0.3095878830681409,True,0.008164874952908338,0.31775275802104924
2023-05-05 15:00:00-05:00,0.2836371355847881,True,-0.01149595321010654,0.27214118237468155
2023-05-05 16:00:00-05:00,0.09526384569851151,True,-0.01845828324112652,0.07680556245738498
2023-05-05 17:00:00-05:00,0.054597615229462826,True,-0.05226026393031057,0.002337351299152253
2023-05-05 18:00:00-05:00,0.17117830468492104,True,-0.14490554300404157,0.02627276168087947
2023-05-05 19:00:00-05:00,0.14987706232373424,True,-0.13263620530106277,0.017240857022671474
2023-05-05 20:00:00-05:00,0.13116026372647552,True,-0.10854823267566421,0.022612031050811304
2023-05-05 21:00:00-05:00,0.021561523770796554,True,-0.020708817776347598,0.000852705994448956
2023-05-05 22:00:00-05:00,-0.0009,True,0.0007244961905643525,-0.00017550380943564745
2023-05-05 23:00:00-05:00,-0.0009,True,0.0008999999999999991,-8.673617379884035e-19
2023-05-06 00:00:00-05:00,-0.0009,True,0.0009006267210206467,6.267210206467155e-07
2023-05-06 01:00:00-05:00,-0.0009,True,0.0009006267210206467,6.267210206467155e-07
2023-05-06 02:00:00-05:00,-0.0009,True,0.0009006267210206467,6.267210206467155e-07
2023-05-06 03:00:00-05:00,-0.0009,True,0.0009006267210206467,6.267210206467155e-07
2023-05-06 04:00:00-05:00,-0.0009,True,0.0009006267210206467,6.267210206467155e-07
2023-05-06 05:00:00-05:00,-0.0009,True,0.0009006267210206467,6.267210206467155e-07
2023-05-06 06:00:00-05:00,-0.0009,True,0.000900000000000002,2.0599841277224584e-18
2023-05-06 07:00:00-05:00,-0.0009,True,0.001013009154609783,0.00011300915460978295
2023-05-06 08:00:00-05:00,-0.0009,True,0.035658992253018995,0.034758992253019
2023-05-06 09:00:00-05:00,-0.0009,True,0.1135052315620084,0.1126052315620084
2023-05-06 10:00:00-05:00,-0.0009,True,0.17492983548730698,0.17402983548730697
2023-05-06 11:00:00-05:00,0.207143648930676,True,0.14038969747243554,0.3475333464031115
2023-05-06 12:00:00-05:00,0.29656083607425054,True,0.09306989783641645,0.389630733910667
2023-05-06 13:00:00-05:00,0.32173054647243127,True,0.07227896063762787,0.3940095071100591
2023-05-06 14:00:00-05:00,0.31686248002567896,True,0.0006458706373994941,0.3175083506630785
2023-05-06 15:00:00-05:00,0.2860535840363017,True,-0.023193860486339486,0.26285972354996223
2023-05-06 16:00:00-05:00,0.2321704407723704,True,-0.1785993594243774,0.05357108134799299
2023-05-06 17:00:00-05:00,0.15640588481239134,True,-0.14096548227540998,0.015440402536981368
2023-05-06 18:00:00-05:00,0.05696020437499218,True,-0.06430217018132282,-0.007341965806330647
2023-05-06 19:00:00-05:00,-0.0009,True,-0.0006834279728960979,-0.001583427972896098
2023-05-06 20:00:00-05:00,-0.0009,True,-0.0006834279728960979,-0.001583427972896098
2023-05-06 21:00:00-05:00,-0.0009,True,0.0002606694476205471,-0.0006393305523794529
2023-05-06 22:00:00-05:00,-0.0009,True,0.0008999999999999991,-8.673617379884035e-19
2023-05-06 23:00:00-05:00,0.024555134674678857,True,-0.02386850431819522,0.0006866303564836383
2023-05-07 00:00:00-05:00,-0.0009,True,0.0009006267210206467,6.267210206467155e-07
2023-05-07 01:00:00-05:00,-0.0009,True,0.0009006267210206467,6.267210206467155e-07
2023-05-07 02:00:00-05:00,-0.0009,True,0.0009006267210206467,6.267210206467155e-07
2023-05-07 03:00:00-05:00,-0.0009,True,0.0009006267210206467,6.267210206467155e-07
2023-05-07 04:00:00-05:00,-0.0009,True,0.0009006267210206467,6.267210206467155e-07
2023-05-07 05:00:00-05:00,-0.0009,True,0.0009006267210206467,6.267210206467155e-07
2023-05-07 06:00:00-05:00,-0.0009,True,0.0009006267210206467,6.267210206467155e-07
2023-05-07 07:00:00-05:00,-0.0009,True,0.001000722737667055,0.00010072273766705496
2023-05-07 08:00:00-05:00,-0.0009,True,0.04579909622412328,0.04489909622412328
2023-05-07 09:00:00-05:00,-0.0009,True,0.1048379819101754,0.1039379819101754
2023-05-07 10:00:00-05:00,-0.0009,True,0.1547516560311506,0.15385165603115059
2023-05-07 11:00:00-05:00,-0.0009,True,0.14451625182700087,0.14361625182700086
2023-05-07 12:00:00-05:00,0.0579785615363027,True,0.13407230460557273,0.19205086614187544
2023-05-07 13:00:00-05:00,0.12570169192431283,True,0.09243814453878768,0.2181398364631005
2023-05-07 14:00:00-05:00,0.2624768232128772,True,0.05499622159780704,0.3174730448106842
2023-05-07 15:00:00-05:00,0.2401469634263417,True,0.03018905064162551,0.2703360140679672
2023-05-07 16:00:00-05:00,0.22578163538925666,True,-0.10975129249511055,0.11603034289414611
2023-05-07 17:00:00-05:00,0.18846724027172723,True,-0.17087599998420863,0.0175912402875186
2023-05-07 18:00:00-05:00,0.15777061565051395,True,-0.14086486468291828,0.016905750967595667
2023-05-07 19:00:00-05:00,0.12747397836452065,True,-0.10090230148675056,0.026571676877770095
2023-05-07 20:00:00-05:00,0.044499323874658284,True,-0.044589055340623726,-8.973146596544246e-05
2023-05-07 21:00:00-05:00,0.01917840239428698,True,-0.020020893534464887,-0.0008424911401779082
2023-05-07 22:00:00-05:00,-0.0009,True,0.0008999999999999991,-8.673617379884035e-19
2023-05-07 23:00:00-05:00,-0.0009,True,0.0008999999999999991,-8.673617379884035e-19
2023-05-08 00:00:00-05:00,-0.0009,True,0.000900000000000002,2.0599841277224584e-18
2023-05-08 01:00:00-05:00,-0.0009,True,0.000900000000000002,2.0599841277224584e-18
2023-05-08 02:00:00-05:00,-0.0009,True,0.000900000000000002,2.0599841277224584e-18
2023-05-08 03:00:00-05:00,-0.0009,True,0.000900000000000002,2.0599841277224584e-18
2023-05-08 04:00:00-05:00,-0.0009,True,0.000900000000000002,2.0599841277224584e-18
2023-05-08 05:00:00-05:00,-0.0009,True,0.000900000000000002,2.0599841277224584e-18
2023-05-08 06:00:00-05:00,-0.0009,True,0.000900000000000002,2.0599841277224584e-18
2023-05-08 07:00:00-05:00,-0.0009,True,0.0010069078862988145,0.00010690788629881456
2023-05-08 08:00:00-05:00,-0.0009,True,0.04097247304301186,0.04007247304301186
2023-05-08 09:00:00-05:00,-0.0009,True,0.11198502737435927,0.11108502737435927
2023-05-08 10:00:00-05:00,-0.0009,True,0.14835318055062052,0.1474531805506205
2023-05-08 11:00:00-05:00,0.07477488180916485,True,0.11191375828580653,0.18668864009497138
2023-05-08 12:00:00-05:00,0.20383572185092474,True,0.08397975703614619,0.28781547888707093
2023-05-08 13:00:00-05:00,0.2983396475925662,True,0.07542233280857608,0.3737619804011423
2023-05-08 14:00:00-05:00,0.29974157109222904,True,0.013944483022438366,0.31368605411466743
2023-05-08 15:00:00-05:00,0.24474239745966733,True,0.031040340152827656,0.275782737612495
2023-05-08 16:00:00-05:00,0.2392683275658173,True,-0.18151084792388075,0.05775747964193656
2023-05-08 17:00:00-05:00,0.16005478168047613,True,-0.1428663620442327,0.01718841963624343
2023-05-08 18:00:00-05:00,0.08543891459581855,True,-0.08916301801104591,-0.003724103415227359
2023-05-08 19:00:00-05:00,0.1269394003432579,True,-0.10546994549482197,0.02146945484843593
2023-05-08 20:00:00-05:00,0.045876297237868485,True,-0.04385370176711448,0.0020225954707540073
2023-05-08 21:00:00-05:00,0.03569797965698316,True,-0.035733376805507026,-3.539714852386633e-05
2023-05-08 22:00:00-05:00,0.027225593152726043,True,-0.024439533137165313,0.0027860600155607297
2023-05-08 23:00:00-05:00,0.016423509822015504,True,-0.016720924584725193,-0.00029741476270968986
2023-05-09 00:00:00-05:00,-0.0009,True,0.000900000000000002,2.0599841277224584e-18
2023-05-09 01:00:00-05:00,-0.0009,True,0.0009000000000000019,1.951563910473908e-18
2023-05-09 02:00:00-05:00,-0.0009,True,0.0009000000000000019,1.951563910473908e-18
2023-05-09 03:00:00-05:00,-0.0009,True,0.000900000000000002,2.0599841277224584e-18
2023-05-09 04:00:00-05:00,-0.0009,True,0.000900000000000002,2.0599841277224584e-18
2023-05-09 05:00:00-05:00,-0.0009,True,0.000900000000000002,2.0599841277224584e-18
2023-05-09 06:00:00-05:00,-0.0009,True,0.000900000000000002,2.0599841277224584e-18
2023-05-09 07:00:00-05:00,-0.0009,True,0.0010794689974091107,0.00017946899740911072
2023-05-09 08:00:00-05:00,-0.0009,True,0.03218308532111434,0.03128308532111434
2023-05-09 09:00:00-05:00,-0.0009,True,0.08921504410359005,0.08831504410359005
2023-05-09 10:00:00-05:00,-0.0009,True,0.12366895904006249,0.12276895904006249
2023-05-09 11:00:00-05:00,0.004860597502434633,True,0.11567024166307062,0.12053083916550525
2023-05-09 12:00:00-05:00,0.024967745904001606,True,0.11461886759487326,0.13958661349887486
2023-05-09 13:00:00-05:00,0.1080463418175639,True,0.12249187906921756,0.23053822088678144
2023-05-09 14:00:00-05:00,0.07151364659758162,True,0.16212931185765417,0.2336429584552358
2023-05-09 15:00:00-05:00,0.09998103374443672,True,0.07541968080160251,0.17540071454603923
2023-05-09 16:00:00-05:00,0.010751801680669013,True,0.026568596678067168,0.037320398358736184
2023-05-09 17:00:00-05:00,0.1837443522414982,True,-0.16654012362008813,0.017204228621410078
2023-05-09 18:00:00-05:00,0.15289116600688907,True,-0.14098650268471669,0.011904663322172382
2023-05-09 19:00:00-05:00,0.14609573335368903,True,-0.11538005237370351,0.03071568097998552
2023-05-09 20:00:00-05:00,0.12748502573045345,True,-0.10556451532830277,0.021920510402150678
2023-05-09 21:00:00-05:00,0.006673805638289837,True,-0.008411598906428442,-0.0017377932681386047
2023-05-09 22:00:00-05:00,0.006115170890241614,True,-0.006173805244539368,-5.8634354297754446e-05
2023-05-09 23:00:00-05:00,-0.0009,True,0.0008999999999999991,-8.673617379884035e-19
2023-05-10 00:00:00-05:00,-0.0009,True,0.0009006267210206467,6.267210206467155e-07
2023-05-10 01:00:00-05:00,-0.0009,True,0.0009006267210206467,6.267210206467155e-07
2023-05-10 02:00:00-05:00,-0.0009,True,0.0009006267210206467,6.267210206467155e-07
2023-05-10 03:00:00-05:00,-0.0009,True,0.0009006267210206467,6.267210206467155e-07
2023-05-10 04:00:00-05:00,-0.0009,True,0.0009006267210206467,6.267210206467155e-07
2023-05-10 05:00:00-05:00,-0.0009,True,0.0009006267210206467,6.267210206467155e-07
2023-05-10 06:00:00-05:00,-0.0009,True,0.0009006267210206467,6.267210206467155e-07
2023-05-10 07:00:00-05:00,-0.0009,True,0.0010113726290419199,0.00011137262904191989
2023-05-10 08:00:00-05:00,-0.0009,True,0.05157165866547957,0.05067165866547957
2023-05-10 09:00:00-05:00,-0.0009,True,0.13128011558944772,0.1303801155894477
2023-05-10 10:00:00-05:00,-0.0009,True,0.1828660097523596,0.18196600975235958
2023-05-10 11:00:00-05:00,0.1301989603505818,True,0.1569637225497723,0.28716268290035407
2023-05-10 12:00:00-05:00,0.23775047546086933,True,0.10943137289922623,0.3471818483600956
2023-05-10 13:00:00-05:00,0.2863742956031372,True,0.10164406946993701,0.3880183650730742
2023-05-10 14:00:00-05:00,0.29766569963174366,True,0.03552183669945964,0.3331875363312033
2023-05-10 15:00:00-05:00,0.2781553549510676,True,-0.005077087571696037,0.2730782673793715
2023-05-10 16:00:00-05:00,0.234966216444484,True,-0.18453215856807315,0.050434057876410865
2023-05-10 17:00:00-05:00,0.16695015954802683,True,-0.14412248416394688,0.022827675384079954
2023-05-10 18:00:00-05:00,0.07556259672010933,True,-0.0798423873462773,-0.00427979062616797
2023-05-10 19:00:00-05:00,0.010542175248694734,True,-0.01427325799726987,-0.003731082748575136
2023-05-10 20:00:00-05:00,0.009283288061655896,True,-0.011522067738214133,-0.0022387796765582363
2023-05-10 21:00:00-05:00,0.008097729974437204,True,-0.009971602353397052,-0.0018738723789598483
2023-05-10 22:00:00-05:00,0.007182092204765952,True,-0.006860787397604517,0.0003213048071614346
2023-05-10 23:00:00-05:00,-0.0009,True,0.0008999999999999991,-8.673617379884035e-19
2023-05-11 00:00:00-05:00,-0.0009,True,0.000900000000000002,2.0599841277224584e-18
2023-05-11 01:00:00-05:00,-0.0009,True,0.0009006267210206467,6.267210206467155e-07
2023-05-11 02:00:00-05:00,-0.0009,True,0.0009006267210206467,6.267210206467155e-07
2023-05-11 03:00:00-05:00,-0.0009,True,0.0009006267210206467,6.267210206467155e-07
2023-05-11 04:00:00-05:00,-0.0009,True,0.0009006267210206467,6.267210206467155e-07
2023-05-11 05:00:00-05:00,-0.0009,True,0.0009006267210206467,6.267210206467155e-07
2023-05-11 06:00:00-05:00,-0.0009,True,0.000900000000000002,2.0599841277224584e-18
2023-05-11 07:00:00-05:00,-0.0009,True,0.001000722737667055,0.00010072273766705496
2023-05-11 08:00:00-05:00,-0.0009,True,0.04606718651105908,0.04516718651105908
2023-05-11 09:00:00-05:00,-0.0009,True,0.11548749314923454,0.11458749314923454
2023-05-11 10:00:00-05:00,-0.0009,True,0.16255277752815508,0.16165277752815507
2023-05-11 11:00:00-05:00,0.1595349178853995,True,0.11542346816083401,0.2749583860462335
2023-05-11 12:00:00-05:00,0.255603888938286,True,0.0888300903246185,0.34443397926290453
2023-05-11 13:00:00-05:00,0.2946150256875858,True,0.08688979304690533,0.38150481873449116
2023-05-11 14:00:00-05:00,0.2968323713802877,True,0.011695355053775683,0.30852772643406334
2023-05-11 15:00:00-05:00,0.27603171138190574,True,-0.009443059286702716,0.26658865209520305
2023-05-11 16:00:00-05:00,0.23135276822417986,True,-0.17781213323171044,0.053540634992469416
2023-05-11 17:00:00-05:00,0.16569695026061232,True,-0.14242986807631758,0.02326708218429474
2023-05-11 18:00:00-05:00,0.1198997288126823,True,-0.10317765220986379,0.016722076602818506
2023-05-11 19:00:00-05:00,0.015103624919958033,True,-0.016111850783253903,-0.0010082258632958703
2023-05-11 20:00:00-05:00,0.11913666324842774,True,-0.10288272668178955,0.01625393656663819
2023-05-11 21:00:00-05:00,0.046224119658844404,True,-0.044428959213636585,0.001795160445207819
2023-05-11 22:00:00-05:00,0.009526415623982468,True,-0.010581433217849965,-0.001055017593867497
2023-05-11 23:00:00-05:00,-0.0009,True,0.0008999999999999991,-8.673617379884035e-19
2023-05-12 00:00:00-05:00,-0.0009,True,0.000900000000000002,2.0599841277224584e-18
2023-05-12 01:00:00-05:00,-0.0009,True,0.000900000000000002,2.0599841277224584e-18
2023-05-12 02:00:00-05:00,-0.0009,True,0.000900000000000002,2.0599841277224584e-18
2023-05-12 03:00:00-05:00,-0.0009,True,0.000900000000000002,2.0599841277224584e-18
2023-05-12 04:00:00-05:00,-0.0009,True,0.000900000000000002,2.0599841277224584e-18
2023-05-12 05:00:00-05:00,-0.0009,True,0.000900000000000002,2.0599841277224584e-18
2023-05-12 06:00:00-05:00,-0.0009,True,0.000900000000000002,2.0599841277224584e-18
2023-05-12 07:00:00-05:00,-0.0009,True,0.0010065614830834016,0.00010656148308340165
2023-05-12 08:00:00-05:00,-0.0009,True,0.038383780539141,0.037483780539141004
2023-05-12 09:00:00-05:00,-0.0009,True,0.0947671734195557,0.09386717341955571
2023-05-12 10:00:00-05:00,-0.0009,True,0.145022193349877,0.144122193349877
2023-05-12 11:00:00-05:00,0.09855149382054167,True,0.11071402806541016,0.20926552188595182
2023-05-12 12:00:00-05:00,0.19619855641941558,True,0.08874318613170937,0.2849417425511249
2023-05-12 13:00:00-05:00,0.24572333718190728,True,0.0783783619634401,0.32410169914534737
2023-05-12 14:00:00-05:00,0.2580979420666344,True,0.05249475128267222,0.3105926933493066
2023-05-12 15:00:00-05:00,0.2512337146536608,True,0.024156716748414034,0.2753904314020748
2023-05-12 16:00:00-05:00,0.22585400024705332,True,-0.11097137266636739,0.11488262758068593
2023-05-12 17:00:00-05:00,0.18174312345790578,True,-0.16502916014802893,0.016713963309876845
2023-05-12 18:00:00-05:00,0.12010576630351538,True,-0.10333159211779956,0.01677417418571582
2023-05-12 19:00:00-05:00,0.05125958687266357,True,-0.05174786065502657,-0.0004882737823629982
2023-05-12 20:00:00-05:00,0.05789358162476104,True,-0.07110020847374587,-0.013206626848984833
2023-05-12 21:00:00-05:00,0.06716748446739287,True,-0.0683091509450673,-0.0011416664776744273
2023-05-12 22:00:00-05:00,0.04417148419636294,True,-0.04499518180749173,-0.0008236976111287916
2023-05-12 23:00:00-05:00,0.014551270251112877,True,-0.014342485142942086,0.0002087851081707913
2023-05-13 00:00:00-05:00,-0.0009,True,0.000900000000000002,2.0599841277224584e-18
2023-05-13 01:00:00-05:00,-0.0009,True,0.000900000000000002,2.0599841277224584e-18
2023-05-13 02:00:00-05:00,-0.0009,True,0.000900000000000002,2.0599841277224584e-18
2023-05-13 03:00:00-05:00,-0.0009,True,0.000900000000000002,2.0599841277224584e-18
2023-05-13 04:00:00-05:00,-0.0009,True,0.000900000000000002,2.0599841277224584e-18
2023-05-13 05:00:00-05:00,-0.0009,True,0.000900000000000002,2.0599841277224584e-18
2023-05-13 06:00:00-05:00,-0.0009,True,0.000900000000000002,2.0599841277224584e-18
2023-05-13 07:00:00-05:00,-0.0009,True,0.0010071639526337624,0.00010716395263376242
2023-05-13 08:00:00-05:00,-0.0009,True,0.03955404362130974,0.03865404362130974
2023-05-13 09:00:00-05:00,-0.0009,True,0.10390853236174769,0.10300853236174769
2023-05-13 10:00:00-05:00,-0.0009,True,0.1492977134274431,0.1483977134274431
2023-05-13 11:00:00-05:00,0.052730245515243926,True,0.11362840760571913,0.16635865312096304
2023-05-13 12:00:00-05:00,0.00595814444023824,True,0.15007896662470618,0.15603711106494442
2023-05-13 13:00:00-05:00,0.036791308221170924,True,0.1252685866973985,0.16205989491856942
2023-05-13 14:00:00-05:00,0.03202021509571196,True,0.11814116339008951,0.15016137848580147
2023-05-13 15:00:00-05:00,0.05143171236848677,True,0.08820914207163694,0.1396408544401237
2023-05-13 16:00:00-05:00,0.04093537514002854,True,0.007128283314142954,0.048063658454171494
2023-05-13 17:00:00-05:00,0.10073496038708046,True,-0.09303371812562525,0.007701242261455216
2023-05-13 18:00:00-05:00,0.0797348669314053,True,-0.07750658819127962,0.002228278740125683
2023-05-13 19:00:00-05:00,0.025677885700529948,True,-0.024610660307610756,0.0010672253929191917
2023-05-13 20:00:00-05:00,0.00880386433981461,True,-0.007207929258280904,0.0015959350815337066
2023-05-13 21:00:00-05:00,0.012943643513865228,True,-0.01394106963071185,-0.0009974261168466218
2023-05-13 22:00:00-05:00,0.015440991755967077,True,-0.014511530745435436,0.000929461010531641
2023-05-13 23:00:00-05:00,0.008924517539574607,True,-0.0072435051213998805,0.0016810124181747266
2023-05-14 00:00:00-05:00,-0.0009,True,0.000900000000000002,2.0599841277224584e-18
2023-05-14 01:00:00-05:00,-0.0009,True,0.000900000000000002,2.0599841277224584e-18
2023-05-14 02:00:00-05:00,-0.0009,True,0.000900000000000002,2.0599841277224584e-18
2023-05-14 03:00:00-05:00,-0.0009,True,0.000900000000000002,2.0599841277224584e-18
2023-05-14 04:00:00-05:00,-0.0009,True,0.000900000000000002,2.0599841277224584e-18
2023-05-14 05:00:00-05:00,-0.0009,True,0.0009000000000000019,1.951563910473908e-18
2023-05-14 06:00:00-05:00,-0.0009,True,0.0009000000000000019,1.951563910473908e-18
2023-05-14 07:00:00-05:00,-0.0009,True,0.001036311527694741,0.00013631152769474106
2023-05-14 08:00:00-05:00,-0.0009,True,0.03905491877270756,0.03815491877270756
2023-05-14 09:00:00-05:00,-0.0009,True,0.11283913359277063,0.11193913359277063
2023-05-14 10:00:00-05:00,-0.0009,True,0.136224415926153,0.135324415926153
2023-05-14 11:00:00-05:00,0.053856536967252566,True,0.12039857927549613,0.1742551162427487
2023-05-14 12:00:00-05:00,0.17323897164521104,True,0.10921670653959631,0.2824556781848073
2023-05-14 13:00:00-05:00,0.31916866191949933,True,0.05856591436037194,0.3777345762798713
2023-05-14 14:00:00-05:00,0.31438785512303796,True,0.006524056291517871,0.32091191141455583
2023-05-14 15:00:00-05:00,0.2855386015592749,True,-0.018023939024831806,0.2675146625344431
2023-05-14 16:00:00-05:00,0.23146109865842676,True,-0.1783482806537575,0.05311281800466927
2023-05-14 17:00:00-05:00,0.15774675541958158,True,-0.13979740403430235,0.017949351385279227
2023-05-14 18:00:00-05:00,0.06108431967814315,True,-0.0716308348624527,-0.010546515184309546
2023-05-14 19:00:00-05:00,-0.0009,True,-0.0006834279728960979,-0.001583427972896098
2023-05-14 20:00:00-05:00,-0.0009,True,-0.0006834279728960979,-0.001583427972896098
2023-05-14 21:00:00-05:00,-0.0009,True,0.0002606694476205471,-0.0006393305523794529
2023-05-14 22:00:00-05:00,-0.0009,True,0.0008999999999999991,-8.673617379884035e-19
2023-05-14 23:00:00-05:00,-0.0009,True,0.0008999999999999991,-8.673617379884035e-19
2023-05-15 00:00:00-05:00,-0.0009,True,0.0009000000000000019,1.951563910473908e-18
2023-05-15 01:00:00-05:00,-0.0009,True,0.0009000000000000019,1.951563910473908e-18
2023-05-15 02:00:00-05:00,-0.0009,True,0.0009006267210206466,6.26721020646607e-07
2023-05-15 03:00:00-05:00,-0.0009,True,0.0009006267210206466,6.26721020646607e-07
2023-05-15 04:00:00-05:00,-0.0009,True,0.0009006267210206466,6.26721020646607e-07
2023-05-15 05:00:00-05:00,-0.0009,True,0.0009006267210206466,6.26721020646607e-07
2023-05-15 06:00:00-05:00,-0.0009,True,0.0009006267210206466,6.26721020646607e-07
2023-05-15 07:00:00-05:00,-0.0009,True,0.0010900006234759406,0.00019000062347594064
2023-05-15 08:00:00-05:00,-0.0009,True,0.039629604563628934,0.038729604563628936
2023-05-15 09:00:00-05:00,-0.0009,True,0.1282534706271912,0.12735347062719118
2023-05-15 10:00:00-05:00,-0.0009,True,0.1789729840029763,0.17807298400297628
2023-05-15 11:00:00-05:00,0.056066596588479053,True,0.168043908334325,0.22411050492280404
2023-05-15 12:00:00-05:00,0.09375590912365,True,0.16611970330352638,0.2598756124271764
2023-05-15 13:00:00-05:00,0.3269621462838256,True,0.06581707620318941,0.392779222487015
2023-05-15 14:00:00-05:00,0.31714697543489284,True,-3.820717823191336e-05,0.31710876825666096
2023-05-15 15:00:00-05:00,0.28579774001962505,True,-0.021085847688236136,0.2647118923313889
2023-05-15 16:00:00-05:00,0.2381059253606202,True,-0.18593801281932684,0.052167912541293354
2023-05-15 17:00:00-05:00,0.16688426798678094,True,-0.14312342752000778,0.023760840466773153
2023-05-15 18:00:00-05:00,0.0869962467096496,True,-0.09576157433868934,-0.00876532762903974
2023-05-15 19:00:00-05:00,0.01819344084264583,True,-0.02009968244165266,-0.0019062415990068297
2023-05-15 20:00:00-05:00,0.016361742245512033,True,-0.017567118856522814,-0.0012053766110107812
2023-05-15 21:00:00-05:00,0.013392358652426785,True,-0.015849588544478033,-0.002457229892051249
2023-05-15 22:00:00-05:00,0.010603503528036812,True,-0.013494518548927106,-0.0028910150208902932
2023-05-15 23:00:00-05:00,0.005846193230583441,True,-0.006412705766822294,-0.0005665125362388536
2023-05-16 00:00:00-05:00,-0.0009,True,0.000900000000000002,2.0599841277224584e-18
2023-05-16 01:00:00-05:00,-0.0009,True,0.000900000000000002,2.0599841277224584e-18
2023-05-16 02:00:00-05:00,-0.0009,True,0.000900000000000002,2.0599841277224584e-18
2023-05-16 03:00:00-05:00,-0.0009,True,0.000900000000000002,2.0599841277224584e-18
2023-05-16 04:00:00-05:00,-0.0009,True,0.000900000000000002,2.0599841277224584e-18
2023-05-16 05:00:00-05:00,-0.0009,True,0.000900000000000002,2.0599841277224584e-18
2023-05-16 06:00:00-05:00,-0.0009,True,0.000900000000000002,2.0599841277224584e-18
2023-05-16 07:00:00-05:00,-0.0009,True,0.0010355214554296059,0.0001355214554296059
2023-05-16 08:00:00-05:00,-0.0009,True,0.03782339543838531,0.03692339543838531
2023-05-16 09:00:00-05:00,-0.0009,True,0.09085953090225468,0.08995953090225468
2023-05-16 10:00:00-05:00,0.004915236893220005,True,0.11675846334483028,0.12167370023805028
2023-05-16 11:00:00-05:00,0.18621293686372423,True,0.09258208178750296,0.2787950186512272
2023-05-16 12:00:00-05:00,0.2742369413350334,True,0.07504952933770695,0.3492864706727403
2023-05-16 13:00:00-05:00,0.25859249776856374,True,0.07603837699225084,0.3346308747608146
2023-05-16 14:00:00-05:00,0.27185533350674307,True,0.055033711394056384,0.32688904490079945
2023-05-16 15:00:00-05:00,0.2413600287183425,True,0.0331233552713905,0.274483383989733
2023-05-16 16:00:00-05:00,0.20889336598204028,True,-0.056031994836487235,0.15286137114555304
2023-05-16 17:00:00-05:00,0.17335797709152653,True,-0.14438042777368984,0.028977549317836693
2023-05-16 18:00:00-05:00,0.10821481185153282,True,-0.10110859179405363,0.007106220057479198
2023-05-16 19:00:00-05:00,0.10418636825200563,True,-0.10229527246270113,0.0018910957893044922
2023-05-16 20:00:00-05:00,0.0906626615665839,True,-0.08929041488334409,0.0013722466832398056
2023-05-16 21:00:00-05:00,0.05993532987399342,True,-0.060015474424260064,-8.014455026664202e-05
2023-05-16 22:00:00-05:00,0.060996744628901395,True,-0.06426569076593569,-0.0032689461370342954
2023-05-16 23:00:00-05:00,0.009918333728679738,True,-0.0096930103888553,0.00022532333982443718
2023-05-17 00:00:00-05:00,-0.0009,True,0.000900000000000002,2.0599841277224584e-18
2023-05-17 01:00:00-05:00,-0.0009,True,0.000900000000000002,2.0599841277224584e-18
2023-05-17 02:00:00-05:00,-0.0009,True,0.000900000000000002,2.0599841277224584e-18
2023-05-17 03:00:00-05:00,-0.0009,True,0.000900000000000002,2.0599841277224584e-18
2023-05-17 04:00:00-05:00,-0.0009,True,0.000900000000000002,2.0599841277224584e-18
2023-05-17 05:00:00-05:00,-0.0009,True,0.000900000000000002,2.0599841277224584e-18
2023-05-17 06:00:00-05:00,-0.0009,True,0.001155021641982292,0.000255021641982292
2023-05-17 07:00:00-05:00,-0.0009,True,0.0013037415804269177,0.0004037415804269177
2023-05-17 08:00:00-05:00,-0.0009,True,0.04522101962134562,0.044321019621345624
2023-05-17 09:00:00-05:00,-0.0009,True,0.10967863503103095,0.10877863503103095
2023-05-17 10:00:00-05:00,-0.0009,True,0.11869739843121954,0.11779739843121954
2023-05-17 11:00:00-05:00,0.09782663398256661,True,0.10929205966060934,0.20711869364317595
2023-05-17 12:00:00-05:00,0.21819254598032845,True,0.09577317562508343,0.31396572160541186
2023-05-17 13:00:00-05:00,0.2907196537242719,True,0.08221120974845533,0.3729308634727272
2023-05-17 14:00:00-05:00,0.3155519466776802,True,0.015864404771837922,0.33141635144951814
2023-05-17 15:00:00-05:00,0.2967562470684314,True,-0.005400009016392285,0.29135623805203914
2023-05-17 16:00:00-05:00,0.24558890517405546,True,-0.1867039395748157,0.05888496559923975
2023-05-17 17:00:00-05:00,0.16875164407626717,True,-0.14050085314523186,0.028250790931035302
2023-05-17 18:00:00-05:00,0.06802558849286107,True,-0.07381925415846802,-0.005793665665606948
2023-05-17 19:00:00-05:00,-0.0009,True,-0.0037973467514606013,-0.004697346751460601
2023-05-17 20:00:00-05:00,-0.0009,True,-0.0037973467514606013,-0.004697346751460601
2023-05-17 21:00:00-05:00,-0.0009,True,-0.0006245767773138236,-0.0015245767773138237
2023-05-17 22:00:00-05:00,-0.0009,True,0.0007244961905643525,-0.00017550380943564745
2023-05-17 23:00:00-05:00,-0.0009,True,0.0008999999999999991,-8.673617379884035e-19
2023-05-18 00:00:00-05:00,-0.0009,True,0.0009006267210206467,6.267210206467155e-07
2023-05-18 01:00:00-05:00,-0.0009,True,0.0009006267210206467,6.267210206467155e-07
2023-05-18 02:00:00-05:00,-0.0009,True,0.0009006267210206467,6.267210206467155e-07
2023-05-18 03:00:00-05:00,-0.0009,True,0.000900000000000002,2.0599841277224584e-18
2023-05-18 04:00:00-05:00,-0.0009,True,0.000900000000000002,2.0599841277224584e-18
2023-05-18 05:00:00-05:00,-0.0009,True,0.000900000000000002,2.0599841277224584e-18
2023-05-18 06:00:00-05:00,-0.0009,True,0.000900000000000002,2.0599841277224584e-18
2023-05-18 07:00:00-05:00,-0.0009,True,0.0013221722888320175,0.0004221722888320175
2023-05-18 08:00:00-05:00,-0.0009,True,0.04813634321336216,0.04723634321336216
2023-05-18 09:00:00-05:00,-0.0009,True,0.098293914039252,0.097393914039252
2023-05-18 10:00:00-05:00,0.02247910981339716,True,0.14286079208678312,0.16533990190018027
2023-05-18 11:00:00-05:00,0.21185761913537024,True,0.1410904655157518,0.35294808465112204
2023-05-18 12:00:00-05:00,0.2967627195068224,True,0.10956689415282093,0.4063296136596434
2023-05-18 13:00:00-05:00,0.32540381617620406,True,0.07663288388520824,0.4020367000614123
2023-05-18 14:00:00-05:00,0.32040485294255133,True,0.005441128586410153,0.3258459815289615
2023-05-18 15:00:00-05:00,0.2905213512036178,True,-0.013784386142024794,0.27673696506159295
2023-05-18 16:00:00-05:00,0.2421325558627638,True,-0.18576581118496513,0.056366744677798675
2023-05-18 17:00:00-05:00,0.17079936003401172,True,-0.14555858093458432,0.0252407790994274
2023-05-18 18:00:00-05:00,0.07783601575154737,True,-0.08257043402102812,-0.004734418269480747
2023-05-18 19:00:00-05:00,0.010143914175892027,True,-0.013262594775753407,-0.0031186805998613797
2023-05-18 20:00:00-05:00,0.010280360400450323,True,-0.013341245152872104,-0.003060884752421781
2023-05-18 21:00:00-05:00,0.010165531027480404,True,-0.01321138962926981,-0.0030458586017894067
2023-05-18 22:00:00-05:00,0.009235551937545012,True,-0.010288740615670993,-0.0010531886781259808
2023-05-18 23:00:00-05:00,0.005559601901659343,True,-0.006104738037352635,-0.0005451361356932924
2023-05-19 00:00:00-05:00,-0.0009,True,0.000900000000000002,2.0599841277224584e-18
2023-05-19 01:00:00-05:00,-0.0009,True,0.000900000000000002,2.0599841277224584e-18
2023-05-19 02:00:00-05:00,-0.0009,True,0.000900000000000002,2.0599841277224584e-18
2023-05-19 03:00:00-05:00,-0.0009,True,0.000900000000000002,2.0599841277224584e-18
2023-05-19 04:00:00-05:00,-0.0009,True,0.000900000000000002,2.0599841277224584e-18
2023-05-19 05:00:00-05:00,-0.0009,True,0.000900000000000002,2.0599841277224584e-18
2023-05-19 06:00:00-05:00,-0.0009,True,0.000900000000000002,2.0599841277224584e-18
2023-05-19 07:00:00-05:00,-0.0009,True,0.0014329307933932832,0.0005329307933932832
2023-05-19 08:00:00-05:00,-0.0009,True,0.046217208581870464,0.045317208581870466
2023-05-19 09:00:00-05:00,-0.0009,True,0.09171007096233584,0.09081007096233584
2023-05-19 10:00:00-05:00,-0.0009,True,0.09972139398694532,0.09882139398694532
2023-05-19 11:00:00-05:00,0.0125469002064015,True,0.10371149934393527,0.11625839955033676
2023-05-19 12:00:00-05:00,0.08969389260642234,True,0.12120933536571506,0.2109032279721374
2023-05-19 13:00:00-05:00,0.2621740013888729,True,0.08953851998230684,0.35171252137117975
2023-05-19 14:00:00-05:00,0.2346588873677994,True,0.059605893803117836,0.29426478117091726
2023-05-19 15:00:00-05:00,0.22467572003334077,True,0.06068712795066004,0.2853628479840008
2023-05-19 16:00:00-05:00,0.2251628464648379,True,-0.10842765503517131,0.11673519142966658
2023-05-19 17:00:00-05:00,0.16925105941542998,True,-0.14267217773054294,0.026578881684887035
2023-05-19 18:00:00-05:00,0.07450193834866915,True,-0.07764503396291561,-0.0031430956142464578
2023-05-19 19:00:00-05:00,0.007413403448261624,True,-0.009601544983588598,-0.002188141535326974
2023-05-19 20:00:00-05:00,0.007861890312891692,True,-0.009652865952961442,-0.0017909756400697509
2023-05-19 21:00:00-05:00,0.00810838922423486,True,-0.009700008192684491,-0.0015916189684496308
2023-05-19 22:00:00-05:00,0.007723242785581404,True,-0.006959905787197384,0.0007633369983840194
2023-05-19 23:00:00-05:00,-0.0009,True,0.0008999999999999991,-8.673617379884035e-19
2023-05-20 00:00:00-05:00,-0.0009,True,0.000900000000000002,2.0599841277224584e-18
2023-05-20 01:00:00-05:00,-0.0009,True,0.000900000000000002,2.0599841277224584e-18
2023-05-20 02:00:00-05:00,-0.0009,True,0.000900000000000002,2.0599841277224584e-18
2023-05-20 03:00:00-05:00,-0.0009,True,0.000900000000000002,2.0599841277224584e-18
2023-05-20 04:00:00-05:00,-0.0009,True,0.000900000000000002,2.0599841277224584e-18
2023-05-20 05:00:00-05:00,-0.0009,True,0.000900000000000002,2.0599841277224584e-18
2023-05-20 06:00:00-05:00,-0.0009,True,0.000900000000000002,2.0599841277224584e-18
2023-05-20 07:00:00-05:00,-0.0009,True,0.0014687082510619974,0.0005687082510619974
2023-05-20 08:00:00-05:00,-0.0009,True,0.03810600004365316,0.03720600004365316
2023-05-20 09:00:00-05:00,-0.0009,True,0.08176450827495094,0.08086450827495094
2023-05-20 10:00:00-05:00,-0.0009,True,0.11638342561704997,0.11548342561704997
2023-05-20 11:00:00-05:00,-0.0009,True,0.1060160600175024,0.1051160600175024
2023-05-20 12:00:00-05:00,0.01765693947786581,True,0.10873939495833092,0.12639633443619672
2023-05-20 13:00:00-05:00,0.05078258891594681,True,0.12660904238438467,0.17739163130033148
2023-05-20 14:00:00-05:00,0.10548187590022193,True,0.09081874970875749,0.19630062560897943
2023-05-20 15:00:00-05:00,0.1668590717055867,True,0.05236021601257054,0.21921928771815724
2023-05-20 16:00:00-05:00,0.14341593024520372,True,-0.043254266564140866,0.10016166368106286
2023-05-20 17:00:00-05:00,0.07105652731587422,True,-0.06990696061667037,0.0011495666992038522
2023-05-20 18:00:00-05:00,0.06377829004200886,True,-0.0644054903302475,-0.0006272002882386496
2023-05-20 19:00:00-05:00,0.13135581840259045,True,-0.1053242485092261,0.026031569893364345
2023-05-20 20:00:00-05:00,0.11552000390264718,True,-0.09496436499590034,0.02055563890674683
2023-05-20 21:00:00-05:00,-0.0009,True,-0.0006245767773138236,-0.0015245767773138237
2023-05-20 22:00:00-05:00,-0.0009,True,0.0002606694476205471,-0.0006393305523794529
2023-05-20 23:00:00-05:00,-0.0009,True,0.0008999999999999991,-8.673617379884035e-19
2023-05-21 00:00:00-05:00,-0.0009,True,0.000900000000000002,2.0599841277224584e-18
2023-05-21 01:00:00-05:00,-0.0009,True,0.000900000000000002,2.0599841277224584e-18
2023-05-21 02:00:00-05:00,-0.0009,True,0.000900000000000002,2.0599841277224584e-18
2023-05-21 03:00:00-05:00,-0.0009,True,0.000900000000000002,2.0599841277224584e-18
2023-05-21 04:00:00-05:00,-0.0009,True,0.000900000000000002,2.0599841277224584e-18
2023-05-21 05:00:00-05:00,-0.0009,True,0.000900000000000002,2.0599841277224584e-18
2023-05-21 06:00:00-05:00,-0.0009,True,0.000900000000000002,2.0599841277224584e-18
2023-05-21 07:00:00-05:00,-0.0009,True,0.0014099754257359415,0.0005099754257359415
2023-05-21 08:00:00-05:00,-0.0009,True,0.05895177605890933,0.058051776058909335
2023-05-21 09:00:00-05:00,-0.0009,True,0.11345517757447154,0.11255517757447155
2023-05-21 10:00:00-05:00,0.008497502028057416,True,0.12921594320935179,0.1377134452374092
2023-05-21 11:00:00-05:00,0.15230868216580512,True,0.1166272747869298,0.2689359569527349
2023-05-21 12:00:00-05:00,0.25244997395751567,True,0.09222753245391364,0.3446775064114293
2023-05-21 13:00:00-05:00,0.30104197435113955,True,0.08500426997576457,0.38604624432690415
2023-05-21 14:00:00-05:00,0.30746735117347695,True,0.010397508538000342,0.3178648597114773
2023-05-21 15:00:00-05:00,0.2796606067131438,True,-0.006349332693782867,0.27331127401936095
2023-05-21 16:00:00-05:00,0.23667313989781455,True,-0.18322178992681376,0.05345134997100079
2023-05-21 17:00:00-05:00,0.1713573518868134,True,-0.14337509034420223,0.02798226154261116
2023-05-21 18:00:00-05:00,0.07944501594904477,True,-0.08340525362382474,-0.003960237674779973
2023-05-21 19:00:00-05:00,0.009682586658319217,True,-0.011190604854288706,-0.0015080181959694888
2023-05-21 20:00:00-05:00,0.009031785600752707,True,-0.011104706864047308,-0.0020729212632946015
2023-05-21 21:00:00-05:00,0.009659799475860724,True,-0.011186324044308811,-0.0015265245684480868
2023-05-21 22:00:00-05:00,0.010432317732728425,True,-0.013155987350916285,-0.00272366961818786
2023-05-21 23:00:00-05:00,0.00802899817907713,True,-0.006108538954969716,0.0019204592241074143
2023-05-22 00:00:00-05:00,-0.0009,True,0.0009000000000000019,1.951563910473908e-18
2023-05-22 01:00:00-05:00,-0.0009,True,0.000900000000000002,2.0599841277224584e-18
2023-05-22 02:00:00-05:00,-0.0009,True,0.000900000000000002,2.0599841277224584e-18
2023-05-22 03:00:00-05:00,-0.0009,True,0.000900000000000002,2.0599841277224584e-18
2023-05-22 04:00:00-05:00,-0.0009,True,0.000900000000000002,2.0599841277224584e-18
2023-05-22 05:00:00-05:00,-0.0009,True,0.000900000000000002,2.0599841277224584e-18
2023-05-22 06:00:00-05:00,-0.0009,True,0.000900000000000002,2.0599841277224584e-18
2023-05-22 07:00:00-05:00,-0.0009,True,0.001483507500072434,0.000583507500072434
2023-05-22 08:00:00-05:00,-0.0009,True,0.0408794412615236,0.0399794412615236
2023-05-22 09:00:00-05:00,-0.0009,True,0.10662173799301185,0.10572173799301185
2023-05-22 10:00:00-05:00,-0.0009,True,0.1578779882259536,0.1569779882259536
2023-05-22 11:00:00-05:00,0.10748263917465369,True,0.12355611888205387,0.23103875805670754
2023-05-22 12:00:00-05:00,0.20602283836624918,True,0.0865363816853156,0.29255922005156476
2023-05-22 13:00:00-05:00,0.25764829455269267,True,0.10093444812757285,0.3585827426802655
2023-05-22 14:00:00-05:00,0.2750832095184213,True,0.05493199750665512,0.3300152070250764
2023-05-22 15:00:00-05:00,0.26700483284218,True,0.031912340237299365,0.2989171730794794
2023-05-22 16:00:00-05:00,0.23042688853778698,True,-0.17421736182145614,0.05620952671633084
2023-05-22 17:00:00-05:00,0.17548257341967965,True,-0.14544733636376087,0.03003523705591879
2023-05-22 18:00:00-05:00,0.11100418522480622,True,-0.10124864280892223,0.009755542415883986
2023-05-22 19:00:00-05:00,0.049867284554405374,True,-0.04370975178390401,0.006157532770501364
2023-05-22 20:00:00-05:00,0.05265312495249329,True,-0.04746496099259745,0.005188163959895839
2023-05-22 21:00:00-05:00,0.052066645868869915,True,-0.04461265037783458,0.007453995491035335
2023-05-22 22:00:00-05:00,0.04445901989624428,True,-0.03799374655731349,0.006465273338930794
2023-05-22 23:00:00-05:00,0.029940008678104753,True,-0.01952960602432587,0.010410402653778884
2023-05-23 00:00:00-05:00,-0.0009,True,0.000900000000000002,2.0599841277224584e-18
2023-05-23 01:00:00-05:00,-0.0009,True,0.000900000000000002,2.0599841277224584e-18
2023-05-23 02:00:00-05:00,-0.0009,True,0.000900000000000002,2.0599841277224584e-18
2023-05-23 03:00:00-05:00,-0.0009,True,0.000900000000000002,2.0599841277224584e-18
2023-05-23 04:00:00-05:00,-0.0009,True,0.000900000000000002,2.0599841277224584e-18
2023-05-23 05:00:00-05:00,-0.0009,True,0.000900000000000002,2.0599841277224584e-18
2023-05-23 06:00:00-05:00,-0.0009,True,0.000900000000000002,2.0599841277224584e-18
2023-05-23 07:00:00-05:00,-0.0009,True,0.0014663641972542574,0.0005663641972542574
2023-05-23 08:00:00-05:00,-0.0009,True,0.03807786664024584,0.03717786664024584
2023-05-23 09:00:00-05:00,-0.0009,True,0.09661553644410786,0.09571553644410787
2023-05-23 10:00:00-05:00,-0.0009,True,0.13658571761705335,0.13568571761705334
2023-05-23 11:00:00-05:00,0.0624850629965266,True,0.12187266426037244,0.18435772725689903
2023-05-23 12:00:00-05:00,0.1596049703771296,True,0.10561211485924442,0.265217085236374
2023-05-23 13:00:00-05:00,0.19193479803148086,True,0.10064302149552687,0.29257781952700773
2023-05-23 14:00:00-05:00,0.2198504567356533,True,0.06877713071347827,0.28862758744913153
2023-05-23 15:00:00-05:00,0.2516179996102282,True,0.03923282643571314,0.2908508260459413
2023-05-23 16:00:00-05:00,0.23666274360128198,True,-0.1815113667480364,0.05515137685324559
2023-05-23 17:00:00-05:00,0.20368664507335188,True,-0.18092445542330662,0.022762189650045256
2023-05-23 18:00:00-05:00,0.19257400967126467,True,-0.1753959581681246,0.017178051503140085
2023-05-23 19:00:00-05:00,0.11616313014976183,True,-0.10386772149026136,0.012295408659500476
2023-05-23 20:00:00-05:00,0.1045711066053138,True,-0.10461425231057406,-4.314570526026129e-05
2023-05-23 21:00:00-05:00,0.09854455625502291,True,-0.09412858607224535,0.004415970182777562
2023-05-23 22:00:00-05:00,0.0328867620840825,True,-0.020178304053275448,0.01270845803080705
2023-05-23 23:00:00-05:00,0.017379432078527973,True,-0.011072651294373655,0.0063067807841543175
2023-05-24 00:00:00-05:00,-0.0009,True,0.000900000000000002,2.0599841277224584e-18
2023-05-24 01:00:00-05:00,-0.0009,True,0.000900000000000002,2.0599841277224584e-18
2023-05-24 02:00:00-05:00,-0.0009,True,0.000900000000000002,2.0599841277224584e-18
2023-05-24 03:00:00-05:00,-0.0009,True,0.000900000000000002,2.0599841277224584e-18
2023-05-24 04:00:00-05:00,-0.0009,True,0.000900000000000002,2.0599841277224584e-18
2023-05-24 05:00:00-05:00,-0.0009,True,0.000900000000000002,2.0599841277224584e-18
2023-05-24 06:00:00-05:00,-0.0009,True,0.000900000000000002,2.0599841277224584e-18
2023-05-24 07:00:00-05:00,-0.0009,True,0.001489747966977027,0.0005897479669770269
2023-05-24 08:00:00-05:00,-0.0009,True,0.042674794054138064,0.041774794054138066
2023-05-24 09:00:00-05:00,-0.0009,True,0.09902150439935894,0.09812150439935895
2023-05-24 10:00:00-05:00,-0.0009,True,0.14029614316717953,0.13939614316717952
2023-05-24 11:00:00-05:00,0.14145100199573096,True,0.13357921842452125,0.2750302204202522
2023-05-24 12:00:00-05:00,0.23522372994116256,True,0.12958832648995394,0.36481205643111647
2023-05-24 13:00:00-05:00,0.27798918930065114,True,0.1218147642133997,0.39980395351405085
2023-05-24 14:00:00-05:00,0.28591171617593925,True,0.05949239695954035,0.3454041131354796
2023-05-24 15:00:00-05:00,0.2496390364826634,True,0.0386539572792269,0.28829299376189027
2023-05-24 16:00:00-05:00,0.2309373724004925,True,-0.17421736182145614,0.05672001057903636
2023-05-24 17:00:00-05:00,0.17574805532925106,True,-0.14544733636376087,0.030300718965490192
2023-05-24 18:00:00-05:00,0.10059322995036193,True,-0.09980484814419206,0.0007883818061698716
2023-05-24 19:00:00-05:00,0.0347076535396548,True,-0.03233298085983491,0.002374672679819889
2023-05-24 20:00:00-05:00,0.0357242176184695,True,-0.035644155039546446,8.006257892305413e-05
2023-05-24 21:00:00-05:00,0.039245678715330204,True,-0.03894887729780428,0.00029680141752592287
2023-05-24 22:00:00-05:00,0.03910381218974013,True,-0.038765370864161305,0.00033844132557882267
2023-05-24 23:00:00-05:00,0.021391995174913553,True,-0.020811940896084374,0.0005800542788291785
2023-05-25 00:00:00-05:00,-0.0009,True,0.000900000000000002,2.0599841277224584e-18
2023-05-25 01:00:00-05:00,-0.0009,True,0.000900000000000002,2.0599841277224584e-18
2023-05-25 02:00:00-05:00,-0.0009,True,0.000900000000000002,2.0599841277224584e-18
2023-05-25 03:00:00-05:00,-0.0009,True,0.0009000000000000019,1.951563910473908e-18
2023-05-25 04:00:00-05:00,-0.0009,True,0.0009000000000000019,1.951563910473908e-18
2023-05-25 05:00:00-05:00,-0.0009,True,0.0009000000000000019,1.951563910473908e-18
2023-05-25 06:00:00-05:00,-0.0009,True,0.0009077829851078677,7.78298510786769e-06
2023-05-25 07:00:00-05:00,-0.0009,True,0.0014780071167953806,0.0005780071167953806
2023-05-25 08:00:00-05:00,-0.0009,True,0.0488318615106415,0.0479318615106415
2023-05-25 09:00:00-05:00,-0.0009,True,0.11561039266638184,0.11471039266638185
2023-05-25 10:00:00-05:00,-0.0009,True,0.18115670088306815,0.18025670088306814
2023-05-25 11:00:00-05:00,0.18124392027267264,True,0.1582581345611009,0.33950205483377355
2023-05-25 12:00:00-05:00,0.28928719707497297,True,0.12530778827015418,0.4145949853451272
2023-05-25 13:00:00-05:00,0.3275452527016441,True,0.08586086243413088,0.41340611513577497
2023-05-25 14:00:00-05:00,0.3253143425924332,True,0.006698772968699719,0.3320131155611329
2023-05-25 15:00:00-05:00,0.29628502863703043,True,-0.01709885001559893,0.2791861786214315
2023-05-25 16:00:00-05:00,0.24297989729546055,True,-0.18582053979751798,0.05715935749794257
2023-05-25 17:00:00-05:00,0.16878388245951711,True,-0.1442219347217482,0.024561947737768902
2023-05-25 18:00:00-05:00,0.07157891941870682,True,-0.07653311023226597,-0.004954190813559148
2023-05-25 19:00:00-05:00,-0.0009,True,-0.0035446854257652595,-0.004444685425765259
2023-05-25 20:00:00-05:00,-0.0009,True,-0.0035446854257652595,-0.004444685425765259
2023-05-25 21:00:00-05:00,-0.0009,True,-0.0006245767773138236,-0.0015245767773138237
2023-05-25 22:00:00-05:00,-0.0009,True,0.0007244961905643525,-0.00017550380943564745
2023-05-25 23:00:00-05:00,-0.0009,True,0.0008999999999999991,-8.673617379884035e-19
2023-05-26 00:00:00-05:00,-0.0009,True,0.0009006267210206467,6.267210206467155e-07
2023-05-26 01:00:00-05:00,-0.0009,True,0.0009006267210206467,6.267210206467155e-07
2023-05-26 02:00:00-05:00,-0.0009,True,0.000900000000000002,2.0599841277224584e-18
2023-05-26 03:00:00-05:00,-0.0009,True,0.000900000000000002,2.0599841277224584e-18
2023-05-26 04:00:00-05:00,-0.0009,True,0.000900000000000002,2.0599841277224584e-18
2023-05-26 05:00:00-05:00,-0.0009,True,0.000900000000000002,2.0599841277224584e-18
2023-05-26 06:00:00-05:00,-0.0009,True,0.000900000000000002,2.0599841277224584e-18
2023-05-26 07:00:00-05:00,-0.0009,True,0.001466014615734804,0.000566014615734804
2023-05-26 08:00:00-05:00,-0.0009,True,0.03979841213930149,0.038898412139301494
2023-05-26 09:00:00-05:00,-0.0009,True,0.12508139338062718,0.12418139338062718
2023-05-26 10:00:00-05:00,0.042990672523761084,True,0.17223373065390196,0.21522440317766306
2023-05-26 11:00:00-05:00,0.21608611480284687,True,0.14605701921216968,0.3621431340150165
2023-05-26 12:00:00-05:00,0.29012505088261953,True,0.11241376386167663,0.40253881474429615
2023-05-26 13:00:00-05:00,0.3136503193290151,True,0.07525841086143917,0.38890873019045424
2023-05-26 14:00:00-05:00,0.30990580467155343,True,0.005261818150642263,0.3151676228221957
2023-05-26 15:00:00-05:00,0.2833782890823367,True,-0.020043852818881186,0.26333443626345554
2023-05-26 16:00:00-05:00,0.23401447596796365,True,-0.18519608796287265,0.048818388005091
2023-05-26 17:00:00-05:00,0.16352169807839298,True,-0.14344543304268842,0.02007626503570456
2023-05-26 18:00:00-05:00,0.07041748690668706,True,-0.07606493355420159,-0.0056474466475145285
2023-05-26 19:00:00-05:00,-0.0009,True,-0.004373208593790596,-0.005273208593790595
2023-05-26 20:00:00-05:00,-0.0009,True,-0.0034779551705280166,-0.004377955170528016
2023-05-26 21:00:00-05:00,-0.0009,True,-0.0006245767773138236,-0.0015245767773138237
2023-05-26 22:00:00-05:00,-0.0009,True,0.0007244961905643525,-0.00017550380943564745
2023-05-26 23:00:00-05:00,-0.0009,True,0.0008999999999999991,-8.673617379884035e-19
2023-05-27 00:00:00-05:00,-0.0009,True,0.000900000000000002,2.0599841277224584e-18
2023-05-27 01:00:00-05:00,-0.0009,True,0.000900000000000002,2.0599841277224584e-18
2023-05-27 02:00:00-05:00,-0.0009,True,0.000900000000000002,2.0599841277224584e-18
2023-05-27 03:00:00-05:00,-0.0009,True,0.000900000000000002,2.0599841277224584e-18
2023-05-27 04:00:00-05:00,-0.0009,True,0.000900000000000002,2.0599841277224584e-18
2023-05-27 05:00:00-05:00,-0.0009,True,0.0009006267210206467,6.267210206467155e-07
2023-05-27 06:00:00-05:00,-0.0009,True,0.0009006267210206467,6.267210206467155e-07
2023-05-27 07:00:00-05:00,-0.0009,True,0.0015529028634968405,0.0006529028634968406
2023-05-27 08:00:00-05:00,-0.0009,True,0.05740232731868077,0.056502327318680774
2023-05-27 09:00:00-05:00,-0.0009,True,0.13522017985908205,0.13432017985908204
2023-05-27 10:00:00-05:00,0.058033527700338795,True,0.18338850129930515,0.24142202899964393
2023-05-27 11:00:00-05:00,0.22766061758542727,True,0.15717255875071556,0.38483317633614283
2023-05-27 12:00:00-05:00,0.2961263688848139,True,0.0969565623211804,0.3930829312059943
2023-05-27 13:00:00-05:00,0.3168203616106805,True,0.093768281720834,0.4105886433315145
2023-05-27 14:00:00-05:00,0.31141259884317873,True,0.0013157091386011219,0.31272830798177986
2023-05-27 15:00:00-05:00,0.2833919252196331,True,-0.01931306383614264,0.26407886138349046
2023-05-27 16:00:00-05:00,0.22917648944875013,True,-0.1642251119626371,0.06495137748611304
2023-05-27 17:00:00-05:00,0.1636215814733268,True,-0.142640502128537,0.02098107934478982
2023-05-27 18:00:00-05:00,0.09510795112573037,True,-0.09760135259654827,-0.0024934014708179048
2023-05-27 19:00:00-05:00,-0.0009,True,-0.004656438620200177,-0.005556438620200177
2023-05-27 20:00:00-05:00,0.04334217346274492,True,-0.03735861025409821,0.005983563208646715
2023-05-27 21:00:00-05:00,0.027723942301889282,True,-0.018957943399562686,0.008765998902326596
2023-05-27 22:00:00-05:00,0.047425624269727934,True,-0.040542942172615885,0.006882682097112049
2023-05-27 23:00:00-05:00,0.018605517539695936,True,-0.01715245589831216,0.0014530616413837745
2023-05-28 00:00:00-05:00,-0.0009,True,0.000900000000000002,2.0599841277224584e-18
2023-05-28 01:00:00-05:00,-0.0009,True,0.000900000000000002,2.0599841277224584e-18
2023-05-28 02:00:00-05:00,-0.0009,True,0.0009006267210206467,6.267210206467155e-07
2023-05-28 03:00:00-05:00,-0.0009,True,0.0009006267210206467,6.267210206467155e-07
2023-05-28 04:00:00-05:00,-0.0009,True,0.0009006267210206467,6.267210206467155e-07
2023-05-28 05:00:00-05:00,-0.0009,True,0.0009006267210206467,6.267210206467155e-07
2023-05-28 06:00:00-05:00,-0.0009,True,0.0009006267210206467,6.267210206467155e-07
2023-05-28 07:00:00-05:00,-0.0009,True,0.0014577045453034584,0.0005577045453034584
2023-05-28 08:00:00-05:00,-0.0009,True,0.041480262185481814,0.040580262185481816
2023-05-28 09:00:00-05:00,-0.0009,True,0.10259546989741203,0.10169546989741203
2023-05-28 10:00:00-05:00,-0.0009,True,0.13106742178989664,0.13016742178989663
2023-05-28 11:00:00-05:00,0.07462830631428144,True,0.13342506777316082,0.20805337408744226
2023-05-28 12:00:00-05:00,0.19505053582471113,True,0.10238421790546617,0.2974347537301773
2023-05-28 13:00:00-05:00,0.11368965603503171,True,0.11493491441422572,0.22862457044925744
2023-05-28 14:00:00-05:00,0.09088115940876414,True,0.14284049751535502,0.23372165692411917
2023-05-28 15:00:00-05:00,0.2381283974899028,True,0.03673692137644341,0.27486531886634624
2023-05-28 16:00:00-05:00,0.2087368654982702,True,-0.052842677343288555,0.15589418815498163
2023-05-28 17:00:00-05:00,0.1704196945907164,True,-0.14456248355741777,0.025857211033298633
2023-05-28 18:00:00-05:00,0.11069004534234177,True,-0.10070920495202432,0.00998084039031745
2023-05-28 19:00:00-05:00,0.14332627925319777,True,-0.10992891653501094,0.03339736271818683
2023-05-28 20:00:00-05:00,0.12697751908879396,True,-0.10607027411544515,0.02090724497334881
2023-05-28 21:00:00-05:00,0.039785874751549856,True,-0.0364889326399841,0.003296942111565754
2023-05-28 22:00:00-05:00,0.025921371886056352,True,-0.017832471654847203,0.008088900231209149
2023-05-28 23:00:00-05:00,0.015957528331503264,True,-0.015109915426505542,0.0008476129049977219
2023-05-29 00:00:00-05:00,-0.0009,True,0.000900000000000002,2.0599841277224584e-18
2023-05-29 01:00:00-05:00,-0.0009,True,0.000900000000000002,2.0599841277224584e-18
2023-05-29 02:00:00-05:00,-0.0009,True,0.000900000000000002,2.0599841277224584e-18
2023-05-29 03:00:00-05:00,-0.0009,True,0.000900000000000002,2.0599841277224584e-18
2023-05-29 04:00:00-05:00,-0.0009,True,0.000900000000000002,2.0599841277224584e-18
2023-05-29 05:00:00-05:00,-0.0009,True,0.000900000000000002,2.0599841277224584e-18
2023-05-29 06:00:00-05:00,-0.0009,True,0.000907156264087223,7.156264087223034e-06
2023-05-29 07:00:00-05:00,-0.0009,True,0.0015300140156311618,0.0006300140156311619
2023-05-29 08:00:00-05:00,-0.0009,True,0.037140204243168634,0.036240204243168636
2023-05-29 09:00:00-05:00,-0.0009,True,0.1044078785196798,0.1035078785196798
2023-05-29 10:00:00-05:00,-0.0009,True,0.14534291472623256,0.14444291472623255
2023-05-29 11:00:00-05:00,0.07222265779220699,True,0.11735297206493904,0.18957562985714604
2023-05-29 12:00:00-05:00,0.1553714214118273,True,0.1105707349432837,0.265942156355111
2023-05-29 13:00:00-05:00,0.12149757692695616,True,0.10590112793906313,0.2273987048660193
2023-05-29 14:00:00-05:00,0.22462889774304282,True,0.05621303494151426,0.2808419326845571
2023-05-29 15:00:00-05:00,0.24657352767281362,True,0.03208419560076917,0.2786577232735828
2023-05-29 16:00:00-05:00,0.21617972871877092,True,-0.061405550280443526,0.1547741784383274
2023-05-29 17:00:00-05:00,0.16160744638326563,True,-0.14378521532496205,0.017822231058303578
2023-05-29 18:00:00-05:00,0.16247347346585947,True,-0.1441391063462437,0.01833436711961578
2023-05-29 19:00:00-05:00,0.09631740683275199,True,-0.09987846427985601,-0.003561057447104027
2023-05-29 20:00:00-05:00,0.09845534246747693,True,-0.10027515255008686,-0.001819810082609924
2023-05-29 21:00:00-05:00,0.07469998159834641,True,-0.07472055942020096,-2.0577821854550482e-05
2023-05-29 22:00:00-05:00,0.05832110604888485,True,-0.06261098790252252,-0.00428988185363767
2023-05-29 23:00:00-05:00,-0.0009,True,0.0008999999999999991,-8.673617379884035e-19
2023-05-30 00:00:00-05:00,-0.0009,True,0.000900000000000002,2.0599841277224584e-18
2023-05-30 01:00:00-05:00,-0.0009,True,0.000900000000000002,2.0599841277224584e-18
2023-05-30 02:00:00-05:00,-0.0009,True,0.000900000000000002,2.0599841277224584e-18
2023-05-30 03:00:00-05:00,-0.0009,True,0.000900000000000002,2.0599841277224584e-18
2023-05-30 04:00:00-05:00,-0.0009,True,0.000900000000000002,2.0599841277224584e-18
2023-05-30 05:00:00-05:00,-0.0009,True,0.000900000000000002,2.0599841277224584e-18
2023-05-30 06:00:00-05:00,-0.0009,True,0.000900000000000002,2.0599841277224584e-18
2023-05-30 07:00:00-05:00,-0.0009,True,0.0014363252785097025,0.0005363252785097025
2023-05-30 08:00:00-05:00,-0.0009,True,0.04432384815164844,0.043423848151648445
2023-05-30 09:00:00-05:00,-0.0009,True,0.09947083070303235,0.09857083070303235
2023-05-30 10:00:00-05:00,-0.0009,True,0.13444976877137027,0.13354976877137026
2023-05-30 11:00:00-05:00,0.023154301047754042,True,0.13157346927030883,0.15472777031806287
2023-05-30 12:00:00-05:00,0.26017249726714264,True,0.1089523104693932,0.36912480773653583
2023-05-30 13:00:00-05:00,0.30051535184944866,True,0.1034626481250009,0.40397799997444955
2023-05-30 14:00:00-05:00,0.30476369702983197,True,0.01201415519173209,0.31677785222156407
2023-05-30 15:00:00-05:00,0.2827989444968277,True,-0.008430328386093025,0.27436861611073465
2023-05-30 16:00:00-05:00,0.23065186590818235,True,-0.1725560771275252,0.05809578878065716
2023-05-30 17:00:00-05:00,0.1746725340236407,True,-0.14403001774090365,0.030642516282737037
2023-05-30 18:00:00-05:00,0.07596342051480756,True,-0.07992056337291455,-0.003957142858106985
2023-05-30 19:00:00-05:00,-0.0009,True,-0.003626578879552228,-0.004526578879552228
2023-05-30 20:00:00-05:00,0.04456891906304843,True,-0.036446244626019766,0.008122674437028667
2023-05-30 21:00:00-05:00,0.022642184809572335,True,-0.012872054432050918,0.009770130377521417
2023-05-30 22:00:00-05:00,0.032554228023817314,True,-0.019148313546204207,0.013405914477613107
2023-05-30 23:00:00-05:00,0.02571536169873295,True,-0.014984408710509862,0.010730952988223087
2023-05-31 00:00:00-05:00,-0.0009,True,0.000900000000000002,2.0599841277224584e-18
2023-05-31 01:00:00-05:00,-0.0009,True,0.000900000000000002,2.0599841277224584e-18
2023-05-31 02:00:00-05:00,-0.0009,True,0.000900000000000002,2.0599841277224584e-18
2023-05-31 03:00:00-05:00,-0.0009,True,0.000900000000000002,2.0599841277224584e-18
2023-05-31 04:00:00-05:00,-0.0009,True,0.000900000000000002,2.0599841277224584e-18
2023-05-31 05:00:00-05:00,-0.0009,True,0.000900000000000002,2.0599841277224584e-18
2023-05-31 06:00:00-05:00,-0.0009,True,0.000900000000000002,2.0599841277224584e-18
2023-05-31 07:00:00-05:00,-0.0009,True,0.0014919334878640365,0.0005919334878640365
2023-05-31 08:00:00-05:00,-0.0009,True,0.043474428804485744,0.042574428804485746
2023-05-31 09:00:00-05:00,-0.0009,True,0.11711891476566073,0.11621891476566074
2023-05-31 10:00:00-05:00,0.031387248723001714,True,0.16756520768095037,0.1989524564039521
2023-05-31 11:00:00-05:00,0.19881160813229773,True,0.14085449284409232,0.33966610097639005
2023-05-31 12:00:00-05:00,0.28334784356577253,True,0.11837925554069942,0.401727099106472
2023-05-31 13:00:00-05:00,0.31314755531258154,True,0.08184102705610384,0.3949885823686854
2023-05-31 14:00:00-05:00,0.31176153919927796,True,0.0077214622523080235,0.319483001451586
2023-05-31 15:00:00-05:00,0.283598006090263,True,-0.007506415042882475,0.2760915910473805
2023-05-31 16:00:00-05:00,0.23628174793983917,True,-0.18474991350795678,0.05153183443188239
2023-05-31 17:00:00-05:00,0.16891681323755356,True,-0.14423514009780342,0.024681673139750143
2023-05-31 18:00:00-05:00,0.07951356546118281,True,-0.0848996515734008,-0.005386086112217997
2023-05-31 19:00:00-05:00,0.008405373237612904,True,-0.008609422035618824,-0.0002040487980059201
2023-05-31 20:00:00-05:00,0.008768998168264805,True,-0.009570008159646802,-0.0008010099913819974
2023-05-31 21:00:00-05:00,0.009119041548961315,True,-0.009852212013988925,-0.0007331704650276102
2023-05-31 22:00:00-05:00,0.008821085365017543,True,-0.008916346853215622,-9.526148819807845e-05
2023-05-31 23:00:00-05:00,0.0066848978245199675,True,-0.006271646720608958,0.00041325110391100903
2023-06-01 00:00:00-05:00,-0.0009,True,0.000900000000000002,2.0599841277224584e-18
2023-06-01 01:00:00-05:00,-0.0009,True,0.000900000000000002,2.0599841277224584e-18
2023-06-01 02:00:00-05:00,-0.0009,True,0.000900000000000002,2.0599841277224584e-18
2023-06-01 03:00:00-05:00,-0.0009,True,0.000900000000000002,2.0599841277224584e-18
2023-06-01 04:00:00-05:00,-0.0009,True,0.000900000000000002,2.0599841277224584e-18
2023-06-01 05:00:00-05:00,-0.0009,True,0.000900000000000002,2.0599841277224584e-18
2023-06-01 06:00:00-05:00,-0.0009,True,0.000900000000000002,2.0599841277224584e-18
2023-06-01 07:00:00-05:00,-0.0009,True,0.0010705540329801276,0.0001705540329801276
2023-06-01 08:00:00-05:00,-0.0009,True,0.03220013652576857,0.031300136525768574
2023-06-01 09:00:00-05:00,-0.0009,True,0.09609355632364355,0.09519355632364356
2023-06-01 10:00:00-05:00,-0.0009,True,0.1399923588873106,0.13909235888731059
2023-06-01 11:00:00-05:00,0.15388350657309086,True,0.10844174874651999,0.2623252553196108
2023-06-01 12:00:00-05:00,0.24762327861346128,True,0.09257842872102998,0.3402017073344913
2023-06-01 13:00:00-05:00,0.2871298647071964,True,0.091168041764155,0.3782979064713514
2023-06-01 14:00:00-05:00,0.2920922830335805,True,0.013848768704235752,0.3059410517378162
2023-06-01 15:00:00-05:00,0.2696403581684768,True,-0.003190315674927859,0.266450042493549
2023-06-01 16:00:00-05:00,0.2292329403517559,True,-0.16820964716599096,0.06102329318576494
2023-06-01 17:00:00-05:00,0.16752832145262123,True,-0.14817553773267908,0.019352783719942146
2023-06-01 18:00:00-05:00,0.08171176760449364,True,-0.08940671086495768,-0.007694943260464035
2023-06-01 19:00:00-05:00,0.009697451882872203,True,-0.011539891279031314,-0.0018424393961591103
2023-06-01 20:00:00-05:00,0.008319371301318464,True,-0.009381315705309912,-0.0010619444039914484
2023-06-01 21:00:00-05:00,0.007238527254475781,True,-0.009337817901910003,-0.002099290647434222
2023-06-01 22:00:00-05:00,0.005613668029266597,True,-0.006862962178424967,-0.0012492941491583703
2023-06-01 23:00:00-05:00,-0.0009,True,0.0008999999999999991,-8.673617379884035e-19
2023-06-02 00:00:00-05:00,-0.0009,True,0.000900000000000002,2.0599841277224584e-18
2023-06-02 01:00:00-05:00,-0.0009,True,0.000900000000000002,2.0599841277224584e-18
2023-06-02 02:00:00-05:00,-0.0009,True,0.000900000000000002,2.0599841277224584e-18
2023-06-02 03:00:00-05:00,-0.0009,True,0.000900000000000002,2.0599841277224584e-18
2023-06-02 04:00:00-05:00,-0.0009,True,0.000900000000000002,2.0599841277224584e-18
2023-06-02 05:00:00-05:00,-0.0009,True,0.000900000000000002,2.0599841277224584e-18
2023-06-02 06:00:00-05:00,-0.0009,True,0.000900000000000002,2.0599841277224584e-18
2023-06-02 07:00:00-05:00,-0.0009,True,0.0010065614830834016,0.00010656148308340165
2023-06-02 08:00:00-05:00,-0.0009,True,0.0400388126050662,0.0391388126050662
2023-06-02 09:00:00-05:00,-0.0009,True,0.11444237614167144,0.11354237614167144
2023-06-02 10:00:00-05:00,0.03647172182758676,True,0.14675692998772405,0.1832286518153108
2023-06-02 11:00:00-05:00,0.19275343064940081,True,0.09211864545923695,0.28487207610863774
2023-06-02 12:00:00-05:00,0.2652596656750332,True,0.08286518529602552,0.3481248509710587
2023-06-02 13:00:00-05:00,0.2885850824646108,True,0.05507751229698962,0.34366259476160044
2023-06-02 14:00:00-05:00,0.28462354124412903,True,0.010469606070142284,0.29509314731427133
2023-06-02 15:00:00-05:00,0.25604841002597933,True,-0.0005694487520315145,0.2554789612739478
2023-06-02 16:00:00-05:00,0.2161766783801799,True,-0.07259824304531529,0.1435784353348646
2023-06-02 17:00:00-05:00,0.15837382269586173,True,-0.14498689385017177,0.013386928845689955
2023-06-02 18:00:00-05:00,0.07551169047545095,True,-0.08079980336125203,-0.005288112885801083
2023-06-02 19:00:00-05:00,0.012072091323567014,True,-0.010734608956987772,0.0013374823665792419
2023-06-02 20:00:00-05:00,0.016615763524120412,True,-0.013208105302461694,0.0034076582216587183
2023-06-02 21:00:00-05:00,0.021547721556806045,True,-0.014489880187085526,0.0070578413697205186
2023-06-02 22:00:00-05:00,0.021375864629330346,True,-0.014834477469416251,0.006541387159914095
2023-06-02 23:00:00-05:00,0.014444661002821954,True,-0.012244892504486737,0.0021997684983352164
2023-06-03 00:00:00-05:00,-0.0009,True,0.000900000000000002,2.0599841277224584e-18
2023-06-03 01:00:00-05:00,-0.0009,True,0.000900000000000002,2.0599841277224584e-18
2023-06-03 02:00:00-05:00,-0.0009,True,0.000900000000000002,2.0599841277224584e-18
2023-06-03 03:00:00-05:00,-0.0009,True,0.000900000000000002,2.0599841277224584e-18
2023-06-03 04:00:00-05:00,-0.0009,True,0.000900000000000002,2.0599841277224584e-18
2023-06-03 05:00:00-05:00,-0.0009,True,0.000900000000000002,2.0599841277224584e-18
2023-06-03 06:00:00-05:00,-0.0009,True,0.000900000000000002,2.0599841277224584e-18
2023-06-03 07:00:00-05:00,-0.0009,True,0.0010167686410419328,0.00011676864104193281
2023-06-03 08:00:00-05:00,-0.0009,True,0.03220388318057328,0.03130388318057328
2023-06-03 09:00:00-05:00,-0.0009,True,0.07937492790018146,0.07847492790018146
2023-06-03 10:00:00-05:00,0.009193010127455442,True,0.14176954403506578,0.15096255416252122
2023-06-03 11:00:00-05:00,0.1383541152482698,True,0.1073526280881914,0.2457067433364612
2023-06-03 12:00:00-05:00,0.05668163874635345,True,0.12477637382889376,0.1814580125752472
2023-06-03 13:00:00-05:00,0.22790714177291413,True,0.08608169011903946,0.3139888318919536
2023-06-03 14:00:00-05:00,0.27711250008839095,True,0.056044819732240264,0.33315731982063124
2023-06-03 15:00:00-05:00,0.23363077113670072,True,0.02995579454399906,0.26358656568069977
2023-06-03 16:00:00-05:00,0.21501773944399843,True,-0.057490183201609535,0.1575275562423889
2023-06-03 17:00:00-05:00,0.19000851762994594,True,-0.1754839834213411,0.014524534208604833
2023-06-03 18:00:00-05:00,0.16964073073569585,True,-0.14656505265771355,0.023075678077982303
2023-06-03 19:00:00-05:00,0.12085312326876418,True,-0.09327358072845715,0.027579542540307034
2023-06-03 20:00:00-05:00,0.11144467672153939,True,-0.1027289523608772,0.008715724360662189
2023-06-03 21:00:00-05:00,0.10705243129298472,True,-0.0966948355812613,0.010357595711723427
2023-06-03 22:00:00-05:00,0.0853522756998115,True,-0.08654463328808923,-0.0011923575882777232
2023-06-03 23:00:00-05:00,0.04368071454646817,True,-0.040000389295862145,0.003680325250606027
2023-06-04 00:00:00-05:00,-0.0009,True,0.000900000000000002,2.0599841277224584e-18
2023-06-04 01:00:00-05:00,-0.0009,True,0.000900000000000002,2.0599841277224584e-18
2023-06-04 02:00:00-05:00,-0.0009,True,0.000900000000000002,2.0599841277224584e-18
2023-06-04 03:00:00-05:00,-0.0009,True,0.000900000000000002,2.0599841277224584e-18
2023-06-04 04:00:00-05:00,-0.0009,True,0.000900000000000002,2.0599841277224584e-18
2023-06-04 05:00:00-05:00,-0.0009,True,0.000900000000000002,2.0599841277224584e-18
2023-06-04 06:00:00-05:00,-0.0009,True,0.000900000000000002,2.0599841277224584e-18
2023-06-04 07:00:00-05:00,-0.0009,True,0.0010024959930829685,0.00010249599308296848
2023-06-04 08:00:00-05:00,-0.0009,True,0.03518480086188938,0.034284800861889383
2023-06-04 09:00:00-05:00,-0.0009,True,0.08766358803718653,0.08676358803718653
2023-06-04 10:00:00-05:00,-0.0009,True,0.12190029627141785,0.12100029627141785
2023-06-04 11:00:00-05:00,0.1769106572808213,True,0.12734293903111407,0.3042535963119354
2023-06-04 12:00:00-05:00,0.26339421442841504,True,0.10142096911907032,0.3648151835474854
2023-06-04 13:00:00-05:00,0.15923187877437978,True,0.1077953741042506,0.2670272528786304
2023-06-04 14:00:00-05:00,0.23581520845094037,True,0.07389954936346174,0.3097147578144021
2023-06-04 15:00:00-05:00,0.28405741826818603,True,-0.008737289969699937,0.2753201282984861
2023-06-04 16:00:00-05:00,0.23660776858426355,True,-0.18525708882805336,0.05135067975621019
2023-06-04 17:00:00-05:00,0.1675440545427507,True,-0.14614778942462786,0.021396265118122842
2023-06-04 18:00:00-05:00,0.07695451703701979,True,-0.0828980726663966,-0.005943555629376804
2023-06-04 19:00:00-05:00,-0.0009,True,-0.004651593391107458,-0.005551593391107458
2023-06-04 20:00:00-05:00,-0.0009,True,-0.003756706483293763,-0.004656706483293763
2023-06-04 21:00:00-05:00,-0.0009,True,-0.0005530012929838604,-0.0014530012929838605
2023-06-04 22:00:00-05:00,-0.0009,True,0.0003322449319505098,-0.0005677550680494902
2023-06-04 23:00:00-05:00,-0.0009,True,0.0008999999999999991,-8.673617379884035e-19
2023-06-05 00:00:00-05:00,-0.0009,True,0.0009006267210206467,6.267210206467155e-07
2023-06-05 01:00:00-05:00,-0.0009,True,0.0009006267210206467,6.267210206467155e-07
2023-06-05 02:00:00-05:00,-0.0009,True,0.000900000000000002,2.0599841277224584e-18
2023-06-05 03:00:00-05:00,-0.0009,True,0.000900000000000002,2.0599841277224584e-18
2023-06-05 04:00:00-05:00,-0.0009,True,0.000900000000000002,2.0599841277224584e-18
2023-06-05 05:00:00-05:00,-0.0009,True,0.000900000000000002,2.0599841277224584e-18
2023-06-05 06:00:00-05:00,-0.0009,True,0.000900000000000002,2.0599841277224584e-18
2023-06-05 07:00:00-05:00,-0.0009,True,0.0010173953620625776,0.00011739536206257757
2023-06-05 08:00:00-05:00,-0.0009,True,0.03236378397807436,0.03146378397807436
2023-06-05 09:00:00-05:00,-0.0009,True,0.08414704137064874,0.08324704137064874
2023-06-05 10:00:00-05:00,0.017786706837881545,True,0.13308617642638826,0.1508728832642698
2023-06-05 11:00:00-05:00,0.14402661800220698,True,0.10663751278628722,0.2506641307884942
2023-06-05 12:00:00-05:00,0.22510324212793828,True,0.09686750879319815,0.3219707509211364
2023-06-05 13:00:00-05:00,0.26781734431587884,True,0.0983284621564803,0.36614580647235917
2023-06-05 14:00:00-05:00,0.23960218792731566,True,0.050710159810220444,0.2903123477375361
2023-06-05 15:00:00-05:00,0.2759216780880862,True,-0.006411869548553704,0.2695098085395325
2023-06-05 16:00:00-05:00,0.23059199335267314,True,-0.1785522927703166,0.052039700582356546
2023-06-05 17:00:00-05:00,0.16416674135877418,True,-0.14466501316680475,0.019501728191969436
2023-06-05 18:00:00-05:00,0.07676575439298197,True,-0.08209433636004734,-0.005328581967065371
2023-06-05 19:00:00-05:00,0.0068955960815178016,True,-0.010174381841545,-0.0032787857600271985
2023-06-05 20:00:00-05:00,0.00945179924992952,True,-0.011374647027926848,-0.0019228477779973281
2023-06-05 21:00:00-05:00,0.011082329418396956,True,-0.013486606904540798,-0.002404277486143842
2023-06-05 22:00:00-05:00,0.013227619155737938,True,-0.01583356933669123,-0.0026059501809532915
2023-06-05 23:00:00-05:00,0.01085491691245302,True,-0.012945326237110621,-0.002090409324657601
2023-06-06 00:00:00-05:00,-0.0009,True,0.000900000000000002,2.0599841277224584e-18
2023-06-06 01:00:00-05:00,-0.0009,True,0.000900000000000002,2.0599841277224584e-18
2023-06-06 02:00:00-05:00,-0.0009,True,0.000900000000000002,2.0599841277224584e-18
2023-06-06 03:00:00-05:00,-0.0009,True,0.0009006267210206467,6.267210206467155e-07
2023-06-06 04:00:00-05:00,-0.0009,True,0.0009006267210206467,6.267210206467155e-07
2023-06-06 05:00:00-05:00,-0.0009,True,0.0009006267210206467,6.267210206467155e-07
2023-06-06 06:00:00-05:00,-0.0009,True,0.0009006267210206467,6.267210206467155e-07
2023-06-06 07:00:00-05:00,-0.0009,True,0.001004128672493257,0.00010412867249325703
2023-06-06 08:00:00-05:00,-0.0009,True,0.04502608896509847,0.044126088965098474
2023-06-06 09:00:00-05:00,-0.0009,True,0.1182871678552873,0.1173871678552873
2023-06-06 10:00:00-05:00,-0.0009,True,0.15283200274363126,0.15193200274363125
2023-06-06 11:00:00-05:00,0.09454607755482855,True,0.12514989360131026,0.21969597115613881
2023-06-06 12:00:00-05:00,0.1889605061818305,True,0.09137952882079588,0.2803400350026264
2023-06-06 13:00:00-05:00,0.24444895661606642,True,0.08772155879116453,0.33217051540723097
2023-06-06 14:00:00-05:00,0.26512069564801416,True,0.06266005037658524,0.3277807460245994
2023-06-06 15:00:00-05:00,0.26055083976315113,True,0.03493861195132091,0.29548945171447205
2023-06-06 16:00:00-05:00,0.2366359593161472,True,-0.18113673974771174,0.055499219568435454
2023-06-06 17:00:00-05:00,0.1918404057483093,True,-0.17327289670414558,0.01856750904416371
2023-06-06 18:00:00-05:00,0.12424713502788204,True,-0.10829818822291445,0.015948946804967584
2023-06-06 19:00:00-05:00,0.16336468373512505,True,-0.14265227035192923,0.02071241338319582
2023-06-06 20:00:00-05:00,0.02542493355335199,True,-0.02434604889573757,0.00107888465761442
2023-06-06 21:00:00-05:00,0.1199260882361291,True,-0.10115540141894516,0.01877068681718394
2023-06-06 22:00:00-05:00,0.03436471869393849,True,-0.030744129151861102,0.0036205895420773904
2023-06-06 23:00:00-05:00,-0.0009,True,0.0008999999999999991,-8.673617379884035e-19
2023-06-07 00:00:00-05:00,-0.0009,True,0.000900000000000002,2.0599841277224584e-18
2023-06-07 01:00:00-05:00,-0.0009,True,0.000900000000000002,2.0599841277224584e-18
2023-06-07 02:00:00-05:00,-0.0009,True,0.000900000000000002,2.0599841277224584e-18
2023-06-07 03:00:00-05:00,-0.0009,True,0.0009000000000000019,1.951563910473908e-18
2023-06-07 04:00:00-05:00,-0.0009,True,0.0009000000000000019,1.951563910473908e-18
2023-06-07 05:00:00-05:00,-0.0009,True,0.0009000000000000019,1.951563910473908e-18
2023-06-07 06:00:00-05:00,-0.0009,True,0.0009000000000000019,1.951563910473908e-18
2023-06-07 07:00:00-05:00,-0.0009,True,0.0010821043977423666,0.0001821043977423666
2023-06-07 08:00:00-05:00,-0.0009,True,0.035635758433890254,0.034735758433890256
2023-06-07 09:00:00-05:00,-0.0009,True,0.10045533749229614,0.09955533749229614
2023-06-07 10:00:00-05:00,-0.0009,True,0.1482522903202297,0.1473522903202297
2023-06-07 11:00:00-05:00,0.10833768443945518,True,0.10308323098169347,0.21142091542114866
2023-06-07 12:00:00-05:00,0.19494718462024685,True,0.09048358345537967,0.2854307680756265
2023-06-07 13:00:00-05:00,0.2449636833603932,True,0.08377314174577569,0.32873682510616886
2023-06-07 14:00:00-05:00,0.2667932307361114,True,0.05663677785453549,0.32343000859064686
2023-06-07 15:00:00-05:00,0.26356115747861636,True,0.03384316785439072,0.2974043253330071
2023-06-07 16:00:00-05:00,0.2396101838934968,True,-0.18150280963276638,0.05810737426073043
2023-06-07 17:00:00-05:00,0.193602510362705,True,-0.17608408428291367,0.017518426079791344
2023-06-07 18:00:00-05:00,0.12490775448702941,True,-0.10815195915146136,0.01675579533556805
2023-06-07 19:00:00-05:00,0.053743936453597575,True,-0.05587974438661839,-0.002135807933020817
2023-06-07 20:00:00-05:00,0.053600373406350536,True,-0.05598450738920623,-0.0023841339828556962
2023-06-07 21:00:00-05:00,0.051852469154019476,True,-0.05357726745402905,-0.0017247983000095723
2023-06-07 22:00:00-05:00,0.04482512002513487,True,-0.04509099557065478,-0.0002658755455199127
2023-06-07 23:00:00-05:00,0.02287624569945513,True,-0.02123475579142808,0.0016414899080270488
2023-06-08 00:00:00-05:00,-0.0009,True,0.0009006267210206467,6.267210206467155e-07
2023-06-08 01:00:00-05:00,-0.0009,True,0.0009006267210206467,6.267210206467155e-07
2023-06-08 02:00:00-05:00,-0.0009,True,0.0009006267210206467,6.267210206467155e-07
2023-06-08 03:00:00-05:00,-0.0009,True,0.000900000000000002,2.0599841277224584e-18
2023-06-08 04:00:00-05:00,-0.0009,True,0.000900000000000002,2.0599841277224584e-18
2023-06-08 05:00:00-05:00,-0.0009,True,0.000900000000000002,2.0599841277224584e-18
2023-06-08 06:00:00-05:00,-0.0009,True,0.000900000000000002,2.0599841277224584e-18
2023-06-08 07:00:00-05:00,-0.0009,True,0.0010799555595271395,0.00017995555952713955
2023-06-08 08:00:00-05:00,-0.0009,True,0.032460569074141916,0.03156056907414192
2023-06-08 09:00:00-05:00,-0.0009,True,0.08825665650697495,0.08735665650697495
2023-06-08 10:00:00-05:00,-0.0009,True,0.13369385938926814,0.13279385938926813
2023-06-08 11:00:00-05:00,0.09831279358134415,True,0.117999962086284,0.21631275566762814
2023-06-08 12:00:00-05:00,0.18966246248600402,True,0.09742699033207698,0.287089452818081
2023-06-08 13:00:00-05:00,0.24275014974279466,True,0.10272104487614692,0.3454711946189416
2023-06-08 14:00:00-05:00,0.26576491603034647,True,0.059553203964115814,0.32531811999446225
2023-06-08 15:00:00-05:00,0.26313050227661017,True,0.03252992700738251,0.29566042928399267
2023-06-08 16:00:00-05:00,0.2375695579784062,True,-0.18089569602124717,0.05667386195715904
2023-06-08 17:00:00-05:00,0.1917787293934104,True,-0.17265704389622438,0.019121685497186014
2023-06-08 18:00:00-05:00,0.1248330066592979,True,-0.1082708185022155,0.016562188157082408
2023-06-08 19:00:00-05:00,0.16409001655725888,True,-0.14273524764074572,0.021354768916513167
2023-06-08 20:00:00-05:00,0.04033136117150153,True,-0.040009894830099126,0.00032146634140240576
2023-06-08 21:00:00-05:00,0.05471242678633172,True,-0.054537176551873526,0.0001752502344581977
2023-06-08 22:00:00-05:00,0.06486474282104406,True,-0.06666785439685283,-0.0018031115758087718
2023-06-08 23:00:00-05:00,-0.0009,True,0.0008999999999999991,-8.673617379884035e-19
2023-06-09 00:00:00-05:00,-0.0009,True,0.000900000000000002,2.0599841277224584e-18
2023-06-09 01:00:00-05:00,-0.0009,True,0.000900000000000002,2.0599841277224584e-18
2023-06-09 02:00:00-05:00,-0.0009,True,0.000900000000000002,2.0599841277224584e-18
2023-06-09 03:00:00-05:00,-0.0009,True,0.000900000000000002,2.0599841277224584e-18
2023-06-09 04:00:00-05:00,-0.0009,True,0.000900000000000002,2.0599841277224584e-18
2023-06-09 05:00:00-05:00,-0.0009,True,0.000900000000000002,2.0599841277224584e-18
2023-06-09 06:00:00-05:00,-0.0009,True,0.000900000000000002,2.0599841277224584e-18
2023-06-09 07:00:00-05:00,-0.0009,True,0.0010039885135906413,0.00010398851359064132
2023-06-09 08:00:00-05:00,-0.0009,True,0.04344706984303784,0.04254706984303784
2023-06-09 09:00:00-05:00,-0.0009,True,0.11068220729672074,0.10978220729672074
2023-06-09 10:00:00-05:00,0.0075605421720939805,True,0.1484900179889542,0.15605056016104818
2023-06-09 11:00:00-05:00,0.11927895772337434,True,0.10838992942071618,0.2276688871440905
2023-06-09 12:00:00-05:00,0.20171103633651946,True,0.08633624280307284,0.28804727913959227
2023-06-09 13:00:00-05:00,0.21208994685709734,True,0.0840785821429852,0.29616852900008256
2023-06-09 14:00:00-05:00,0.2666201220353395,True,0.0564653382639842,0.3230854602993237
2023-06-09 15:00:00-05:00,0.2694321076931472,True,0.03484933783531405,0.30428144552846126
2023-06-09 16:00:00-05:00,0.178011280273005,True,-0.0373085497736668,0.1407027304993382
2023-06-09 17:00:00-05:00,0.07995832626063368,True,-0.07877930133650511,0.001179024924128566
2023-06-09 18:00:00-05:00,0.18542435267116356,True,-0.1692173052563738,0.01620704741478976
2023-06-09 19:00:00-05:00,0.05461262290232846,True,-0.057624099065481375,-0.003011476163152914
2023-06-09 20:00:00-05:00,0.0468896169945668,True,-0.048175295381126304,-0.001285678386559505
2023-06-09 21:00:00-05:00,0.03785619291750415,True,-0.03857561960115537,-0.0007194266836512142
2023-06-09 22:00:00-05:00,0.04655732103162617,True,-0.04662902151460014,-7.17004829739673e-05
2023-06-09 23:00:00-05:00,0.017895476338874134,True,-0.018955451500436576,-0.0010599751615624417
2023-06-10 00:00:00-05:00,-0.0009,True,0.000900000000000002,2.0599841277224584e-18
2023-06-10 01:00:00-05:00,-0.0009,True,0.000900000000000002,2.0599841277224584e-18
2023-06-10 02:00:00-05:00,-0.0009,True,0.000900000000000002,2.0599841277224584e-18
2023-06-10 03:00:00-05:00,-0.0009,True,0.000900000000000002,2.0599841277224584e-18
2023-06-10 04:00:00-05:00,-0.0009,True,0.000900000000000002,2.0599841277224584e-18
2023-06-10 05:00:00-05:00,-0.0009,True,0.000900000000000002,2.0599841277224584e-18
2023-06-10 06:00:00-05:00,-0.0009,True,0.000900000000000002,2.0599841277224584e-18
2023-06-10 07:00:00-05:00,-0.0009,True,0.0010039885135906413,0.00010398851359064132
2023-06-10 08:00:00-05:00,-0.0009,True,0.045843102980846144,0.044943102980846146
2023-06-10 09:00:00-05:00,-0.0009,True,0.10882386923963117,0.10792386923963117
2023-06-10 10:00:00-05:00,0.02229700125398367,True,0.14456890087254026,0.16686590212652394
2023-06-10 11:00:00-05:00,0.16111402634362976,True,0.10930255808179089,0.27041658442542066
2023-06-10 12:00:00-05:00,0.24813499789037424,True,0.08591877699310041,0.33405377488347465
2023-06-10 13:00:00-05:00,0.2880243785052503,True,0.08404342007680234,0.37206779858205263
2023-06-10 14:00:00-05:00,0.29246391108828357,True,0.01647837968229046,0.308942290770574
2023-06-10 15:00:00-05:00,0.27141652752273643,True,-0.002410279724668418,0.26900624779806803
2023-06-10 16:00:00-05:00,0.2282755129888086,True,-0.1690923369215731,0.0591831760672355
2023-06-10 17:00:00-05:00,0.16579397503394594,True,-0.1416809038794391,0.024113071154506838
2023-06-10 18:00:00-05:00,0.08775731603887328,True,-0.09589489181802721,-0.00813757577915393
2023-06-10 19:00:00-05:00,0.129956887192942,True,-0.10614254563287899,0.023814341560063
2023-06-10 20:00:00-05:00,0.01770374670471388,True,-0.018012832371698317,-0.00030908566698443704
2023-06-10 21:00:00-05:00,0.017049826576881283,True,-0.017592814227824452,-0.0005429876509431691
2023-06-10 22:00:00-05:00,0.016820996336836116,True,-0.01752574507775196,-0.0007047487409158441
2023-06-10 23:00:00-05:00,0.011514187229857416,True,-0.012297552242952607,-0.000783365013095191
2023-06-11 00:00:00-05:00,-0.0009,True,0.000900000000000002,2.0599841277224584e-18
2023-06-11 01:00:00-05:00,-0.0009,True,0.000900000000000002,2.0599841277224584e-18
2023-06-11 02:00:00-05:00,-0.0009,True,0.000900000000000002,2.0599841277224584e-18
2023-06-11 03:00:00-05:00,-0.0009,True,0.000900000000000002,2.0599841277224584e-18
2023-06-11 04:00:00-05:00,-0.0009,True,0.000900000000000002,2.0599841277224584e-18
2023-06-11 05:00:00-05:00,-0.0009,True,0.000900000000000002,2.0599841277224584e-18
2023-06-11 06:00:00-05:00,-0.0009,True,0.000900000000000002,2.0599841277224584e-18
2023-06-11 07:00:00-05:00,-0.0009,True,0.0010164426056757906,0.00011644260567579058
2023-06-11 08:00:00-05:00,-0.0009,True,0.03988161581174904,0.03898161581174904
2023-06-11 09:00:00-05:00,-0.0009,True,0.08684737679414326,0.08594737679414326
2023-06-11 10:00:00-05:00,0.032206995655285765,True,0.11019912998464777,0.14240612563993355
2023-06-11 11:00:00-05:00,0.17354700110390886,True,0.09541186178608531,0.26895886288999415
2023-06-11 12:00:00-05:00,0.2510433390220707,True,0.08185920483327232,0.332902543855343
2023-06-11 13:00:00-05:00,0.23601969839980944,True,0.08000345128770282,0.3160231496875123
2023-06-11 14:00:00-05:00,0.24310236080854147,True,0.057118201894561925,0.3002205627031034
2023-06-11 15:00:00-05:00,0.24760886363834908,True,0.03168111711205184,0.2792899807504009
2023-06-11 16:00:00-05:00,0.22261620234728988,True,-0.11333066552405975,0.10928553682323013
2023-06-11 17:00:00-05:00,0.16728515791971796,True,-0.14220932661597738,0.02507583130374058
2023-06-11 18:00:00-05:00,0.10341163054364272,True,-0.09825689193664208,0.005154738607000636
2023-06-11 19:00:00-05:00,0.09324136084544041,True,-0.09849629294880348,-0.005254932103363072
2023-06-11 20:00:00-05:00,0.08683031652663091,True,-0.0964253359717856,-0.009595019445154687
2023-06-11 21:00:00-05:00,0.07984323089279399,True,-0.0848424821103491,-0.004999251217555109
2023-06-11 22:00:00-05:00,0.06976906275895624,True,-0.070454048459528,-0.0006849857005717663
2023-06-11 23:00:00-05:00,0.020399362965783343,True,-0.02045586140281844,-5.649843703509766e-05
2023-06-12 00:00:00-05:00,-0.0009,True,0.000900000000000002,2.0599841277224584e-18
2023-06-12 01:00:00-05:00,-0.0009,True,0.000900000000000002,2.0599841277224584e-18
2023-06-12 02:00:00-05:00,-0.0009,True,0.000900000000000002,2.0599841277224584e-18
2023-06-12 03:00:00-05:00,-0.0009,True,0.000900000000000002,2.0599841277224584e-18
2023-06-12 04:00:00-05:00,-0.0009,True,0.000900000000000002,2.0599841277224584e-18
2023-06-12 05:00:00-05:00,-0.0009,True,0.000900000000000002,2.0599841277224584e-18
2023-06-12 06:00:00-05:00,-0.0009,True,0.000900000000000002,2.0599841277224584e-18
2023-06-12 07:00:00-05:00,-0.0009,True,0.0009810051555905956,8.100515559059563e-05
2023-06-12 08:00:00-05:00,-0.0009,True,0.03575659450344087,0.03485659450344087
2023-06-12 09:00:00-05:00,-0.0009,True,0.09475786945253814,0.09385786945253814
2023-06-12 10:00:00-05:00,-0.0009,True,0.10273862509766048,0.10183862509766048
2023-06-12 11:00:00-05:00,-0.0009,True,0.09241043034017872,0.09151043034017872
2023-06-12 12:00:00-05:00,0.15015703044689144,True,0.09572905527172364,0.2458860857186151
2023-06-12 13:00:00-05:00,0.17202107406170491,True,0.08877841698276594,0.26079949104447087
2023-06-12 14:00:00-05:00,0.1289103692250191,True,0.0966005257303037,0.2255108949553228
2023-06-12 15:00:00-05:00,0.043983000995337806,True,0.06764469334399115,0.11162769433932895
2023-06-12 16:00:00-05:00,0.006300278240861593,True,0.020278305184154983,0.026578583425016577
2023-06-12 17:00:00-05:00,0.08672371823470817,True,-0.08434506046643951,0.0023786577682686633
2023-06-12 18:00:00-05:00,0.13892606066061056,True,-0.10176870941080525,0.03715735124980531
2023-06-12 19:00:00-05:00,0.07952527162157698,True,-0.07948093927209324,4.433234948374165e-05
2023-06-12 20:00:00-05:00,-0.0009,True,0.0008999999999999991,-8.673617379884035e-19
2023-06-12 21:00:00-05:00,0.01646693485763156,True,-0.016168361830806378,0.00029857302682518086
2023-06-12 22:00:00-05:00,0.05238700493845911,True,-0.052657518563398245,-0.00027051362493913517
2023-06-12 23:00:00-05:00,0.03839112010288947,True,-0.03853639993062782,-0.00014527982773834824
2023-06-13 00:00:00-05:00,-0.0009,True,0.000900000000000002,2.0599841277224584e-18
2023-06-13 01:00:00-05:00,-0.0009,True,0.000900000000000002,2.0599841277224584e-18
2023-06-13 02:00:00-05:00,-0.0009,True,0.000900000000000002,2.0599841277224584e-18
2023-06-13 03:00:00-05:00,-0.0009,True,0.000900000000000002,2.0599841277224584e-18
2023-06-13 04:00:00-05:00,-0.0009,True,0.000900000000000002,2.0599841277224584e-18
2023-06-13 05:00:00-05:00,-0.0009,True,0.000900000000000002,2.0599841277224584e-18
2023-06-13 06:00:00-05:00,-0.0009,True,0.000900000000000002,2.0599841277224584e-18
2023-06-13 07:00:00-05:00,-0.0009,True,0.0010070237937311467,0.00010702379373114671
2023-06-13 08:00:00-05:00,-0.0009,True,0.04266565237063157,0.041765652370631574
2023-06-13 09:00:00-05:00,-0.0009,True,0.10532816222248188,0.10442816222248189
2023-06-13 10:00:00-05:00,0.052598822994523765,True,0.1361486496495744,0.18874747264409816
2023-06-13 11:00:00-05:00,0.2082349737326771,True,0.09518917531579092,0.30342414904846804
2023-06-13 12:00:00-05:00,0.27857330786851403,True,0.07674658979676086,0.3553198976652749
2023-06-13 13:00:00-05:00,0.3047310344381397,True,0.05204638495497558,0.3567774193931153
2023-06-13 14:00:00-05:00,0.19765558705449374,True,0.08134997975053254,0.2790055668050263
2023-06-13 15:00:00-05:00,0.25043365056740824,True,0.045291515282779554,0.2957251658501878
2023-06-13 16:00:00-05:00,0.24614973670729418,True,-0.18220391085733817,0.063945825849956
2023-06-13 17:00:00-05:00,0.18253516468468248,True,-0.16378127289153252,0.018753891793149957
2023-06-13 18:00:00-05:00,0.08447578279091952,True,-0.09174846738718449,-0.0072726845962649694
2023-06-13 19:00:00-05:00,0.14739093490415067,True,-0.1280526370568626,0.019338297847288077
2023-06-13 20:00:00-05:00,0.13561246403940286,True,-0.10551774454164255,0.03009471949776031
2023-06-13 21:00:00-05:00,0.11156034499989642,True,-0.09453877987263992,0.0170215651272565
2023-06-13 22:00:00-05:00,0.01851722604866233,True,-0.02067123681462342,-0.002154010765961091
2023-06-13 23:00:00-05:00,0.010643360615819615,True,-0.01262027794759949,-0.0019769173317798743
2023-06-14 00:00:00-05:00,-0.0009,True,0.000900000000000002,2.0599841277224584e-18
2023-06-14 01:00:00-05:00,-0.0009,True,0.000900000000000002,2.0599841277224584e-18
2023-06-14 02:00:00-05:00,-0.0009,True,0.000900000000000002,2.0599841277224584e-18
2023-06-14 03:00:00-05:00,-0.0009,True,0.000900000000000002,2.0599841277224584e-18
2023-06-14 04:00:00-05:00,-0.0009,True,0.000900000000000002,2.0599841277224584e-18
2023-06-14 05:00:00-05:00,-0.0009,True,0.000900000000000002,2.0599841277224584e-18
2023-06-14 06:00:00-05:00,-0.0009,True,0.000900000000000002,2.0599841277224584e-18
2023-06-14 07:00:00-05:00,-0.0009,True,0.0010300823127699949,0.00013008231276999491
2023-06-14 08:00:00-05:00,-0.0009,True,0.04038721586075497,0.03948721586075497
2023-06-14 09:00:00-05:00,-0.0009,True,0.08190925207527315,0.08100925207527315
2023-06-14 10:00:00-05:00,-0.0009,True,0.09039692989333957,0.08949692989333957
2023-06-14 11:00:00-05:00,0.04160356189568847,True,0.10398838884337365,0.14559195073906211
2023-06-14 12:00:00-05:00,-0.0009,True,0.09323853370010489,0.09233853370010489
2023-06-14 13:00:00-05:00,0.022367940763572097,True,0.0989938825218011,0.12136182328537319
2023-06-14 14:00:00-05:00,0.04939962433288719,True,0.1423700223749104,0.1917696467077976
2023-06-14 15:00:00-05:00,0.06978780204164764,True,0.07960723131493526,0.14939503335658288
2023-06-14 16:00:00-05:00,-0.0009,True,0.023985209341187107,0.023085209341187105
2023-06-14 17:00:00-05:00,0.16115818705489598,True,-0.13911526952925649,0.0220429175256395
2023-06-14 18:00:00-05:00,0.08389267022636797,True,-0.09042252868425037,-0.006529858457882398
2023-06-14 19:00:00-05:00,0.007314469228098658,True,-0.009721559315065235,-0.002407090086966578
2023-06-14 20:00:00-05:00,0.0071199272478541095,True,-0.010078887028661361,-0.002958959780807252
2023-06-14 21:00:00-05:00,0.0050941459367145,True,-0.0087920271548022,-0.0036978812180877
2023-06-14 22:00:00-05:00,-0.0009,True,2.451577402411313e-05,-0.0008754842259758868
2023-06-14 23:00:00-05:00,-0.0009,True,0.0008999999999999991,-8.673617379884035e-19
2023-06-15 00:00:00-05:00,-0.0009,True,0.000900000000000002,2.0599841277224584e-18
2023-06-15 01:00:00-05:00,-0.0009,True,0.000900000000000002,2.0599841277224584e-18
2023-06-15 02:00:00-05:00,-0.0009,True,0.000900000000000002,2.0599841277224584e-18
2023-06-15 03:00:00-05:00,-0.0009,True,0.000900000000000002,2.0599841277224584e-18
2023-06-15 04:00:00-05:00,-0.0009,True,0.000900000000000002,2.0599841277224584e-18
2023-06-15 05:00:00-05:00,-0.0009,True,0.000900000000000002,2.0599841277224584e-18
2023-06-15 06:00:00-05:00,-0.0009,True,0.000900000000000002,2.0599841277224584e-18
2023-06-15 07:00:00-05:00,-0.0009,True,0.001028316041507308,0.00012831604150730807
2023-06-15 08:00:00-05:00,-0.0009,True,0.04169640079244159,0.040796400792441595
2023-06-15 09:00:00-05:00,-0.0009,True,0.1062377272978769,0.1053377272978769
2023-06-15 10:00:00-05:00,0.046411587051487985,True,0.1290247660727408,0.17543635312422878
2023-06-15 11:00:00-05:00,0.20103022701514048,True,0.09711957013727107,0.2981497971524115
2023-06-15 12:00:00-05:00,0.2738974499409821,True,0.07923550872397117,0.35313295866495326
2023-06-15 13:00:00-05:00,0.30153341296177755,True,0.049543379953808364,0.3510767929155859
2023-06-15 14:00:00-05:00,0.29891641930801716,True,0.011828502941146922,0.31074492224916406
2023-06-15 15:00:00-05:00,0.2705355041171596,True,0.0032566510971155783,0.2737921552142752
2023-06-15 16:00:00-05:00,0.23246811911156598,True,-0.1745255079547006,0.05794261115686539
2023-06-15 17:00:00-05:00,0.17446899680958114,True,-0.14417641742656295,0.030292579383018187
2023-06-15 18:00:00-05:00,0.10764691870860013,True,-0.1002180134568173,0.00742890525178283
2023-06-15 19:00:00-05:00,0.0334509416121916,True,-0.028553070543533385,0.004897871068658216
2023-06-15 20:00:00-05:00,0.03365415769397519,True,-0.02901820628904809,0.004635951404927098
2023-06-15 21:00:00-05:00,0.03314339974735279,True,-0.027582602787839125,0.005560796959513663
2023-06-15 22:00:00-05:00,0.028857640879414705,True,-0.025483179059548916,0.0033744618198657886
2023-06-15 23:00:00-05:00,0.017410496082665237,True,-0.01667402570280515,0.0007364703798600873
2023-06-16 00:00:00-05:00,-0.0009,True,0.000900000000000002,2.0599841277224584e-18
2023-06-16 01:00:00-05:00,-0.0009,True,0.000900000000000002,2.0599841277224584e-18
2023-06-16 02:00:00-05:00,-0.0009,True,0.000900000000000002,2.0599841277224584e-18
2023-06-16 03:00:00-05:00,-0.0009,True,0.000900000000000002,2.0599841277224584e-18
2023-06-16 04:00:00-05:00,-0.0009,True,0.000900000000000002,2.0599841277224584e-18
2023-06-16 05:00:00-05:00,-0.0009,True,0.000900000000000002,2.0599841277224584e-18
2023-06-16 06:00:00-05:00,-0.0009,True,0.000900000000000002,2.0599841277224584e-18
2023-06-16 07:00:00-05:00,-0.0009,True,0.0010459569264774293,0.00014595692647742932
2023-06-16 08:00:00-05:00,-0.0009,True,0.0314521605601363,0.030552160560136297
2023-06-16 09:00:00-05:00,-0.0009,True,0.07540027817419377,0.07450027817419377
2023-06-16 10:00:00-05:00,0.007038929562822779,True,0.09918859433216935,0.10622752389499213
2023-06-16 11:00:00-05:00,0.024043449966030767,True,0.09493282876809292,0.11897627873412368
2023-06-16 12:00:00-05:00,0.06970280066153418,True,0.10734400232654123,0.1770468029880754
2023-06-16 13:00:00-05:00,0.17751948284850813,True,0.0795503171106447,0.2570697999591528
2023-06-16 14:00:00-05:00,0.1701847198458887,True,0.06865851611382552,0.23884323595971424
2023-06-16 15:00:00-05:00,0.1646693746419214,True,0.04997243027540523,0.21464180491732665
2023-06-16 16:00:00-05:00,0.16813935017168688,True,-0.041236436483544504,0.12690291368814238
2023-06-16 17:00:00-05:00,0.20856646754339264,True,-0.17767297932771697,0.03089348821567567
2023-06-16 18:00:00-05:00,0.16795460378189858,True,-0.14270643293754695,0.02524817084435163
2023-06-16 19:00:00-05:00,0.11824089885808663,True,-0.10127299797429243,0.0169679008837942
2023-06-16 20:00:00-05:00,0.1393857936808026,True,-0.1093444653006915,0.030041328380111088
2023-06-16 21:00:00-05:00,0.11013589509217936,True,-0.09993586882956271,0.010200026262616652
2023-06-16 22:00:00-05:00,0.07697461428438056,True,-0.07799751847610358,-0.0010229041917230175
2023-06-16 23:00:00-05:00,0.04201328307831391,True,-0.041372214520287234,0.0006410685580266751
2023-06-17 00:00:00-05:00,-0.0009,True,0.000900000000000002,2.0599841277224584e-18
2023-06-17 01:00:00-05:00,-0.0009,True,0.0009000000000000019,1.951563910473908e-18
2023-06-17 02:00:00-05:00,-0.0009,True,0.000900000000000002,2.0599841277224584e-18
2023-06-17 03:00:00-05:00,-0.0009,True,0.000900000000000002,2.0599841277224584e-18
2023-06-17 04:00:00-05:00,-0.0009,True,0.000900000000000002,2.0599841277224584e-18
2023-06-17 05:00:00-05:00,-0.0009,True,0.000900000000000002,2.0599841277224584e-18
2023-06-17 06:00:00-05:00,-0.0009,True,0.000900000000000002,2.0599841277224584e-18
2023-06-17 07:00:00-05:00,-0.0009,True,0.0010197905090394027,0.00011979050903940269
2023-06-17 08:00:00-05:00,-0.0009,True,0.040111881007997875,0.03921188100799788
2023-06-17 09:00:00-05:00,-0.0009,True,0.10318869893168371,0.10228869893168371
2023-06-17 10:00:00-05:00,0.009929660251868352,True,0.1192242133270278,0.12915387357889616
2023-06-17 11:00:00-05:00,0.1294816053077099,True,0.09523393837969055,0.22471554368740046
2023-06-17 12:00:00-05:00,0.22000134647735428,True,0.07421691726943988,0.29421826374679416
2023-06-17 13:00:00-05:00,0.2689777715105439,True,0.07443314100782666,0.3434109125183706
2023-06-17 14:00:00-05:00,0.2827166067350746,True,0.05195977927306479,0.33467638600813937
2023-06-17 15:00:00-05:00,0.26817628638441227,True,0.0293441309096346,0.2975204172940469
2023-06-17 16:00:00-05:00,0.23380790775869414,True,-0.17444014454727694,0.05936776321141721
2023-06-17 17:00:00-05:00,0.1999258504806154,True,-0.1775725427164306,0.022353307764184788
2023-06-17 18:00:00-05:00,0.10955172495829821,True,-0.10336211953899699,0.0061896054193012195
2023-06-17 19:00:00-05:00,0.03139463094769045,True,-0.027363152805057734,0.004031478142632713
2023-06-17 20:00:00-05:00,0.030589453442026907,True,-0.0270675416144593,0.0035219118275676073
2023-06-17 21:00:00-05:00,0.029569828340915573,True,-0.026439016812441384,0.0031308115284741887
2023-06-17 22:00:00-05:00,0.025251620733956807,True,-0.02279532120854395,0.0024562995254128576
2023-06-17 23:00:00-05:00,0.0264113087173566,True,-0.025495364310513486,0.0009159444068431132
2023-06-18 00:00:00-05:00,-0.0009,True,0.000900000000000002,2.0599841277224584e-18
2023-06-18 01:00:00-05:00,-0.0009,True,0.000900000000000002,2.0599841277224584e-18
2023-06-18 02:00:00-05:00,-0.0009,True,0.000900000000000002,2.0599841277224584e-18
2023-06-18 03:00:00-05:00,-0.0009,True,0.000900000000000002,2.0599841277224584e-18
2023-06-18 04:00:00-05:00,-0.0009,True,0.000900000000000002,2.0599841277224584e-18
2023-06-18 05:00:00-05:00,-0.0009,True,0.000900000000000002,2.0599841277224584e-18
2023-06-18 06:00:00-05:00,-0.0009,True,0.000900000000000002,2.0599841277224584e-18
2023-06-18 07:00:00-05:00,-0.0009,True,0.0013555742869420847,0.0004555742869420847
2023-06-18 08:00:00-05:00,-0.0009,True,0.05627557303404226,0.05537557303404226
2023-06-18 09:00:00-05:00,-0.0009,True,0.11163588794231939,0.1107358879423194
2023-06-18 10:00:00-05:00,0.03678198442980813,True,0.1195046085856538,0.15628659301546194
2023-06-18 11:00:00-05:00,0.18294745496471687,True,0.08991734053900906,0.27286479550372594
2023-06-18 12:00:00-05:00,0.2587254092799188,True,0.07382277429384304,0.33254818357376187
2023-06-18 13:00:00-05:00,0.2884599415045106,True,0.07504285267430183,0.3635027941788124
2023-06-18 14:00:00-05:00,0.2907191208700146,True,0.011750022730114782,0.3024691436001294
2023-06-18 15:00:00-05:00,0.2711245278666272,True,-0.002786159033738858,0.26833836883288836
2023-06-18 16:00:00-05:00,0.22903692785429466,True,-0.17103675109936223,0.058000176754932437
2023-06-18 17:00:00-05:00,0.16712368907009914,True,-0.14327874815747946,0.023844940912619683
2023-06-18 18:00:00-05:00,0.09025182614735741,True,-0.09925671837653266,-0.009004892229175249
2023-06-18 19:00:00-05:00,0.015170135062990935,True,-0.01608756081508671,-0.0009174257520957758
2023-06-18 20:00:00-05:00,0.016262929879403098,True,-0.01748571380126833,-0.0012227839218652316
2023-06-18 21:00:00-05:00,0.0162563220092242,True,-0.01748571380126833,-0.001229391792044128
2023-06-18 22:00:00-05:00,0.014515718515823397,True,-0.01609785180969657,-0.0015821332938731735
2023-06-18 23:00:00-05:00,0.008758624348134672,True,-0.00842401212721474,0.0003346122209199314
2023-06-19 00:00:00-05:00,-0.0009,True,0.000900000000000002,2.0599841277224584e-18
2023-06-19 01:00:00-05:00,-0.0009,True,0.000900000000000002,2.0599841277224584e-18
2023-06-19 02:00:00-05:00,-0.0009,True,0.000900000000000002,2.0599841277224584e-18
2023-06-19 03:00:00-05:00,-0.0009,True,0.000900000000000002,2.0599841277224584e-18
2023-06-19 04:00:00-05:00,-0.0009,True,0.000900000000000002,2.0599841277224584e-18
2023-06-19 05:00:00-05:00,-0.0009,True,0.000900000000000002,2.0599841277224584e-18
2023-06-19 06:00:00-05:00,-0.0009,True,0.000900000000000002,2.0599841277224584e-18
2023-06-19 07:00:00-05:00,-0.0009,True,0.0014486423526677147,0.0005486423526677147
2023-06-19 08:00:00-05:00,-0.0009,True,0.03830573731367251,0.03740573731367251
2023-06-19 09:00:00-05:00,-0.0009,True,0.07387759490319508,0.07297759490319508
2023-06-19 10:00:00-05:00,-0.0009,True,0.0856187985719312,0.08471879857193121
2023-06-19 11:00:00-05:00,0.15335299334684593,True,0.1017332369186064,0.25508623026545235
2023-06-19 12:00:00-05:00,0.23624421632049641,True,0.09037074481731425,0.32661496113781063
2023-06-19 13:00:00-05:00,0.2731740511012237,True,0.08631466865960036,0.3594887197608241
2023-06-19 14:00:00-05:00,0.2639263693032351,True,0.055464577357724004,0.31939094666095913
2023-06-19 15:00:00-05:00,0.24542519056699913,True,0.03220741495140009,0.2776326055183992
2023-06-19 16:00:00-05:00,0.22777826847598112,True,-0.16309971795702632,0.0646785505189548
2023-06-19 17:00:00-05:00,0.18461312868994323,True,-0.16601924196419557,0.01859388672574766
2023-06-19 18:00:00-05:00,0.15183750470603954,True,-0.1356920838447965,0.016145420861243043
2023-06-19 19:00:00-05:00,0.09292343274439825,True,-0.09815226828347297,-0.0052288355390747165
2023-06-19 20:00:00-05:00,0.06834591322825145,True,-0.07805874733691626,-0.009712834108664803
2023-06-19 21:00:00-05:00,0.0638814062846106,True,-0.07364093811166078,-0.00975953182705018
2023-06-19 22:00:00-05:00,0.06547812808059414,True,-0.06682397040976294,-0.0013458423291688032
2023-06-19 23:00:00-05:00,0.024544188669766508,True,-0.02074319337278073,0.0038009952969857777
2023-06-20 00:00:00-05:00,-0.0009,True,0.000900000000000002,2.0599841277224584e-18
2023-06-20 01:00:00-05:00,-0.0009,True,0.000900000000000002,2.0599841277224584e-18
2023-06-20 02:00:00-05:00,-0.0009,True,0.000900000000000002,2.0599841277224584e-18
2023-06-20 03:00:00-05:00,-0.0009,True,0.000900000000000002,2.0599841277224584e-18
2023-06-20 04:00:00-05:00,-0.0009,True,0.000900000000000002,2.0599841277224584e-18
2023-06-20 05:00:00-05:00,-0.0009,True,0.000900000000000002,2.0599841277224584e-18
2023-06-20 06:00:00-05:00,-0.0009,True,0.000900000000000002,2.0599841277224584e-18
2023-06-20 07:00:00-05:00,-0.0009,True,0.0014607304426921706,0.0005607304426921706
2023-06-20 08:00:00-05:00,-0.0009,True,0.03844770178179191,0.03754770178179191
2023-06-20 09:00:00-05:00,-0.0009,True,0.07944458869682479,0.07854458869682479
2023-06-20 10:00:00-05:00,-0.0009,True,0.10371363279621587,0.10281363279621587
2023-06-20 11:00:00-05:00,0.0066561890044573475,True,0.1083772738558582,0.11503346286031554
2023-06-20 12:00:00-05:00,0.0548220096712969,True,0.12394416485688937,0.17876617452818627
2023-06-20 13:00:00-05:00,0.07986238918623663,True,0.12391917004816504,0.20378155923440167
2023-06-20 14:00:00-05:00,0.072055885824482,True,0.1322174454179594,0.2042733312424414
2023-06-20 15:00:00-05:00,0.17188755529927263,True,0.053143670358535414,0.22503122565780803
2023-06-20 16:00:00-05:00,0.15394103476677834,True,-0.037778744015698,0.11616229075108034
2023-06-20 17:00:00-05:00,0.17689983737962867,True,-0.15012469071017698,0.026775146669451688
2023-06-20 18:00:00-05:00,0.10570760593456245,True,-0.0918080493703297,0.013899556564232751
2023-06-20 19:00:00-05:00,0.09507380367138228,True,-0.0906549685507193,0.004418835120662976
2023-06-20 20:00:00-05:00,0.08991722661457528,True,-0.09012472463437725,-0.00020749801980196603
2023-06-20 21:00:00-05:00,0.059162219075650245,True,-0.060015145461268675,-0.0008529263856184299
2023-06-20 22:00:00-05:00,0.05163448014929182,True,-0.04405102316732828,0.0075834569819635406
2023-06-20 23:00:00-05:00,0.03013813542432058,True,-0.01897693128613125,0.011161204138189329
2023-06-21 00:00:00-05:00,-0.0009,True,0.000900000000000002,2.0599841277224584e-18
2023-06-21 01:00:00-05:00,-0.0009,True,0.000900000000000002,2.0599841277224584e-18
2023-06-21 02:00:00-05:00,-0.0009,True,0.000900000000000002,2.0599841277224584e-18
2023-06-21 03:00:00-05:00,-0.0009,True,0.000900000000000002,2.0599841277224584e-18
2023-06-21 04:00:00-05:00,-0.0009,True,0.000900000000000002,2.0599841277224584e-18
2023-06-21 05:00:00-05:00,-0.0009,True,0.000900000000000002,2.0599841277224584e-18
2023-06-21 06:00:00-05:00,-0.0009,True,0.000900000000000002,2.0599841277224584e-18
2023-06-21 07:00:00-05:00,-0.0009,True,0.0014382570768063704,0.0005382570768063704
2023-06-21 08:00:00-05:00,-0.0009,True,0.0431505968096165,0.0422505968096165
2023-06-21 09:00:00-05:00,-0.0009,True,0.08533522268127845,0.08443522268127845
2023-06-21 10:00:00-05:00,-0.0009,True,0.10884651399709554,0.10794651399709554
2023-06-21 11:00:00-05:00,0.02048262070014662,True,0.12031230186599609,0.1407949225661427
2023-06-21 12:00:00-05:00,0.059990270743346494,True,0.13240794223612992,0.1923982129794764
2023-06-21 13:00:00-05:00,0.14343872199810465,True,0.10543613701177705,0.2488748590098817
2023-06-21 14:00:00-05:00,0.06889477078324932,True,0.1256414411446698,0.19453621192791912
2023-06-21 15:00:00-05:00,0.0677555970073277,True,0.06597932458534067,0.13373492159266837
2023-06-21 16:00:00-05:00,0.07537018040960368,True,-0.03013336879324248,0.0452368116163612
2023-06-21 17:00:00-05:00,0.12336629222428508,True,-0.09754916483520303,0.025817127389082054
2023-06-21 18:00:00-05:00,0.09770438164195305,True,-0.09105085814117894,0.006653523500774111
2023-06-21 19:00:00-05:00,0.08359663620239818,True,-0.08543793365561214,-0.001841297453213958
2023-06-21 20:00:00-05:00,0.050241247470687235,True,-0.04063569878690423,0.009605548683783008
2023-06-21 21:00:00-05:00,0.021578166128027744,True,-0.011954002287571168,0.009624163840456576
2023-06-21 22:00:00-05:00,0.03586077097511491,True,-0.02870491310659416,0.007155857868520753
2023-06-21 23:00:00-05:00,0.019182186715899247,True,-0.011697350702277459,0.007484836013621788
2023-06-22 00:00:00-05:00,-0.0009,True,0.000900000000000002,2.0599841277224584e-18
2023-06-22 01:00:00-05:00,-0.0009,True,0.000900000000000002,2.0599841277224584e-18
2023-06-22 02:00:00-05:00,-0.0009,True,0.000900000000000002,2.0599841277224584e-18
2023-06-22 03:00:00-05:00,-0.0009,True,0.000900000000000002,2.0599841277224584e-18
2023-06-22 04:00:00-05:00,-0.0009,True,0.000900000000000002,2.0599841277224584e-18
2023-06-22 05:00:00-05:00,-0.0009,True,0.000900000000000002,2.0599841277224584e-18
2023-06-22 06:00:00-05:00,-0.0009,True,0.000900000000000002,2.0599841277224584e-18
2023-06-22 07:00:00-05:00,-0.0009,True,0.0014583798777220804,0.0005583798777220805
2023-06-22 08:00:00-05:00,-0.0009,True,0.042711345639737656,0.04181134563973766
2023-06-22 09:00:00-05:00,-0.0009,True,0.08914054951241905,0.08824054951241905
2023-06-22 10:00:00-05:00,-0.0009,True,0.11497623616025918,0.11407623616025918
2023-06-22 11:00:00-05:00,0.017311702420681176,True,0.12105422424928979,0.13836592666997097
2023-06-22 12:00:00-05:00,0.046510075644278615,True,0.12510122399793824,0.17161129964221686
2023-06-22 13:00:00-05:00,0.05523102166695089,True,0.12947306794612853,0.18470408961307944
2023-06-22 14:00:00-05:00,0.05560352170130132,True,0.13044663400587567,0.18605015570717698
2023-06-22 15:00:00-05:00,0.07035557359353842,True,0.06897240381792724,0.13932797741146566
2023-06-22 16:00:00-05:00,0.09290048465498327,True,-0.02960019833705663,0.06330028631792664
2023-06-22 17:00:00-05:00,0.10778199800130388,True,-0.09230637038429101,0.015475627617012863
2023-06-22 18:00:00-05:00,0.10893667678681695,True,-0.09077712909933602,0.01815954768748093
2023-06-22 19:00:00-05:00,0.07828308879540749,True,-0.07852785388397007,-0.00024476508856258183
2023-06-22 20:00:00-05:00,0.08094560376569943,True,-0.08183245739481176,-0.0008868536291123386
2023-06-22 21:00:00-05:00,0.03398751093483782,True,-0.025974527003089557,0.00801298393174826
2023-06-22 22:00:00-05:00,0.008251945903867046,True,-0.005678541658788964,0.0025734042450780816
2023-06-22 23:00:00-05:00,-0.0009,True,0.0008999999999999991,-8.673617379884035e-19
2023-06-23 00:00:00-05:00,-0.0009,True,0.000900000000000002,2.0599841277224584e-18
2023-06-23 01:00:00-05:00,-0.0009,True,0.000900000000000002,2.0599841277224584e-18
2023-06-23 02:00:00-05:00,-0.0009,True,0.000900000000000002,2.0599841277224584e-18
2023-06-23 03:00:00-05:00,-0.0009,True,0.000900000000000002,2.0599841277224584e-18
2023-06-23 04:00:00-05:00,-0.0009,True,0.000900000000000002,2.0599841277224584e-18
2023-06-23 05:00:00-05:00,-0.0009,True,0.000900000000000002,2.0599841277224584e-18
2023-06-23 06:00:00-05:00,-0.0009,True,0.000900000000000002,2.0599841277224584e-18
2023-06-23 07:00:00-05:00,-0.0009,True,0.0014312992246031059,0.0005312992246031059
2023-06-23 08:00:00-05:00,-0.0009,True,0.042301522011988425,0.04140152201198843
2023-06-23 09:00:00-05:00,-0.0009,True,0.08836832298981057,0.08746832298981057
2023-06-23 10:00:00-05:00,-0.0009,True,0.10871661145950831,0.10781661145950831
2023-06-23 11:00:00-05:00,0.01728355002039722,True,0.11189017162057135,0.12917372164096858
2023-06-23 12:00:00-05:00,0.020448343296112555,True,0.1108016230279509,0.13124996632406344
2023-06-23 13:00:00-05:00,0.06823168729350532,True,0.11898433481527668,0.187216022108782
2023-06-23 14:00:00-05:00,0.06779735740224764,True,0.12222834125223082,0.19002569865447846
2023-06-23 15:00:00-05:00,-0.0009,True,0.0799523519919987,0.0790523519919987
2023-06-23 16:00:00-05:00,0.09952235141515797,True,-0.031884236594083515,0.06763811482107446
2023-06-23 17:00:00-05:00,0.04641522158399205,True,-0.04418620222897007,0.002229019355021976
2023-06-23 18:00:00-05:00,0.030961865480883737,True,-0.025053528369145702,0.005908337111738035
2023-06-23 19:00:00-05:00,0.10876575032934523,True,-0.10199101342618666,0.006774736903158565
2023-06-23 20:00:00-05:00,0.008122872979371573,True,-0.0057639002846421525,0.0023589726947294207
2023-06-23 21:00:00-05:00,-0.0009,True,0.0008999999999999991,-8.673617379884035e-19
2023-06-23 22:00:00-05:00,0.015847502146661484,True,-0.0145306635604305,0.0013168385862309846
2023-06-23 23:00:00-05:00,-0.0009,True,0.0008999999999999991,-8.673617379884035e-19
2023-06-24 00:00:00-05:00,-0.0009,True,0.000900000000000002,2.0599841277224584e-18
2023-06-24 01:00:00-05:00,-0.0009,True,0.000900000000000002,2.0599841277224584e-18
2023-06-24 02:00:00-05:00,-0.0009,True,0.000900000000000002,2.0599841277224584e-18
2023-06-24 03:00:00-05:00,-0.0009,True,0.000900000000000002,2.0599841277224584e-18
2023-06-24 04:00:00-05:00,-0.0009,True,0.000900000000000002,2.0599841277224584e-18
2023-06-24 05:00:00-05:00,-0.0009,True,0.000900000000000002,2.0599841277224584e-18
2023-06-24 06:00:00-05:00,-0.0009,True,0.000900000000000002,2.0599841277224584e-18
2023-06-24 07:00:00-05:00,-0.0009,True,0.0014776232154909805,0.0005776232154909805
2023-06-24 08:00:00-05:00,-0.0009,True,0.04082482835153285,0.039924828351532854
2023-06-24 09:00:00-05:00,-0.0009,True,0.08081257763017001,0.07991257763017001
2023-06-24 10:00:00-05:00,-0.0009,True,0.10423046311699617,0.10333046311699617
2023-06-24 11:00:00-05:00,-0.0009,True,0.10662465413607393,0.10572465413607393
2023-06-24 12:00:00-05:00,0.05551897203899228,True,0.11198088054587908,0.16749985258487138
2023-06-24 13:00:00-05:00,0.00591704016583896,True,0.11311715589886427,0.11903419606470324
2023-06-24 14:00:00-05:00,0.0858010788087245,True,0.13163840421427178,0.2174394830229963
2023-06-24 15:00:00-05:00,0.17807635210379857,True,0.05252711428103395,0.23060346638483253
2023-06-24 16:00:00-05:00,0.11483672392244372,True,-0.031980906581628714,0.08285581734081501
2023-06-24 17:00:00-05:00,0.16752010435635822,True,-0.14247738479798072,0.025042719558377502
2023-06-24 18:00:00-05:00,0.11949092120218854,True,-0.10083503282391966,0.018655888378268884
2023-06-24 19:00:00-05:00,0.04629209227575553,True,-0.04338853250808818,0.0029035597676673464
2023-06-24 20:00:00-05:00,0.04170369605655615,True,-0.04152395380100273,0.00017974225555341533
2023-06-24 21:00:00-05:00,0.08691014379193622,True,-0.0952494311848257,-0.008339287392889486
2023-06-24 22:00:00-05:00,0.008275911306075526,True,-0.00908422245034176,-0.0008083111442662334
2023-06-24 23:00:00-05:00,0.0361298077336741,True,-0.03544367436837366,0.0006861333653004412
2023-06-25 00:00:00-05:00,-0.0009,True,0.000900000000000002,2.0599841277224584e-18
2023-06-25 01:00:00-05:00,-0.0009,True,0.000900000000000002,2.0599841277224584e-18
2023-06-25 02:00:00-05:00,-0.0009,True,0.000900000000000002,2.0599841277224584e-18
2023-06-25 03:00:00-05:00,-0.0009,True,0.000900000000000002,2.0599841277224584e-18
2023-06-25 04:00:00-05:00,-0.0009,True,0.000900000000000002,2.0599841277224584e-18
2023-06-25 05:00:00-05:00,-0.0009,True,0.000900000000000002,2.0599841277224584e-18
2023-06-25 06:00:00-05:00,-0.0009,True,0.000900000000000002,2.0599841277224584e-18
2023-06-25 07:00:00-05:00,-0.0009,True,0.001467047585540541,0.000567047585540541
2023-06-25 08:00:00-05:00,-0.0009,True,0.050819350518873235,0.04991935051887324
2023-06-25 09:00:00-05:00,-0.0009,True,0.11311361074307776,0.11221361074307776
2023-06-25 10:00:00-05:00,0.02597563629098454,True,0.12798959850965036,0.1539652348006349
2023-06-25 11:00:00-05:00,0.16352541596219203,True,0.09995366055354965,0.26347907651574165
2023-06-25 12:00:00-05:00,0.1704541001054583,True,0.0917453695791163,0.26219946968457464
2023-06-25 13:00:00-05:00,0.1739246713190117,True,0.09090330563636853,0.26482797695538024
2023-06-25 14:00:00-05:00,0.27628680290611485,True,0.012123711733793945,0.2884105146399088
2023-06-25 15:00:00-05:00,0.25999823322477766,True,-0.005584487183519048,0.2544137460412586
2023-06-25 16:00:00-05:00,0.08563704311090958,True,-0.029610523279931057,0.056026519830978526
2023-06-25 17:00:00-05:00,0.04389352645056224,True,-0.04162844938559579,0.002265077064966453
2023-06-25 18:00:00-05:00,0.05312279009818079,True,-0.05176360580570261,0.00135918429247818
2023-06-25 19:00:00-05:00,0.09473203846339302,True,-0.09144604230678059,0.0032859961566124307
2023-06-25 20:00:00-05:00,0.009596116920003714,True,-0.011049326982671614,-0.0014532100626679003
2023-06-25 21:00:00-05:00,0.07782455267091841,True,-0.07884058100885592,-0.0010160283379375135
2023-06-25 22:00:00-05:00,0.008845270604857201,True,-0.010116138986255692,-0.0012708683813984906
2023-06-25 23:00:00-05:00,-0.0009,True,0.0008999999999999991,-8.673617379884035e-19
2023-06-26 00:00:00-05:00,-0.0009,True,0.000900000000000002,2.0599841277224584e-18
2023-06-26 01:00:00-05:00,-0.0009,True,0.000900000000000002,2.0599841277224584e-18
2023-06-26 02:00:00-05:00,-0.0009,True,0.000900000000000002,2.0599841277224584e-18
2023-06-26 03:00:00-05:00,-0.0009,True,0.000900000000000002,2.0599841277224584e-18
2023-06-26 04:00:00-05:00,-0.0009,True,0.000900000000000002,2.0599841277224584e-18
2023-06-26 05:00:00-05:00,-0.0009,True,0.000900000000000002,2.0599841277224584e-18
2023-06-26 06:00:00-05:00,-0.0009,True,0.000900000000000002,2.0599841277224584e-18
2023-06-26 07:00:00-05:00,-0.0009,True,0.0014776232154909805,0.0005776232154909805
2023-06-26 08:00:00-05:00,-0.0009,True,0.03857382472639715,0.03767382472639715
2023-06-26 09:00:00-05:00,-0.0009,True,0.08901900275803337,0.08811900275803337
2023-06-26 10:00:00-05:00,-0.0009,True,0.10844156949513924,0.10754156949513924
2023-06-26 11:00:00-05:00,-0.0009,True,0.11318267544030791,0.11228267544030791
2023-06-26 12:00:00-05:00,0.14507041655473552,True,0.0973935938884677,0.2424640104432032
2023-06-26 13:00:00-05:00,0.16002218250761915,True,0.08599969753984277,0.24602188004746192
2023-06-26 14:00:00-05:00,0.21556054979017295,True,0.059107924661839305,0.27466847445201226
2023-06-26 15:00:00-05:00,0.2573279895122841,True,0.032964099134371344,0.29029208864665546
2023-06-26 16:00:00-05:00,0.15575007652387618,True,-0.04049301163461963,0.11525706488925655
2023-06-26 17:00:00-05:00,0.08180563017424328,True,-0.08239359227409672,-0.0005879620998534424
2023-06-26 18:00:00-05:00,0.15623389336374252,True,-0.1398003498066754,0.01643354355706711
2023-06-26 19:00:00-05:00,0.12590813357756092,True,-0.10182802106966811,0.024080112507892812
2023-06-26 20:00:00-05:00,0.09247931465271911,True,-0.09967129697208237,-0.007191982319363258
2023-06-26 21:00:00-05:00,0.012156855970979692,True,-0.013158561394781528,-0.001001705423801836
2023-06-26 22:00:00-05:00,0.009851853733046912,True,-0.012334248212577448,-0.0024823944795305357
2023-06-26 23:00:00-05:00,0.00639931663244577,True,-0.006696266416420167,-0.00029694978397439703
2023-06-27 00:00:00-05:00,-0.0009,True,0.000900000000000002,2.0599841277224584e-18
2023-06-27 01:00:00-05:00,-0.0009,True,0.000900000000000002,2.0599841277224584e-18
2023-06-27 02:00:00-05:00,-0.0009,True,0.000900000000000002,2.0599841277224584e-18
2023-06-27 03:00:00-05:00,-0.0009,True,0.000900000000000002,2.0599841277224584e-18
2023-06-27 04:00:00-05:00,-0.0009,True,0.000900000000000002,2.0599841277224584e-18
2023-06-27 05:00:00-05:00,-0.0009,True,0.000900000000000002,2.0599841277224584e-18
2023-06-27 06:00:00-05:00,-0.0009,True,0.000900000000000002,2.0599841277224584e-18
2023-06-27 07:00:00-05:00,-0.0009,True,0.0014755614722202345,0.0005755614722202345
2023-06-27 08:00:00-05:00,-0.0009,True,0.04962874840888389,0.048728748408883894
2023-06-27 09:00:00-05:00,-0.0009,True,0.10574916744053314,0.10484916744053314
2023-06-27 10:00:00-05:00,-0.0009,True,0.1420173007526234,0.14111730075262338
2023-06-27 11:00:00-05:00,0.014743482205600861,True,0.11615494784509867,0.13089843005069954
2023-06-27 12:00:00-05:00,-0.0009,True,0.1094041686487563,0.1085041686487563
2023-06-27 13:00:00-05:00,0.1412784173869404,True,0.09458443370772088,0.2358628510946613
2023-06-27 14:00:00-05:00,0.18709970091574335,True,0.07291485371916046,0.2600145546349038
2023-06-27 15:00:00-05:00,0.2643011695814584,True,-0.002706905522587695,0.2615942640588707
2023-06-27 16:00:00-05:00,0.2244233456574376,True,-0.11786103222048534,0.10656231343695226
2023-06-27 17:00:00-05:00,0.16600687569834163,True,-0.14223330082275537,0.023773574875586262
2023-06-27 18:00:00-05:00,0.0870466165298388,True,-0.09583222627338003,-0.008785609743541228
2023-06-27 19:00:00-05:00,0.010723364960627384,True,-0.014136843705939477,-0.0034134787453120926
2023-06-27 20:00:00-05:00,-0.0009,True,0.0008999999999999991,-8.673617379884035e-19
2023-06-27 21:00:00-05:00,-0.0009,True,0.0008999999999999991,-8.673617379884035e-19
2023-06-27 22:00:00-05:00,-0.0009,True,0.0008999999999999991,-8.673617379884035e-19
2023-06-27 23:00:00-05:00,0.02702312863027029,True,-0.024292191828205675,0.002730936802064616
2023-06-28 00:00:00-05:00,-0.0009,True,0.000900000000000002,2.0599841277224584e-18
2023-06-28 01:00:00-05:00,-0.0009,True,0.000900000000000002,2.0599841277224584e-18
2023-06-28 02:00:00-05:00,-0.0009,True,0.000900000000000002,2.0599841277224584e-18
2023-06-28 03:00:00-05:00,-0.0009,True,0.000900000000000002,2.0599841277224584e-18
2023-06-28 04:00:00-05:00,-0.0009,True,0.000900000000000002,2.0599841277224584e-18
2023-06-28 05:00:00-05:00,-0.0009,True,0.000900000000000002,2.0599841277224584e-18
2023-06-28 06:00:00-05:00,-0.0009,True,0.000900000000000002,2.0599841277224584e-18
2023-06-28 07:00:00-05:00,-0.0009,True,0.0014481984772285084,0.0005481984772285084
2023-06-28 08:00:00-05:00,-0.0009,True,0.051729018703270555,0.050829018703270556
2023-06-28 09:00:00-05:00,-0.0009,True,0.10525299919466369,0.10435299919466369
2023-06-28 10:00:00-05:00,0.022759352387056044,True,0.12704478672283673,0.14980413910989276
2023-06-28 11:00:00-05:00,0.16151482529042877,True,0.10396321339494546,0.26547803868537423
2023-06-28 12:00:00-05:00,0.24319948803195365,True,0.08225300043543202,0.32545248846738567
2023-06-28 13:00:00-05:00,0.1168898410656951,True,0.09575370679976761,0.2126435478654627
2023-06-28 14:00:00-05:00,0.14215891595219152,True,0.08344692161049327,0.2256058375626848
2023-06-28 15:00:00-05:00,0.21296826164923596,True,0.05009110108540707,0.26305936273464303
2023-06-28 16:00:00-05:00,0.16631203870440392,True,-0.039697450370192275,0.12661458833421163
2023-06-28 17:00:00-05:00,0.1031819668431707,True,-0.09245469777941073,0.010727269063759967
2023-06-28 18:00:00-05:00,0.10599083449336709,True,-0.10240193376825384,0.003588900725113253
2023-06-28 19:00:00-05:00,0.030398442408683682,True,-0.026360515893979263,0.004037926514704419
2023-06-28 20:00:00-05:00,0.02818487962487501,True,-0.024997653209983647,0.003187226414891362
2023-06-28 21:00:00-05:00,0.1073775834303159,True,-0.09809536822430616,0.009282215206009747
2023-06-28 22:00:00-05:00,0.08042450805718387,True,-0.08169194020490764,-0.0012674321477237627
2023-06-28 23:00:00-05:00,0.014622621037070252,True,-0.014275502945866731,0.00034711809120352086
2023-06-29 00:00:00-05:00,-0.0009,True,0.000900000000000002,2.0599841277224584e-18
2023-06-29 01:00:00-05:00,-0.0009,True,0.000900000000000002,2.0599841277224584e-18
2023-06-29 02:00:00-05:00,-0.0009,True,0.000900000000000002,2.0599841277224584e-18
2023-06-29 03:00:00-05:00,-0.0009,True,0.000900000000000002,2.0599841277224584e-18
2023-06-29 04:00:00-05:00,-0.0009,True,0.000900000000000002,2.0599841277224584e-18
2023-06-29 05:00:00-05:00,-0.0009,True,0.000900000000000002,2.0599841277224584e-18
2023-06-29 06:00:00-05:00,-0.0009,True,0.000900000000000002,2.0599841277224584e-18
2023-06-29 07:00:00-05:00,-0.0009,True,0.001459696498191359,0.000559696498191359
2023-06-29 08:00:00-05:00,-0.0009,True,0.05169992813788215,0.05079992813788215
2023-06-29 09:00:00-05:00,-0.0009,True,0.11348943429808327,0.11258943429808327
2023-06-29 10:00:00-05:00,-0.0009,True,0.14973571424981696,0.14883571424981695
2023-06-29 11:00:00-05:00,0.08467262558372382,True,0.10756072191194942,0.19223334749567322
2023-06-29 12:00:00-05:00,0.17097552968858862,True,0.1144070018117784,0.285382531500367
2023-06-29 13:00:00-05:00,0.22556275329052394,True,0.0910379143246097,0.3166006676151336
2023-06-29 14:00:00-05:00,0.252632043703946,True,0.0510481495751627,0.30368019327910867
2023-06-29 15:00:00-05:00,0.2542580125163462,True,0.03381430951060082,0.28807232202694705
2023-06-29 16:00:00-05:00,0.23216358706560195,True,-0.17296797208210543,0.059195614983496514
2023-06-29 17:00:00-05:00,0.18782352951806727,True,-0.16991918715968726,0.01790434235838001
2023-06-29 18:00:00-05:00,0.12873579111293912,True,-0.10921166472370145,0.019524126389237673
2023-06-29 19:00:00-05:00,0.05344722595216332,True,-0.05433767908779296,-0.0008904531356296388
2023-06-29 20:00:00-05:00,0.049465658320733755,True,-0.050260984788791575,-0.0007953264680578206
2023-06-29 21:00:00-05:00,0.04419808888376508,True,-0.0445834672894637,-0.00038537840569861925
2023-06-29 22:00:00-05:00,0.03594040780001287,True,-0.035422867052845475,0.0005175407471673943
2023-06-29 23:00:00-05:00,0.01937066463059868,True,-0.02017008111343083,-0.00079941648283215
2023-06-30 00:00:00-05:00,-0.0009,True,0.000900000000000002,2.0599841277224584e-18
2023-06-30 01:00:00-05:00,-0.0009,True,0.000900000000000002,2.0599841277224584e-18
2023-06-30 02:00:00-05:00,-0.0009,True,0.000900000000000002,2.0599841277224584e-18
2023-06-30 03:00:00-05:00,-0.0009,True,0.000900000000000002,2.0599841277224584e-18
2023-06-30 04:00:00-05:00,-0.0009,True,0.000900000000000002,2.0599841277224584e-18
2023-06-30 05:00:00-05:00,-0.0009,True,0.000900000000000002,2.0599841277224584e-18
2023-06-30 06:00:00-05:00,-0.0009,True,0.000900000000000002,2.0599841277224584e-18
2023-06-30 07:00:00-05:00,-0.0009,True,0.0014781821501742192,0.0005781821501742192
2023-06-30 08:00:00-05:00,-0.0009,True,0.04808917525962206,0.04718917525962206
2023-06-30 09:00:00-05:00,-0.0009,True,0.09046076976815116,0.08956076976815117
2023-06-30 10:00:00-05:00,-0.0009,True,0.130486074287012,0.129586074287012
2023-06-30 11:00:00-05:00,0.08349430716405268,True,0.10370550406652695,0.18719981123057963
2023-06-30 12:00:00-05:00,0.16753101171997786,True,0.1047302260552424,0.27226123777522027
2023-06-30 13:00:00-05:00,0.2234531893111879,True,0.08804381296622055,0.31149700227740845
2023-06-30 14:00:00-05:00,0.24813326131240052,True,0.05475562320867262,0.30288888452107315
2023-06-30 15:00:00-05:00,0.2513946752662857,True,0.03272548847499854,0.28412016374128424
2023-06-30 16:00:00-05:00,0.22960102354823922,True,-0.16504932652636053,0.06455169702187868
2023-06-30 17:00:00-05:00,0.18876751179468745,True,-0.17096998073144806,0.01779753106323939
2023-06-30 18:00:00-05:00,0.19663012428480647,True,-0.17745099064788508,0.01917913363692139
2023-06-30 19:00:00-05:00,0.14714760723940584,True,-0.11546232649586725,0.03168528074353859
2023-06-30 20:00:00-05:00,0.10431587365905909,True,-0.10221314123067403,0.0021027324283850596
2023-06-30 21:00:00-05:00,0.02299032382324027,True,-0.019378000218037306,0.0036123236052029647
2023-06-30 22:00:00-05:00,-0.0009,True,0.0008999999999999991,-8.673617379884035e-19
2023-06-30 23:00:00-05:00,-0.0009,True,0.0008999999999999991,-8.673617379884035e-19
2023-07-01 00:00:00-05:00,-0.0009,True,0.000900000000000002,2.0599841277224584e-18
2023-07-01 01:00:00-05:00,-0.0009,True,0.000900000000000002,2.0599841277224584e-18
2023-07-01 02:00:00-05:00,-0.0009,True,0.000900000000000002,2.0599841277224584e-18
2023-07-01 03:00:00-05:00,-0.0009,True,0.000900000000000002,2.0599841277224584e-18
2023-07-01 04:00:00-05:00,-0.0009,True,0.000900000000000002,2.0599841277224584e-18
2023-07-01 05:00:00-05:00,-0.0009,True,0.000900000000000002,2.0599841277224584e-18
2023-07-01 06:00:00-05:00,-0.0009,True,0.000900000000000002,2.0599841277224584e-18
2023-07-01 07:00:00-05:00,-0.0009,True,0.0010075954275842128,0.00010759542758421287
2023-07-01 08:00:00-05:00,-0.0009,True,0.03304232115769629,0.032142321157696295
2023-07-01 09:00:00-05:00,-0.0009,True,0.08396792584198762,0.08306792584198762
2023-07-01 10:00:00-05:00,-0.0009,True,0.10806149105037238,0.10716149105037238
2023-07-01 11:00:00-05:00,0.015926121059756868,True,0.10713705211427536,0.12306317317403223
2023-07-01 12:00:00-05:00,0.18524298211123405,True,0.0909489162516063,0.27619189836284036
2023-07-01 13:00:00-05:00,0.06726869368436764,True,0.12271870235783977,0.1899873960422074
2023-07-01 14:00:00-05:00,0.08865551076249073,True,0.1362479533429941,0.22490346410548484
2023-07-01 15:00:00-05:00,0.25607925551951016,True,0.029725651623827554,0.2858049071433377
2023-07-01 16:00:00-05:00,0.22277831786978827,True,-0.10888195409298045,0.11389636377680783
2023-07-01 17:00:00-05:00,0.18384383201434648,True,-0.16822864722595288,0.015615184788393605
2023-07-01 18:00:00-05:00,0.17137944386494441,True,-0.14890005357518274,0.022479390289761675
2023-07-01 19:00:00-05:00,0.1404130770610825,True,-0.10406974053189495,0.036343336529187545
2023-07-01 20:00:00-05:00,0.11994781755217117,True,-0.10196413193691871,0.01798368561525246
2023-07-01 21:00:00-05:00,0.07111835131591035,True,-0.07004462970329667,0.0010737216126136817
2023-07-01 22:00:00-05:00,0.03825068715852891,True,-0.03481084844598891,0.00343983871254
2023-07-01 23:00:00-05:00,0.01042423166371764,True,-0.010472274183356962,-4.804251963932103e-05
2023-07-02 00:00:00-05:00,-0.0009,True,0.000900000000000002,2.0599841277224584e-18
2023-07-02 01:00:00-05:00,-0.0009,True,0.000900000000000002,2.0599841277224584e-18
2023-07-02 02:00:00-05:00,-0.0009,True,0.000900000000000002,2.0599841277224584e-18
2023-07-02 03:00:00-05:00,-0.0009,True,0.000900000000000002,2.0599841277224584e-18
2023-07-02 04:00:00-05:00,-0.0009,True,0.000900000000000002,2.0599841277224584e-18
2023-07-02 05:00:00-05:00,-0.0009,True,0.000900000000000002,2.0599841277224584e-18
2023-07-02 06:00:00-05:00,-0.0009,True,0.000900000000000002,2.0599841277224584e-18
2023-07-02 07:00:00-05:00,-0.0009,True,0.0010165103920131962,0.00011651039201319622
2023-07-02 08:00:00-05:00,-0.0009,True,0.03416955303042952,0.03326955303042952
2023-07-02 09:00:00-05:00,-0.0009,True,0.0784929092586021,0.0775929092586021
2023-07-02 10:00:00-05:00,-0.0009,True,0.10006925701466196,0.09916925701466196
2023-07-02 11:00:00-05:00,0.030856234570023115,True,0.09863382453559576,0.12949005910561887
2023-07-02 12:00:00-05:00,0.03590290541946433,True,0.11686027563621003,0.15276318105567435
2023-07-02 13:00:00-05:00,0.04659148734180572,True,0.11306547933647494,0.15965696667828067
2023-07-02 14:00:00-05:00,0.1544552143146965,True,0.07141678904806517,0.22587200336276167
2023-07-02 15:00:00-05:00,0.17394196640705867,True,0.0445865603178671,0.21852852672492576
2023-07-02 16:00:00-05:00,0.16834486910930632,True,-0.04612166969022227,0.12222319941908405
2023-07-02 17:00:00-05:00,0.17296837921219385,True,-0.14907923740530524,0.023889141806888614
2023-07-02 18:00:00-05:00,0.14991757848163448,True,-0.1355610231044364,0.014356555377198071
2023-07-02 19:00:00-05:00,0.12863052511661227,True,-0.10209628322154965,0.02653424189506262
2023-07-02 20:00:00-05:00,0.10747152402570649,True,-0.09457097734611901,0.012900546679587482
2023-07-02 21:00:00-05:00,0.08600795429275265,True,-0.08853531097700876,-0.0025273566842561046
2023-07-02 22:00:00-05:00,0.007174697102817486,True,-0.008365905641358216,-0.0011912085385407303
2023-07-02 23:00:00-05:00,-0.0009,True,0.0008999999999999991,-8.673617379884035e-19
2023-07-03 00:00:00-05:00,-0.0009,True,0.000900000000000002,2.0599841277224584e-18
2023-07-03 01:00:00-05:00,-0.0009,True,0.000900000000000002,2.0599841277224584e-18
2023-07-03 02:00:00-05:00,-0.0009,True,0.000900000000000002,2.0599841277224584e-18
2023-07-03 03:00:00-05:00,-0.0009,True,0.000900000000000002,2.0599841277224584e-18
2023-07-03 04:00:00-05:00,-0.0009,True,0.000900000000000002,2.0599841277224584e-18
2023-07-03 05:00:00-05:00,-0.0009,True,0.000900000000000002,2.0599841277224584e-18
2023-07-03 06:00:00-05:00,-0.0009,True,0.000900000000000002,2.0599841277224584e-18
2023-07-03 07:00:00-05:00,-0.0009,True,0.0010064213241807857,0.00010642132418078572
2023-07-03 08:00:00-05:00,-0.0009,True,0.03881566955532146,0.03791566955532146
2023-07-03 09:00:00-05:00,-0.0009,True,0.08723690817031392,0.08633690817031392
2023-07-03 10:00:00-05:00,0.01921086747553949,True,0.13115419501459036,0.15036506249012985
2023-07-03 11:00:00-05:00,0.16161000653154228,True,0.10228113868588853,0.26389114521743084
2023-07-03 12:00:00-05:00,0.028665180737961368,True,0.13456222660981695,0.16322740734777832
2023-07-03 13:00:00-05:00,0.02190367802518155,True,0.14383837930616136,0.16574205733134292
2023-07-03 14:00:00-05:00,0.14221443679434817,True,0.09016085873979898,0.23237529553414715
2023-07-03 15:00:00-05:00,0.12597347442573334,True,0.06515555853113655,0.1911290329568699
2023-07-03 16:00:00-05:00,0.21664657841509244,True,-0.08576141249377897,0.13088516592131347
2023-07-03 17:00:00-05:00,0.19502379402540249,True,-0.17791188745400457,0.01711190657139791
2023-07-03 18:00:00-05:00,0.0837373077872905,True,-0.09327047424565588,-0.009533166458365383
2023-07-03 19:00:00-05:00,0.04825252490328888,True,-0.0507639877948059,-0.002511462891517019
2023-07-03 20:00:00-05:00,0.08806458749089228,True,-0.09841558557890716,-0.010350998088014873
2023-07-03 21:00:00-05:00,0.010748423597505474,True,-0.014270442781849794,-0.0035220191843443206
2023-07-03 22:00:00-05:00,0.028792424856761874,True,-0.02507245736050183,0.0037199674962600446
2023-07-03 23:00:00-05:00,0.015280270968345009,True,-0.015237551583692683,4.2719384652325706e-05
2023-07-04 00:00:00-05:00,-0.0009,True,0.000900000000000002,2.0599841277224584e-18
2023-07-04 01:00:00-05:00,-0.0009,True,0.000900000000000002,2.0599841277224584e-18
2023-07-04 02:00:00-05:00,-0.0009,True,0.000900000000000002,2.0599841277224584e-18
2023-07-04 03:00:00-05:00,-0.0009,True,0.000900000000000002,2.0599841277224584e-18
2023-07-04 04:00:00-05:00,-0.0009,True,0.000900000000000002,2.0599841277224584e-18
2023-07-04 05:00:00-05:00,-0.0009,True,0.000900000000000002,2.0599841277224584e-18
2023-07-04 06:00:00-05:00,-0.0009,True,0.000900000000000002,2.0599841277224584e-18
2023-07-04 07:00:00-05:00,-0.0009,True,0.0010059347620627569,0.00010593476206275688
2023-07-04 08:00:00-05:00,-0.0009,True,0.03950938220507872,0.03860938220507872
2023-07-04 09:00:00-05:00,-0.0009,True,0.10580621354882748,0.10490621354882748
2023-07-04 10:00:00-05:00,0.01128716508646348,True,0.15030574975058406,0.16159291483704755
2023-07-04 11:00:00-05:00,0.14930422111310201,True,0.10312060279531637,0.25242482390841836
2023-07-04 12:00:00-05:00,0.23107487611607694,True,0.08551946698432361,0.3165943431004006
2023-07-04 13:00:00-05:00,0.2663510445067909,True,0.07917673746542868,0.3455277819722196
2023-07-04 14:00:00-05:00,0.27252852570049735,True,0.03401871401430226,0.3065472397147996
2023-07-04 15:00:00-05:00,0.2563064866638527,True,-0.002058487151046058,0.25424799951280663
2023-07-04 16:00:00-05:00,0.21907627465872112,True,-0.10734990005314454,0.11172637460557658
2023-07-04 17:00:00-05:00,0.10817851368660288,True,-0.0920131342179292,0.016165379468673677
2023-07-04 18:00:00-05:00,0.04358608778298548,True,-0.04391618474031616,-0.00033009695733068195
2023-07-04 19:00:00-05:00,0.10347697861332683,True,-0.10199027317254902,0.001486705440777808
2023-07-04 20:00:00-05:00,0.010567172557037737,True,-0.014139718441425071,-0.003572545884387334
2023-07-04 21:00:00-05:00,0.008973722446732873,True,-0.011212892743375592,-0.0022391702966427195
2023-07-04 22:00:00-05:00,0.0067916294862723735,True,-0.009027268786602616,-0.0022356393003302426
2023-07-04 23:00:00-05:00,0.024967892977422912,True,-0.02302568114958172,0.0019422118278411907
2023-07-05 00:00:00-05:00,-0.0009,True,0.000900000000000002,2.0599841277224584e-18
2023-07-05 01:00:00-05:00,-0.0009,True,0.000900000000000002,2.0599841277224584e-18
2023-07-05 02:00:00-05:00,-0.0009,True,0.000900000000000002,2.0599841277224584e-18
2023-07-05 03:00:00-05:00,-0.0009,True,0.000900000000000002,2.0599841277224584e-18
2023-07-05 04:00:00-05:00,-0.0009,True,0.000900000000000002,2.0599841277224584e-18
2023-07-05 05:00:00-05:00,-0.0009,True,0.000900000000000002,2.0599841277224584e-18
2023-07-05 06:00:00-05:00,-0.0009,True,0.000900000000000002,2.0599841277224584e-18
2023-07-05 07:00:00-05:00,-0.0009,True,0.0010065614830834016,0.00010656148308340165
2023-07-05 08:00:00-05:00,-0.0009,True,0.039595340592085,0.038695340592085
2023-07-05 09:00:00-05:00,-0.0009,True,0.108597034300102,0.107697034300102
2023-07-05 10:00:00-05:00,-0.0009,True,0.15379844380749452,0.1528984438074945
2023-07-05 11:00:00-05:00,0.05593385169452322,True,0.11300267496690017,0.1689365266614234
2023-07-05 12:00:00-05:00,0.1992239123310954,True,0.0943645933795045,0.2935885057105999
2023-07-05 13:00:00-05:00,0.2771764680810435,True,0.07029865882085627,0.3474751269018998
2023-07-05 14:00:00-05:00,0.262685331154892,True,0.05313013383917317,0.3158154649940652
2023-07-05 15:00:00-05:00,0.2566015238751712,True,-0.0126709069146996,0.2439306169604716
2023-07-05 16:00:00-05:00,0.219347112254068,True,-0.09891818144707042,0.12042893080699758
2023-07-05 17:00:00-05:00,0.1720701887275479,True,-0.14685866219276714,0.02521152653478076
2023-07-05 18:00:00-05:00,0.12411559038041697,True,-0.1051235467199493,0.018992043660467667
2023-07-05 19:00:00-05:00,0.12602890212540535,True,-0.10374720708168782,0.022281695043717534
2023-07-05 20:00:00-05:00,0.02377693017924932,True,-0.02093715931488143,0.002839770864367888
2023-07-05 21:00:00-05:00,0.08161704829089186,True,-0.0827429176190631,-0.0011258693281712417
2023-07-05 22:00:00-05:00,0.005188073520341358,True,-0.0069216037841759006,-0.0017335302638345424
2023-07-05 23:00:00-05:00,-0.0009,True,0.0008999999999999991,-8.673617379884035e-19
2023-07-06 00:00:00-05:00,-0.0009,True,0.000900000000000002,2.0599841277224584e-18
2023-07-06 01:00:00-05:00,-0.0009,True,0.000900000000000002,2.0599841277224584e-18
2023-07-06 02:00:00-05:00,-0.0009,True,0.000900000000000002,2.0599841277224584e-18
2023-07-06 03:00:00-05:00,-0.0009,True,0.000900000000000002,2.0599841277224584e-18
2023-07-06 04:00:00-05:00,-0.0009,True,0.000900000000000002,2.0599841277224584e-18
2023-07-06 05:00:00-05:00,-0.0009,True,0.000900000000000002,2.0599841277224584e-18
2023-07-06 06:00:00-05:00,-0.0009,True,0.000900000000000002,2.0599841277224584e-18
2023-07-06 07:00:00-05:00,-0.0009,True,0.0010165103920131962,0.00011651039201319622
2023-07-06 08:00:00-05:00,-0.0009,True,0.03185213679388306,0.030952136793883058
2023-07-06 09:00:00-05:00,-0.0009,True,0.08689283013186382,0.08599283013186382
2023-07-06 10:00:00-05:00,0.01651725104526088,True,0.13414123933746894,0.15065849038272983
2023-07-06 11:00:00-05:00,0.15902245267877457,True,0.10867042221121513,0.2676928748899897
2023-07-06 12:00:00-05:00,0.23551890068545311,True,0.08989299845014206,0.3254118991355952
2023-07-06 13:00:00-05:00,0.26754597714900163,True,0.08086322438989874,0.34840920153890037
2023-07-06 14:00:00-05:00,0.2714058643596996,True,0.00940078172723189,0.2808066460869315
2023-07-06 15:00:00-05:00,0.2544409769134598,True,-0.003829126286912165,0.2506118506265476
2023-07-06 16:00:00-05:00,0.18707898400276265,True,-0.04929738082752083,0.13778160317524182
2023-07-06 17:00:00-05:00,0.16693312768387006,True,-0.14590395600275394,0.02102917168111612
2023-07-06 18:00:00-05:00,0.14334358999719302,True,-0.1091256217978871,0.03421796819930592
2023-07-06 19:00:00-05:00,0.11350437281817213,True,-0.09192981633747138,0.02157455648070075
2023-07-06 20:00:00-05:00,0.04463475227503363,True,-0.040241413497477806,0.004393338777555822
2023-07-06 21:00:00-05:00,0.06983151567540513,True,-0.07086134125574149,-0.0010298255803363604
2023-07-06 22:00:00-05:00,0.011121032175471222,True,-0.012794466390243803,-0.0016734342147725813
2023-07-06 23:00:00-05:00,0.00792035548852699,True,-0.006489572685616202,0.0014307828029107884
2023-07-07 00:00:00-05:00,-0.0009,True,0.000900000000000002,2.0599841277224584e-18
2023-07-07 01:00:00-05:00,-0.0009,True,0.000900000000000002,2.0599841277224584e-18
2023-07-07 02:00:00-05:00,-0.0009,True,0.000900000000000002,2.0599841277224584e-18
2023-07-07 03:00:00-05:00,-0.0009,True,0.000900000000000002,2.0599841277224584e-18
2023-07-07 04:00:00-05:00,-0.0009,True,0.000900000000000002,2.0599841277224584e-18
2023-07-07 05:00:00-05:00,-0.0009,True,0.000900000000000002,2.0599841277224584e-18
2023-07-07 06:00:00-05:00,-0.0009,True,0.000900000000000002,2.0599841277224584e-18
2023-07-07 07:00:00-05:00,-0.0009,True,0.0010165103920131962,0.00011651039201319622
2023-07-07 08:00:00-05:00,-0.0009,True,0.03206359814906862,0.031163598149068616
2023-07-07 09:00:00-05:00,-0.0009,True,0.08196603688724091,0.08106603688724091
2023-07-07 10:00:00-05:00,0.009964231369534131,True,0.13358382506849847,0.14354805643803262
2023-07-07 11:00:00-05:00,0.15066204239597494,True,0.10175440090485006,0.252416443300825
2023-07-07 12:00:00-05:00,0.2287806573658232,True,0.09312589282008918,0.3219065501859124
2023-07-07 13:00:00-05:00,0.2618603021175426,True,0.08685223266327885,0.3487125347808214
2023-07-07 14:00:00-05:00,0.2678946260984113,True,0.045778798172816625,0.3136734242712279
2023-07-07 15:00:00-05:00,0.25173996717493974,True,0.0004715836244842847,0.25221155079942403
2023-07-07 16:00:00-05:00,0.2169959045146254,True,-0.08317613489425695,0.13381976962036846
2023-07-07 17:00:00-05:00,0.05270376360780085,True,-0.05070898509861603,0.001994778509184822
2023-07-07 18:00:00-05:00,-0.0009,True,0.0008999999999999991,-8.673617379884035e-19
2023-07-07 19:00:00-05:00,0.12097330415177318,True,-0.10285738076575517,0.018115923386018015
2023-07-07 20:00:00-05:00,0.0635508037793608,True,-0.07593707922346965,-0.012386275444108849
2023-07-07 21:00:00-05:00,0.01881513130449806,True,-0.02072529672150431,-0.0019101654170062474
2023-07-07 22:00:00-05:00,0.039815520417398824,True,-0.04023064487537176,-0.00041512445797293324
2023-07-07 23:00:00-05:00,-0.0009,True,0.0008999999999999991,-8.673617379884035e-19
2023-07-08 00:00:00-05:00,-0.0009,True,0.000900000000000002,2.0599841277224584e-18
2023-07-08 01:00:00-05:00,-0.0009,True,0.000900000000000002,2.0599841277224584e-18
2023-07-08 02:00:00-05:00,-0.0009,True,0.000900000000000002,2.0599841277224584e-18
2023-07-08 03:00:00-05:00,-0.0009,True,0.000900000000000002,2.0599841277224584e-18
2023-07-08 04:00:00-05:00,-0.0009,True,0.000900000000000002,2.0599841277224584e-18
2023-07-08 05:00:00-05:00,-0.0009,True,0.000900000000000002,2.0599841277224584e-18
2023-07-08 06:00:00-05:00,-0.0009,True,0.000900000000000002,2.0599841277224584e-18
2023-07-08 07:00:00-05:00,-0.0009,True,0.0010059347620627569,0.00010593476206275688
2023-07-08 08:00:00-05:00,-0.0009,True,0.0397626625905258,0.0388626625905258
2023-07-08 09:00:00-05:00,-0.0009,True,0.1039343104676943,0.1030343104676943
2023-07-08 10:00:00-05:00,-0.0009,True,0.14683951284862398,0.14593951284862397
2023-07-08 11:00:00-05:00,0.032676556968759395,True,0.10676375094541621,0.1394403079141756
2023-07-08 12:00:00-05:00,0.05982416860979377,True,0.12613585986288856,0.18596002847268234
2023-07-08 13:00:00-05:00,0.25861866906339337,True,0.09080693950246987,0.34942560856586324
2023-07-08 14:00:00-05:00,0.26699677189427584,True,0.04762748026928464,0.3146242521635605
2023-07-08 15:00:00-05:00,0.2526445579691435,True,-0.0010084507302127097,0.25163610723893076
2023-07-08 16:00:00-05:00,0.2016577425189495,True,-0.049559283542699964,0.15209845897624952
2023-07-08 17:00:00-05:00,0.1546934902725883,True,-0.1415269231815806,0.013166567091007692
2023-07-08 18:00:00-05:00,0.16567388373076236,True,-0.14381813533875978,0.021855748392002577
2023-07-08 19:00:00-05:00,0.10846609905320759,True,-0.10147526883240082,0.006990830220806765
2023-07-08 20:00:00-05:00,0.10458593201366417,True,-0.0937372832352282,0.01084864877843597
2023-07-08 21:00:00-05:00,0.09743332684700175,True,-0.08854133511542978,0.008891991731571972
2023-07-08 22:00:00-05:00,0.03856246235750687,True,-0.03808478447573857,0.0004776778817683
2023-07-08 23:00:00-05:00,0.03250928851984336,True,-0.02573556655423088,0.006773721965612479
2023-07-09 00:00:00-05:00,-0.0009,True,0.000900000000000002,2.0599841277224584e-18
2023-07-09 01:00:00-05:00,-0.0009,True,0.000900000000000002,2.0599841277224584e-18
2023-07-09 02:00:00-05:00,-0.0009,True,0.000900000000000002,2.0599841277224584e-18
2023-07-09 03:00:00-05:00,-0.0009,True,0.000900000000000002,2.0599841277224584e-18
2023-07-09 04:00:00-05:00,-0.0009,True,0.000900000000000002,2.0599841277224584e-18
2023-07-09 05:00:00-05:00,-0.0009,True,0.000900000000000002,2.0599841277224584e-18
2023-07-09 06:00:00-05:00,-0.0009,True,0.000900000000000002,2.0599841277224584e-18
2023-07-09 07:00:00-05:00,-0.0009,True,0.0010169969541312252,0.00011699695413122527
2023-07-09 08:00:00-05:00,-0.0009,True,0.03098387175499081,0.030083871754990808
2023-07-09 09:00:00-05:00,-0.0009,True,0.0798561023256112,0.0789561023256112
2023-07-09 10:00:00-05:00,-0.0009,True,0.10279792214251214,0.10189792214251214
2023-07-09 11:00:00-05:00,0.014585628807964301,True,0.1076405682280858,0.1222261970360501
2023-07-09 12:00:00-05:00,0.039610202789694765,True,0.11599799541039132,0.1556081982000861
2023-07-09 13:00:00-05:00,0.11968007568088347,True,0.09400600782277543,0.21368608350365892
2023-07-09 14:00:00-05:00,0.14089165567432627,True,0.08476039392331453,0.2256520495976408
2023-07-09 15:00:00-05:00,0.17214265738851317,True,0.04569193544484802,0.2178345928333612
2023-07-09 16:00:00-05:00,0.1649717209481646,True,-0.045178188343198276,0.11979353260496631
2023-07-09 17:00:00-05:00,0.1731494609111024,True,-0.146586514869774,0.02656294604132839
2023-07-09 18:00:00-05:00,0.17739556547306784,True,-0.15140205425771439,0.025993511215353454
2023-07-09 19:00:00-05:00,-0.0009,True,0.0008999999999999991,-8.673617379884035e-19
2023-07-09 20:00:00-05:00,-0.0009,True,0.0008999999999999991,-8.673617379884035e-19
2023-07-09 21:00:00-05:00,-0.0009,True,0.0008999999999999991,-8.673617379884035e-19
2023-07-09 22:00:00-05:00,0.014207341748788519,True,-0.011375591447146434,0.0028317503016420855
2023-07-09 23:00:00-05:00,-0.0009,True,0.0008999999999999991,-8.673617379884035e-19
2023-07-10 00:00:00-05:00,-0.0009,True,0.000900000000000002,2.0599841277224584e-18
2023-07-10 01:00:00-05:00,-0.0009,True,0.000900000000000002,2.0599841277224584e-18
2023-07-10 02:00:00-05:00,-0.0009,True,0.000900000000000002,2.0599841277224584e-18
2023-07-10 03:00:00-05:00,-0.0009,True,0.000900000000000002,2.0599841277224584e-18
2023-07-10 04:00:00-05:00,-0.0009,True,0.000900000000000002,2.0599841277224584e-18
2023-07-10 05:00:00-05:00,-0.0009,True,0.000900000000000002,2.0599841277224584e-18
2023-07-10 06:00:00-05:00,-0.0009,True,0.000900000000000002,2.0599841277224584e-18
2023-07-10 07:00:00-05:00,-0.0009,True,0.0010064213241807857,0.00010642132418078572
2023-07-10 08:00:00-05:00,-0.0009,True,0.040625856723028805,0.03972585672302881
2023-07-10 09:00:00-05:00,-0.0009,True,0.10731704683680456,0.10641704683680456
2023-07-10 10:00:00-05:00,-0.0009,True,0.14426836424474115,0.14336836424474114
2023-07-10 11:00:00-05:00,0.0300008236647514,True,0.11640942187570445,0.14641024554045584
2023-07-10 12:00:00-05:00,0.012145933616349533,True,0.13685048175901385,0.14899641537536337
2023-07-10 13:00:00-05:00,0.04183301791293535,True,0.12177159834044941,0.16360461625338477
2023-07-10 14:00:00-05:00,0.11023411164240268,True,0.08833434396250377,0.19856845560490644
2023-07-10 15:00:00-05:00,0.22019735843277555,True,0.031981312281173485,0.25217867071394906
2023-07-10 16:00:00-05:00,0.21526025011527286,True,-0.05516027340742274,0.16009997670785012
2023-07-10 17:00:00-05:00,0.16303804500434352,True,-0.14276929115607478,0.020268753848268733
2023-07-10 18:00:00-05:00,0.09828226926312292,True,-0.10276229683108655,-0.004480027567963632
2023-07-10 19:00:00-05:00,-0.0009,True,-0.004014213038081825,-0.004914213038081825
2023-07-10 20:00:00-05:00,-0.0009,True,-0.0037306164962233584,-0.004630616496223358
2023-07-10 21:00:00-05:00,-0.0009,True,-0.0006245767773138236,-0.0015245767773138237
2023-07-10 22:00:00-05:00,-0.0009,True,0.0002606694476205471,-0.0006393305523794529
2023-07-10 23:00:00-05:00,-0.0009,True,0.0008999999999999991,-8.673617379884035e-19
2023-07-11 00:00:00-05:00,-0.0009,True,0.000900000000000002,2.0599841277224584e-18
2023-07-11 01:00:00-05:00,-0.0009,True,0.000900000000000002,2.0599841277224584e-18
2023-07-11 02:00:00-05:00,-0.0009,True,0.000900000000000002,2.0599841277224584e-18
2023-07-11 03:00:00-05:00,-0.0009,True,0.000900000000000002,2.0599841277224584e-18
2023-07-11 04:00:00-05:00,-0.0009,True,0.000900000000000002,2.0599841277224584e-18
2023-07-11 05:00:00-05:00,-0.0009,True,0.000900000000000002,2.0599841277224584e-18
2023-07-11 06:00:00-05:00,-0.0009,True,0.000900000000000002,2.0599841277224584e-18
2023-07-11 07:00:00-05:00,-0.0009,True,0.0010059347620627569,0.00010593476206275688
2023-07-11 08:00:00-05:00,-0.0009,True,0.04207046543889205,0.04117046543889205
2023-07-11 09:00:00-05:00,-0.0009,True,0.10257467248782896,0.10167467248782897
2023-07-11 10:00:00-05:00,0.006778512381679744,True,0.14656722227295607,0.1533457346546358
2023-07-11 11:00:00-05:00,0.16294906799533657,True,0.09384145375445811,0.25679052174979466
2023-07-11 12:00:00-05:00,0.24625138954213882,True,0.07976896124465027,0.3260203507867891
2023-07-11 13:00:00-05:00,0.2797666586648926,True,0.07440581452392736,0.35417247318881995
2023-07-11 14:00:00-05:00,0.2832832948700918,True,0.00944736493620695,0.29273065980629875
2023-07-11 15:00:00-05:00,0.26483106334477663,True,-0.006990564995205379,0.25784049834957123
2023-07-11 16:00:00-05:00,0.22465010209364353,True,-0.12023004126486712,0.1044200608287764
2023-07-11 17:00:00-05:00,0.16416360543745592,True,-0.1421409369277731,0.02202266850968282
2023-07-11 18:00:00-05:00,0.0833415615625605,True,-0.09105189293112204,-0.007710331368561529
2023-07-11 19:00:00-05:00,-0.0009,True,-0.004909099945895519,-0.005809099945895519
2023-07-11 20:00:00-05:00,-0.0009,True,-0.004909099945895519,-0.005809099945895519
2023-07-11 21:00:00-05:00,-0.0009,True,-0.0036717653006410837,-0.004571765300641083
2023-07-11 22:00:00-05:00,-0.0009,True,2.451577402411313e-05,-0.0008754842259758868
2023-07-11 23:00:00-05:00,-0.0009,True,0.0008999999999999991,-8.673617379884035e-19
2023-07-12 00:00:00-05:00,-0.0009,True,0.000900000000000002,2.0599841277224584e-18
2023-07-12 01:00:00-05:00,-0.0009,True,0.000900000000000002,2.0599841277224584e-18
2023-07-12 02:00:00-05:00,-0.0009,True,0.000900000000000002,2.0599841277224584e-18
2023-07-12 03:00:00-05:00,-0.0009,True,0.000900000000000002,2.0599841277224584e-18
2023-07-12 04:00:00-05:00,-0.0009,True,0.000900000000000002,2.0599841277224584e-18
2023-07-12 05:00:00-05:00,-0.0009,True,0.000900000000000002,2.0599841277224584e-18
2023-07-12 06:00:00-05:00,-0.0009,True,0.000900000000000002,2.0599841277224584e-18
2023-07-12 07:00:00-05:00,-0.0009,True,0.0010059347620627569,0.00010593476206275688
2023-07-12 08:00:00-05:00,-0.0009,True,0.04189150690438184,0.040991506904381844
2023-07-12 09:00:00-05:00,-0.0009,True,0.10611542222990195,0.10521542222990195
2023-07-12 10:00:00-05:00,0.008058976471220634,True,0.14398065405987473,0.15203963053109537
2023-07-12 11:00:00-05:00,0.1613298428313585,True,0.10089509159842003,0.26222493442977857
2023-07-12 12:00:00-05:00,0.24285792530493006,True,0.08289671568900017,0.32575464099393026
2023-07-12 13:00:00-05:00,0.27513378616903217,True,0.07659427239569774,0.3517280585647299
2023-07-12 14:00:00-05:00,0.27908306534177707,True,0.010868880493743939,0.28995194583552103
2023-07-12 15:00:00-05:00,0.2604248514769711,True,-0.011199204781437684,0.2492256466955334
2023-07-12 16:00:00-05:00,0.21507350766190764,True,-0.055873717062305775,0.15919979059960188
2023-07-12 17:00:00-05:00,0.16430995340325463,True,-0.14185026593738936,0.02245968746586527
2023-07-12 18:00:00-05:00,0.11598914023702166,True,-0.10080306809097106,0.015186072146050597
2023-07-12 19:00:00-05:00,0.009751325236796622,True,-0.012989623170398064,-0.003238297933601442
2023-07-12 20:00:00-05:00,0.00909728646136481,True,-0.011185226708145141,-0.0020879402467803305
2023-07-12 21:00:00-05:00,0.030005864476892023,True,-0.026260256323978347,0.0037456081529136757
2023-07-12 22:00:00-05:00,0.006105755155025442,True,-0.008972531194606963,-0.002866776039581521
2023-07-12 23:00:00-05:00,-0.0009,True,0.0008999999999999991,-8.673617379884035e-19
2023-07-13 00:00:00-05:00,-0.0009,True,0.000900000000000002,2.0599841277224584e-18
2023-07-13 01:00:00-05:00,-0.0009,True,0.000900000000000002,2.0599841277224584e-18
2023-07-13 02:00:00-05:00,-0.0009,True,0.000900000000000002,2.0599841277224584e-18
2023-07-13 03:00:00-05:00,-0.0009,True,0.000900000000000002,2.0599841277224584e-18
2023-07-13 04:00:00-05:00,-0.0009,True,0.000900000000000002,2.0599841277224584e-18
2023-07-13 05:00:00-05:00,-0.0009,True,0.000900000000000002,2.0599841277224584e-18
2023-07-13 06:00:00-05:00,-0.0009,True,0.000900000000000002,2.0599841277224584e-18
2023-07-13 07:00:00-05:00,-0.0009,True,0.0010171128615635572,0.0001171128615635572
2023-07-13 08:00:00-05:00,-0.0009,True,0.04179492927868414,0.04089492927868414
2023-07-13 09:00:00-05:00,-0.0009,True,0.07652715407570006,0.07562715407570006
2023-07-13 10:00:00-05:00,-0.0009,True,0.09542613039508396,0.09452613039508397
2023-07-13 11:00:00-05:00,0.16457291145941014,True,0.09852733455171979,0.2631002460111299
2023-07-13 12:00:00-05:00,0.11354019995857849,True,0.1085572418543779,0.22209744181295638
2023-07-13 13:00:00-05:00,0.09081439824256426,True,0.10865500330859693,0.1994694015511612
2023-07-13 14:00:00-05:00,0.18746694741803005,True,0.07663946132263039,0.26410640874066044
2023-07-13 15:00:00-05:00,0.2606920045389509,True,-0.004801776523803436,0.2558902280151475
2023-07-13 16:00:00-05:00,0.22087105087745176,True,-0.1064675190556812,0.11440353182177056
2023-07-13 17:00:00-05:00,0.16417714524265598,True,-0.13933819522737273,0.024838950015283245
2023-07-13 18:00:00-05:00,0.11417894699405977,True,-0.10036510561972292,0.013813841374336847
2023-07-13 19:00:00-05:00,0.006232966608560609,True,-0.010125701702861332,-0.003892735094300723
2023-07-13 20:00:00-05:00,0.08737018620920836,True,-0.0960762246747836,-0.008706038465575244
2023-07-13 21:00:00-05:00,0.007373953384262208,True,-0.009737178004820208,-0.0023632246205579997
2023-07-13 22:00:00-05:00,0.007646024792571151,True,-0.008913677971024686,-0.0012676531784535355
2023-07-13 23:00:00-05:00,0.005257339558042282,True,-0.006063392954291246,-0.0008060533962489635
2023-07-14 00:00:00-05:00,-0.0009,True,0.000900000000000002,2.0599841277224584e-18
2023-07-14 01:00:00-05:00,-0.0009,True,0.000900000000000002,2.0599841277224584e-18
2023-07-14 02:00:00-05:00,-0.0009,True,0.000900000000000002,2.0599841277224584e-18
2023-07-14 03:00:00-05:00,-0.0009,True,0.000900000000000002,2.0599841277224584e-18
2023-07-14 04:00:00-05:00,-0.0009,True,0.000900000000000002,2.0599841277224584e-18
2023-07-14 05:00:00-05:00,-0.0009,True,0.000900000000000002,2.0599841277224584e-18
2023-07-14 06:00:00-05:00,-0.0009,True,0.000900000000000002,2.0599841277224584e-18
2023-07-14 07:00:00-05:00,-0.0009,True,0.0010069125444968732,0.00010691254449687318
2023-07-14 08:00:00-05:00,-0.0009,True,0.04160922855134427,0.04070922855134427
2023-07-14 09:00:00-05:00,-0.0009,True,0.08104184892883894,0.08014184892883894
2023-07-14 10:00:00-05:00,-0.0009,True,0.0936412132571428,0.0927412132571428
2023-07-14 11:00:00-05:00,0.1225288493438661,True,0.09112620161120455,0.21365505095507065
2023-07-14 12:00:00-05:00,0.13942040401489475,True,0.10575630795082408,0.24517671196571883
2023-07-14 13:00:00-05:00,0.2631031188316617,True,0.07820752510381289,0.3413106439354746
2023-07-14 14:00:00-05:00,0.25494686183250426,True,0.05540376246903041,0.31035062430153465
2023-07-14 15:00:00-05:00,0.2569493134267769,True,-0.0019259984100154137,0.2550233150167615
2023-07-14 16:00:00-05:00,0.14049284972664314,True,-0.03150495262169187,0.10898789710495127
2023-07-14 17:00:00-05:00,0.1614421155635802,True,-0.14178993674514764,0.019652178818432564
2023-07-14 18:00:00-05:00,0.08682692116140527,True,-0.09522296413933512,-0.008396042977929855
2023-07-14 19:00:00-05:00,0.10796084758990189,True,-0.10126484837306103,0.006695999216840859
2023-07-14 20:00:00-05:00,0.06411721475458726,True,-0.07393992130436418,-0.009822706549776919
2023-07-14 21:00:00-05:00,0.037395284527746556,True,-0.037932205954044944,-0.0005369214262983882
2023-07-14 22:00:00-05:00,-0.0009,True,0.0008999999999999991,-8.673617379884035e-19
2023-07-14 23:00:00-05:00,0.017440322887436358,True,-0.016542731174810463,0.0008975917126258955
2023-07-15 00:00:00-05:00,-0.0009,True,0.000900000000000002,2.0599841277224584e-18
2023-07-15 01:00:00-05:00,-0.0009,True,0.000900000000000002,2.0599841277224584e-18
2023-07-15 02:00:00-05:00,-0.0009,True,0.000900000000000002,2.0599841277224584e-18
2023-07-15 03:00:00-05:00,-0.0009,True,0.000900000000000002,2.0599841277224584e-18
2023-07-15 04:00:00-05:00,-0.0009,True,0.000900000000000002,2.0599841277224584e-18
2023-07-15 05:00:00-05:00,-0.0009,True,0.000900000000000002,2.0599841277224584e-18
2023-07-15 06:00:00-05:00,-0.0009,True,0.000900000000000002,2.0599841277224584e-18
2023-07-15 07:00:00-05:00,-0.0009,True,0.0010278294793892792,0.00012782947938927923
2023-07-15 08:00:00-05:00,-0.0009,True,0.040710155694713056,0.03981015569471306
2023-07-15 09:00:00-05:00,-0.0009,True,0.09529107734105245,0.09439107734105245
2023-07-15 10:00:00-05:00,-0.0009,True,0.12550038162740612,0.12460038162740612
2023-07-15 11:00:00-05:00,0.15452988950574584,True,0.09513653643096971,0.24966642593671556
2023-07-15 12:00:00-05:00,0.23750746140125875,True,0.08695353920356769,0.3244610006048264
2023-07-15 13:00:00-05:00,0.2704907630790266,True,0.07751920053805543,0.34800996361708203
2023-07-15 14:00:00-05:00,0.2741823121388214,True,0.008541239389252697,0.2827235515280741
2023-07-15 15:00:00-05:00,0.255976670429896,True,-0.008162341187777417,0.2478143292421186
2023-07-15 16:00:00-05:00,0.21716527118389894,True,-0.0851268389276816,0.13203843225621736
2023-07-15 17:00:00-05:00,0.1690477905392852,True,-0.14357018293129722,0.02547760760798798
2023-07-15 18:00:00-05:00,0.1024158120999008,True,-0.09750949566760166,0.004906316432299149
2023-07-15 19:00:00-05:00,0.09125036396716071,True,-0.09789056998456021,-0.006640206017399494
2023-07-15 20:00:00-05:00,0.05039581688434861,True,-0.0512199576026709,-0.0008241407183222915
2023-07-15 21:00:00-05:00,0.046522325959750734,True,-0.04658276329533506,-6.043733558432768e-05
2023-07-15 22:00:00-05:00,0.015076379496066699,True,-0.016137608387543995,-0.0010612288914772956
2023-07-15 23:00:00-05:00,0.03483795097023969,True,-0.029645045805239915,0.005192905164999772
2023-07-16 00:00:00-05:00,-0.0009,True,0.000900000000000002,2.0599841277224584e-18
2023-07-16 01:00:00-05:00,-0.0009,True,0.000900000000000002,2.0599841277224584e-18
2023-07-16 02:00:00-05:00,-0.0009,True,0.000900000000000002,2.0599841277224584e-18
2023-07-16 03:00:00-05:00,-0.0009,True,0.000900000000000002,2.0599841277224584e-18
2023-07-16 04:00:00-05:00,-0.0009,True,0.000900000000000002,2.0599841277224584e-18
2023-07-16 05:00:00-05:00,-0.0009,True,0.000900000000000002,2.0599841277224584e-18
2023-07-16 06:00:00-05:00,-0.0009,True,0.000900000000000002,2.0599841277224584e-18
2023-07-16 07:00:00-05:00,-0.0009,True,0.0010459569264774293,0.00014595692647742932
2023-07-16 08:00:00-05:00,-0.0009,True,0.0302550466620418,0.0293550466620418
2023-07-16 09:00:00-05:00,-0.0009,True,0.06990433051084108,0.06900433051084108
2023-07-16 10:00:00-05:00,-0.0009,True,0.07918993666116174,0.07828993666116174
2023-07-16 11:00:00-05:00,0.011591714390257106,True,0.09636605396994385,0.10795776836020096
2023-07-16 12:00:00-05:00,0.05809837970396469,True,0.10942581082625966,0.16752419053022435
2023-07-16 13:00:00-05:00,0.05747293208937431,True,0.11104041738667712,0.16851334947605143
2023-07-16 14:00:00-05:00,0.03131485233647992,True,0.11924720706659184,0.15056205940307177
2023-07-16 15:00:00-05:00,0.06554094752575376,True,0.06893216709696932,0.1344731146227231
2023-07-16 16:00:00-05:00,0.04686240373055867,True,0.008471871019230625,0.055334274749789296
2023-07-16 17:00:00-05:00,0.058297631631701825,True,-0.05961199978274281,-0.0013143681510409816
2023-07-16 18:00:00-05:00,0.0425799322668413,True,-0.040658856119808746,0.0019210761470325535
2023-07-16 19:00:00-05:00,-0.0009,True,0.0008999999999999991,-8.673617379884035e-19
2023-07-16 20:00:00-05:00,0.10490224495856355,True,-0.08929366907515085,0.015608575883412704
2023-07-16 21:00:00-05:00,0.06960215351113488,True,-0.07558326002741754,-0.0059811065162826554
2023-07-16 22:00:00-05:00,0.053028880407286275,True,-0.05330818320876127,-0.00027930280147499265
2023-07-16 23:00:00-05:00,0.009614705331061074,True,-0.008364203499364757,0.001250501831696317
2023-07-17 00:00:00-05:00,-0.0009,True,0.000900000000000002,2.0599841277224584e-18
2023-07-17 01:00:00-05:00,-0.0009,True,0.0009000000000000019,1.951563910473908e-18
2023-07-17 02:00:00-05:00,-0.0009,True,0.000900000000000002,2.0599841277224584e-18
2023-07-17 03:00:00-05:00,-0.0009,True,0.000900000000000002,2.0599841277224584e-18
2023-07-17 04:00:00-05:00,-0.0009,True,0.000900000000000002,2.0599841277224584e-18
2023-07-17 05:00:00-05:00,-0.0009,True,0.000900000000000002,2.0599841277224584e-18
2023-07-17 06:00:00-05:00,-0.0009,True,0.000900000000000002,2.0599841277224584e-18
2023-07-17 07:00:00-05:00,-0.0009,True,0.0010443352043438508,0.00014433520434385086
2023-07-17 08:00:00-05:00,-0.0009,True,0.04025166658945317,0.039351666589453174
2023-07-17 09:00:00-05:00,-0.0009,True,0.10675521656862985,0.10585521656862985
2023-07-17 10:00:00-05:00,-0.0009,True,0.12363520027780989,0.12273520027780989
2023-07-17 11:00:00-05:00,0.08904621896021489,True,0.10222898413509432,0.1912752030953092
2023-07-17 12:00:00-05:00,0.17290759880575002,True,0.08687141897972968,0.2597790177854797
2023-07-17 13:00:00-05:00,0.22016893292153894,True,0.08072481800458808,0.300893750926127
2023-07-17 14:00:00-05:00,0.1843143158545502,True,0.061274221564686523,0.2455885374192367
2023-07-17 15:00:00-05:00,0.2227188239239751,True,0.04610381131567806,0.26882263523965316
2023-07-17 16:00:00-05:00,0.22588315032232234,True,-0.11182504634320514,0.1140581039791172
2023-07-17 17:00:00-05:00,0.1904363130623478,True,-0.17251061863858325,0.017925694423764543
2023-07-17 18:00:00-05:00,0.13293505257734003,True,-0.10611754538820889,0.026817507189131146
2023-07-17 19:00:00-05:00,0.05884560479466592,True,-0.07205357795751988,-0.013207973162853957
2023-07-17 20:00:00-05:00,0.05342949311470613,True,-0.05573183735142554,-0.0023023442367194127
2023-07-17 21:00:00-05:00,0.09697148078519022,True,-0.0951763291121055,0.0017951516730847217
2023-07-17 22:00:00-05:00,0.03669901425241009,True,-0.03761219832344939,-0.0009131840710393038
2023-07-17 23:00:00-05:00,0.018888301897638255,True,-0.020271517931233017,-0.001383216033594762
2023-07-18 00:00:00-05:00,-0.0009,True,0.000900000000000002,2.0599841277224584e-18
2023-07-18 01:00:00-05:00,-0.0009,True,0.000900000000000002,2.0599841277224584e-18
2023-07-18 02:00:00-05:00,-0.0009,True,0.000900000000000002,2.0599841277224584e-18
2023-07-18 03:00:00-05:00,-0.0009,True,0.000900000000000002,2.0599841277224584e-18
2023-07-18 04:00:00-05:00,-0.0009,True,0.000900000000000002,2.0599841277224584e-18
2023-07-18 05:00:00-05:00,-0.0009,True,0.000900000000000002,2.0599841277224584e-18
2023-07-18 06:00:00-05:00,-0.0009,True,0.000900000000000002,2.0599841277224584e-18
2023-07-18 07:00:00-05:00,-0.0009,True,0.001365498343784027,0.000465498343784027
2023-07-18 08:00:00-05:00,-0.0009,True,0.0476491435670595,0.0467491435670595
2023-07-18 09:00:00-05:00,-0.0009,True,0.09198751187748679,0.09108751187748679
2023-07-18 10:00:00-05:00,-0.0009,True,0.12556083865046547,0.12466083865046547
2023-07-18 11:00:00-05:00,0.08651218642891788,True,0.11198035885179879,0.19849254528071666
2023-07-18 12:00:00-05:00,0.1874584440678036,True,0.09239235078406201,0.2798507948518656
2023-07-18 13:00:00-05:00,0.23988816012691178,True,0.08217813503998954,0.32206629516690133
2023-07-18 14:00:00-05:00,0.25726409888882074,True,0.0470767157040386,0.30434081459285933
2023-07-18 15:00:00-05:00,0.2501941339505623,True,0.025742619205996346,0.27593675315655863
2023-07-18 16:00:00-05:00,0.22149854462013138,True,-0.10370287868185123,0.11779566593828016
2023-07-18 17:00:00-05:00,0.17495004363977948,True,-0.14435453823044436,0.030595505409335116
2023-07-18 18:00:00-05:00,0.16940129618621066,True,-0.14241706756284206,0.026984228623368606
2023-07-18 19:00:00-05:00,0.02744173787487373,True,-0.024922697813491598,0.002519040061382132
2023-07-18 20:00:00-05:00,0.02748243939925093,True,-0.024922697813491598,0.0025597415857593307
2023-07-18 21:00:00-05:00,0.02614451845265538,True,-0.023762533515392027,0.002381984937263354
2023-07-18 22:00:00-05:00,0.02231033733506956,True,-0.021335649249055056,0.0009746880860145024
2023-07-18 23:00:00-05:00,0.013602349385318702,True,-0.014739500642035178,-0.0011371512567164756
2023-07-19 00:00:00-05:00,-0.0009,True,0.000900000000000002,2.0599841277224584e-18
2023-07-19 01:00:00-05:00,-0.0009,True,0.000900000000000002,2.0599841277224584e-18
2023-07-19 02:00:00-05:00,-0.0009,True,0.000900000000000002,2.0599841277224584e-18
2023-07-19 03:00:00-05:00,-0.0009,True,0.000900000000000002,2.0599841277224584e-18
2023-07-19 04:00:00-05:00,-0.0009,True,0.000900000000000002,2.0599841277224584e-18
2023-07-19 05:00:00-05:00,-0.0009,True,0.000900000000000002,2.0599841277224584e-18
2023-07-19 06:00:00-05:00,-0.0009,True,0.000900000000000002,2.0599841277224584e-18
2023-07-19 07:00:00-05:00,-0.0009,True,0.0014486423526677147,0.0005486423526677147
2023-07-19 08:00:00-05:00,-0.0009,True,0.03864522133714379,0.037745221337143794
2023-07-19 09:00:00-05:00,-0.0009,True,0.07532253381166287,0.07442253381166287
2023-07-19 10:00:00-05:00,-0.0009,True,0.0860521704009873,0.0851521704009873
2023-07-19 11:00:00-05:00,-0.0009,True,0.08366749361179009,0.08276749361179009
2023-07-19 12:00:00-05:00,-0.0009,True,0.08992021472017192,0.08902021472017192
2023-07-19 13:00:00-05:00,0.01743862782349344,True,0.09227898549132468,0.10971761331481812
2023-07-19 14:00:00-05:00,0.14207989454694459,True,0.07496880216187123,0.21704869670881582
2023-07-19 15:00:00-05:00,0.10850583198278654,True,0.06023661707236717,0.1687424490551537
2023-07-19 16:00:00-05:00,0.11330749010964297,True,-0.029555083093635554,0.08375240701600742
2023-07-19 17:00:00-05:00,0.19906982916348215,True,-0.17721260897195648,0.021857220191525667
2023-07-19 18:00:00-05:00,0.08794085599785618,True,-0.09637508547819996,-0.00843422948034378
2023-07-19 19:00:00-05:00,0.010139016170645858,True,-0.013966747831214803,-0.003827731660568946
2023-07-19 20:00:00-05:00,0.1094037665816883,True,-0.09331419059233019,0.016089575989358104
2023-07-19 21:00:00-05:00,0.0901355884167714,True,-0.09460465162520457,-0.004469063208433169
2023-07-19 22:00:00-05:00,0.03763783202454991,True,-0.03779941622173692,-0.00016158419718701605
2023-07-19 23:00:00-05:00,0.005101127149573588,True,-0.005727932373697846,-0.0006268052241242576
2023-07-20 00:00:00-05:00,-0.0009,True,0.000900000000000002,2.0599841277224584e-18
2023-07-20 01:00:00-05:00,-0.0009,True,0.000900000000000002,2.0599841277224584e-18
2023-07-20 02:00:00-05:00,-0.0009,True,0.000900000000000002,2.0599841277224584e-18
2023-07-20 03:00:00-05:00,-0.0009,True,0.000900000000000002,2.0599841277224584e-18
2023-07-20 04:00:00-05:00,-0.0009,True,0.000900000000000002,2.0599841277224584e-18
2023-07-20 05:00:00-05:00,-0.0009,True,0.000900000000000002,2.0599841277224584e-18
2023-07-20 06:00:00-05:00,-0.0009,True,0.000900000000000002,2.0599841277224584e-18
2023-07-20 07:00:00-05:00,-0.0009,True,0.0014676743065611857,0.0005676743065611857
2023-07-20 08:00:00-05:00,-0.0009,True,0.05053696014024606,0.04963696014024606
2023-07-20 09:00:00-05:00,-0.0009,True,0.08822414410489098,0.08732414410489098
2023-07-20 10:00:00-05:00,-0.0009,True,0.1210117865883035,0.1201117865883035
2023-07-20 11:00:00-05:00,0.1122238309467439,True,0.11134901989147492,0.22357285083821882
2023-07-20 12:00:00-05:00,0.20874892070929973,True,0.10462818692940337,0.3133771076387031
2023-07-20 13:00:00-05:00,0.253201417528373,True,0.10096641626028045,0.35416783378865346
2023-07-20 14:00:00-05:00,0.2653203298486731,True,0.05242658973779626,0.31774691958646933
2023-07-20 15:00:00-05:00,0.2527236282908257,True,0.026892090456397167,0.27961571874722285
2023-07-20 16:00:00-05:00,0.21048835669663887,True,-0.061814982042511,0.1486733746541279
2023-07-20 17:00:00-05:00,0.20901604278211844,True,-0.17934811751648122,0.02966792526563722
2023-07-20 18:00:00-05:00,0.1507017426408713,True,-0.13508369730599465,0.015618045334876651
2023-07-20 19:00:00-05:00,0.11840879807721287,True,-0.09378597913966542,0.024622818937547447
2023-07-20 20:00:00-05:00,0.10399514176260133,True,-0.10031522481001456,0.0036799169525867648
2023-07-20 21:00:00-05:00,0.025407771151991346,True,-0.02066047398283251,0.004747297169158837
2023-07-20 22:00:00-05:00,0.02056107269638877,True,-0.018979286781495935,0.0015817859148928338
2023-07-20 23:00:00-05:00,0.011726836600861835,True,-0.01045221536090442,0.0012746212399574151
2023-07-21 00:00:00-05:00,-0.0009,True,0.000900000000000002,2.0599841277224584e-18
2023-07-21 01:00:00-05:00,-0.0009,True,0.000900000000000002,2.0599841277224584e-18
2023-07-21 02:00:00-05:00,-0.0009,True,0.000900000000000002,2.0599841277224584e-18
2023-07-21 03:00:00-05:00,-0.0009,True,0.000900000000000002,2.0599841277224584e-18
2023-07-21 04:00:00-05:00,-0.0009,True,0.000900000000000002,2.0599841277224584e-18
2023-07-21 05:00:00-05:00,-0.0009,True,0.000900000000000002,2.0599841277224584e-18
2023-07-21 06:00:00-05:00,-0.0009,True,0.000900000000000002,2.0599841277224584e-18
2023-07-21 07:00:00-05:00,-0.0009,True,0.0014696454071211537,0.0005696454071211538
2023-07-21 08:00:00-05:00,-0.0009,True,0.04213819189931122,0.04123819189931122
2023-07-21 09:00:00-05:00,-0.0009,True,0.08715775061449836,0.08625775061449836
2023-07-21 10:00:00-05:00,-0.0009,True,0.10156327126079075,0.10066327126079075
2023-07-21 11:00:00-05:00,-0.0009,True,0.10186531253633342,0.10096531253633342
2023-07-21 12:00:00-05:00,0.06482376414732667,True,0.11094608145746543,0.17576984560479209
2023-07-21 13:00:00-05:00,0.26686377016968477,True,0.07924514909745645,0.3461089192671412
2023-07-21 14:00:00-05:00,0.27485346804576744,True,0.03478268245207875,0.3096361504978462
2023-07-21 15:00:00-05:00,0.2609474815587689,True,-0.005069868284850604,0.2558776132739183
2023-07-21 16:00:00-05:00,0.22227323623093367,True,-0.11148072124612918,0.1107925149848045
2023-07-21 17:00:00-05:00,0.16249549461393448,True,-0.14178716130603516,0.020708333307899313
2023-07-21 18:00:00-05:00,0.1681058140887831,True,-0.1430685358689043,0.025037278219878806
2023-07-21 19:00:00-05:00,0.11792722703200703,True,-0.10432927815706972,0.013597948874937316
2023-07-21 20:00:00-05:00,-0.0009,True,-0.0038821740246295453,-0.004782174024629545
2023-07-21 21:00:00-05:00,-0.0009,True,-0.0035397262871888035,-0.004439726287188804
2023-07-21 22:00:00-05:00,0.0307728778462332,True,-0.026829753960631267,0.003943123885601932
2023-07-21 23:00:00-05:00,0.024772452046601043,True,-0.022864532549457237,0.0019079194971438063
2023-07-22 00:00:00-05:00,-0.0009,True,0.000900000000000002,2.0599841277224584e-18
2023-07-22 01:00:00-05:00,-0.0009,True,0.000900000000000002,2.0599841277224584e-18
2023-07-22 02:00:00-05:00,-0.0009,True,0.000900000000000002,2.0599841277224584e-18
2023-07-22 03:00:00-05:00,-0.0009,True,0.000900000000000002,2.0599841277224584e-18
2023-07-22 04:00:00-05:00,-0.0009,True,0.000900000000000002,2.0599841277224584e-18
2023-07-22 05:00:00-05:00,-0.0009,True,0.000900000000000002,2.0599841277224584e-18
2023-07-22 06:00:00-05:00,-0.0009,True,0.000900000000000002,2.0599841277224584e-18
2023-07-22 07:00:00-05:00,-0.0009,True,0.0014481984772285084,0.0005481984772285084
2023-07-22 08:00:00-05:00,-0.0009,True,0.0528863382487118,0.0519863382487118
2023-07-22 09:00:00-05:00,-0.0009,True,0.11004106572842617,0.10914106572842618
2023-07-22 10:00:00-05:00,-0.0009,True,0.12171840001235344,0.12081840001235344
2023-07-22 11:00:00-05:00,0.031640677061191114,True,0.10262231964711241,0.13426299670830352
2023-07-22 12:00:00-05:00,0.11039057813232053,True,0.10205262358529595,0.2124432017176165
2023-07-22 13:00:00-05:00,0.22800360532883712,True,0.07250902336817519,0.30051262869701234
2023-07-22 14:00:00-05:00,0.21652717492516785,True,0.06169091379691911,0.278218088722087
2023-07-22 15:00:00-05:00,0.23673342444495432,True,0.02724272073583709,0.26397614518079143
2023-07-22 16:00:00-05:00,0.2190400402469522,True,-0.10770133313852849,0.11133870710842371
2023-07-22 17:00:00-05:00,0.16488887137986918,True,-0.1432910884303508,0.02159778294951839
2023-07-22 18:00:00-05:00,0.10211871031764276,True,-0.10293305042045287,-0.0008143401028101044
2023-07-22 19:00:00-05:00,0.11320764309753781,True,-0.10327136314265728,0.009936279954880528
2023-07-22 20:00:00-05:00,0.0786376112862755,True,-0.08444443259910484,-0.0058068213128293356
2023-07-22 21:00:00-05:00,-0.0009,True,-0.0035397262871888035,-0.004439726287188804
2023-07-22 22:00:00-05:00,-0.0009,True,2.451577402411313e-05,-0.0008754842259758868
2023-07-22 23:00:00-05:00,-0.0009,True,0.0008999999999999991,-8.673617379884035e-19
2023-07-23 00:00:00-05:00,-0.0009,True,0.0009000000000000019,1.951563910473908e-18
2023-07-23 01:00:00-05:00,-0.0009,True,0.000900000000000002,2.0599841277224584e-18
2023-07-23 02:00:00-05:00,-0.0009,True,0.000900000000000002,2.0599841277224584e-18
2023-07-23 03:00:00-05:00,-0.0009,True,0.000900000000000002,2.0599841277224584e-18
2023-07-23 04:00:00-05:00,-0.0009,True,0.000900000000000002,2.0599841277224584e-18
2023-07-23 05:00:00-05:00,-0.0009,True,0.000900000000000002,2.0599841277224584e-18
2023-07-23 06:00:00-05:00,-0.0009,True,0.000900000000000002,2.0599841277224584e-18
2023-07-23 07:00:00-05:00,-0.0009,True,0.001467047585540541,0.000567047585540541
2023-07-23 08:00:00-05:00,-0.0009,True,0.05093645692764366,0.05003645692764366
2023-07-23 09:00:00-05:00,-0.0009,True,0.10863087191538215,0.10773087191538215
2023-07-23 10:00:00-05:00,-0.0009,True,0.13531426439102545,0.13441426439102544
2023-07-23 11:00:00-05:00,0.158132381252294,True,0.11642872853331059,0.2745611097856046
2023-07-23 12:00:00-05:00,0.24702011142719757,True,0.08940788264877683,0.3364279940759744
2023-07-23 13:00:00-05:00,0.27890438078833774,True,0.0759607458948093,0.35486512668314707
2023-07-23 14:00:00-05:00,0.2822289975077913,True,0.006727788514973954,0.28895678602276526
2023-07-23 15:00:00-05:00,0.2636587989678562,True,-0.01330135561637724,0.25035744335147897
2023-07-23 16:00:00-05:00,0.2238525386673244,True,-0.11871795728429145,0.10513458138303296
2023-07-23 17:00:00-05:00,0.16311474426649122,True,-0.14215529251174774,0.02095945175474348
2023-07-23 18:00:00-05:00,0.08341582585766559,True,-0.09121041932566037,-0.007794593467994784
2023-07-23 19:00:00-05:00,0.00643292504817451,True,-0.010014334143962767,-0.0035814090957882565
2023-07-23 20:00:00-05:00,0.006989348380744143,True,-0.00997140794238732,-0.0029820595616431777
2023-07-23 21:00:00-05:00,0.007404796634383636,True,-0.009611203885860231,-0.0022064072514765953
2023-07-23 22:00:00-05:00,0.007244799395176139,True,-0.008736382882691867,-0.0014915834875157278
2023-07-23 23:00:00-05:00,-0.0009,True,0.0008999999999999991,-8.673617379884035e-19
2023-07-24 00:00:00-05:00,-0.0009,True,0.000900000000000002,2.0599841277224584e-18
2023-07-24 01:00:00-05:00,-0.0009,True,0.000900000000000002,2.0599841277224584e-18
2023-07-24 02:00:00-05:00,-0.0009,True,0.000900000000000002,2.0599841277224584e-18
2023-07-24 03:00:00-05:00,-0.0009,True,0.000900000000000002,2.0599841277224584e-18
2023-07-24 04:00:00-05:00,-0.0009,True,0.000900000000000002,2.0599841277224584e-18
2023-07-24 05:00:00-05:00,-0.0009,True,0.000900000000000002,2.0599841277224584e-18
2023-07-24 06:00:00-05:00,-0.0009,True,0.000900000000000002,2.0599841277224584e-18
2023-07-24 07:00:00-05:00,-0.0009,True,0.0014607304426921706,0.0005607304426921706
2023-07-24 08:00:00-05:00,-0.0009,True,0.04201977522150537,0.041119775221505374
2023-07-24 09:00:00-05:00,-0.0009,True,0.08337649969584106,0.08247649969584106
2023-07-24 10:00:00-05:00,-0.0009,True,0.10909713511713306,0.10819713511713307
2023-07-24 11:00:00-05:00,0.00712295265288945,True,0.10861738324171831,0.11574033589460776
2023-07-24 12:00:00-05:00,-0.0009,True,0.10501539145429252,0.10411539145429252
2023-07-24 13:00:00-05:00,-0.0009,True,0.10541883817598728,0.10451883817598728
2023-07-24 14:00:00-05:00,0.1581120108849433,True,0.06976480373211606,0.2278768146170594
2023-07-24 15:00:00-05:00,0.08784846132462294,True,0.0753323134000386,0.16318077472466153
2023-07-24 16:00:00-05:00,0.19157184055366236,True,-0.04546523931479254,0.14610660123886982
2023-07-24 17:00:00-05:00,0.16361824446649081,True,-0.14211931720483872,0.02149892726165209
2023-07-24 18:00:00-05:00,0.08355745091289875,True,-0.09081977433994858,-0.007262323427049827
2023-07-24 19:00:00-05:00,0.00786846947585123,True,-0.009698317255684097,-0.0018298477798328674
2023-07-24 20:00:00-05:00,0.006170072191991287,True,-0.009999727583901356,-0.003829655391910069
2023-07-24 21:00:00-05:00,0.005789583886845462,True,-0.009025136262425067,-0.0032355523755796057
2023-07-24 22:00:00-05:00,0.004934029326569945,True,-0.006343849665864912,-0.0014098203392949671
2023-07-24 23:00:00-05:00,-0.0009,True,0.0008999999999999991,-8.673617379884035e-19
2023-07-25 00:00:00-05:00,-0.0009,True,0.000900000000000002,2.0599841277224584e-18
2023-07-25 01:00:00-05:00,-0.0009,True,0.000900000000000002,2.0599841277224584e-18
2023-07-25 02:00:00-05:00,-0.0009,True,0.000900000000000002,2.0599841277224584e-18
2023-07-25 03:00:00-05:00,-0.0009,True,0.000900000000000002,2.0599841277224584e-18
2023-07-25 04:00:00-05:00,-0.0009,True,0.000900000000000002,2.0599841277224584e-18
2023-07-25 05:00:00-05:00,-0.0009,True,0.000900000000000002,2.0599841277224584e-18
2023-07-25 06:00:00-05:00,-0.0009,True,0.000900000000000002,2.0599841277224584e-18
2023-07-25 07:00:00-05:00,-0.0009,True,0.0014687082510619974,0.0005687082510619974
2023-07-25 08:00:00-05:00,-0.0009,True,0.04682408346188643,0.04592408346188643
2023-07-25 09:00:00-05:00,-0.0009,True,0.08282489094489753,0.08192489094489754
2023-07-25 10:00:00-05:00,-0.0009,True,0.11127248707853683,0.11037248707853684
2023-07-25 11:00:00-05:00,-0.0009,True,0.10198137867915247,0.10108137867915247
2023-07-25 12:00:00-05:00,0.07062921712382787,True,0.11635842733258775,0.18698764445641564
2023-07-25 13:00:00-05:00,0.26058284553295913,True,0.08902523160510663,0.34960807713806574
2023-07-25 14:00:00-05:00,0.09484003969002108,True,0.10846634946882144,0.20330638915884253
2023-07-25 15:00:00-05:00,0.19394318640503702,True,0.055462623481526245,0.24940580988656327
2023-07-25 16:00:00-05:00,0.22165688687964352,True,-0.10572360822991353,0.11593327864972999
2023-07-25 17:00:00-05:00,-0.0009,True,0.0015991277096609193,0.0006991277096609193
2023-07-25 18:00:00-05:00,0.039747051894696996,True,-0.03922425083804677,0.0005228010566502225
2023-07-25 19:00:00-05:00,0.11260966691843707,True,-0.095232997184235,0.01737666973420207
2023-07-25 20:00:00-05:00,0.009014982346509886,True,-0.010986958352304005,-0.001971976005794119
2023-07-25 21:00:00-05:00,0.008661856714102844,True,-0.010904336053743382,-0.0022424793396405383
2023-07-25 22:00:00-05:00,0.04557936766837804,True,-0.04418440986405768,0.0013949578043203625
2023-07-25 23:00:00-05:00,-0.0009,True,0.0008999999999999991,-8.673617379884035e-19
2023-07-26 00:00:00-05:00,-0.0009,True,0.000900000000000002,2.0599841277224584e-18
2023-07-26 01:00:00-05:00,-0.0009,True,0.000900000000000002,2.0599841277224584e-18
2023-07-26 02:00:00-05:00,-0.0009,True,0.000900000000000002,2.0599841277224584e-18
2023-07-26 03:00:00-05:00,-0.0009,True,0.000900000000000002,2.0599841277224584e-18
2023-07-26 04:00:00-05:00,-0.0009,True,0.000900000000000002,2.0599841277224584e-18
2023-07-26 05:00:00-05:00,-0.0009,True,0.000900000000000002,2.0599841277224584e-18
2023-07-26 06:00:00-05:00,-0.0009,True,0.000900000000000002,2.0599841277224584e-18
2023-07-26 07:00:00-05:00,-0.0009,True,0.0014676743065611857,0.0005676743065611857
2023-07-26 08:00:00-05:00,-0.0009,True,0.04915547456336219,0.04825547456336219
2023-07-26 09:00:00-05:00,-0.0009,True,0.1117387521825074,0.1108387521825074
2023-07-26 10:00:00-05:00,-0.0009,True,0.14982967945126782,0.1489296794512678
2023-07-26 11:00:00-05:00,0.14288517017945404,True,0.12350700586627017,0.2663921760457242
2023-07-26 12:00:00-05:00,0.2351738552545345,True,0.09213479680826017,0.3273086520627947
2023-07-26 13:00:00-05:00,0.27128378954008336,True,0.08581340503140712,0.3570971945714905
2023-07-26 14:00:00-05:00,0.27743161776035097,True,0.008047567022865382,0.2854791847832163
2023-07-26 15:00:00-05:00,0.2597563522790047,True,-0.007081098203347496,0.25267525407565716
2023-07-26 16:00:00-05:00,0.2245875955012512,True,-0.11771088212503271,0.1068767133762185
2023-07-26 17:00:00-05:00,0.16727481660843424,True,-0.14377546397893787,0.023499352629496373
2023-07-26 18:00:00-05:00,0.08959008068645274,True,-0.09672535508380758,-0.0071352743973548405
2023-07-26 19:00:00-05:00,0.009833076206364233,True,-0.013100891689469272,-0.003267815483105039
2023-07-26 20:00:00-05:00,0.008657533314820182,True,-0.01092284304592627,-0.002265309731106087
2023-07-26 21:00:00-05:00,0.00834275722196698,True,-0.009885544543545484,-0.0015427873215785037
2023-07-26 22:00:00-05:00,0.007233411369989943,True,-0.008736382882691867,-0.001502971512701924
2023-07-26 23:00:00-05:00,-0.0009,True,0.0008999999999999991,-8.673617379884035e-19
2023-07-27 00:00:00-05:00,-0.0009,True,0.000900000000000002,2.0599841277224584e-18
2023-07-27 01:00:00-05:00,-0.0009,True,0.000900000000000002,2.0599841277224584e-18
2023-07-27 02:00:00-05:00,-0.0009,True,0.000900000000000002,2.0599841277224584e-18
2023-07-27 03:00:00-05:00,-0.0009,True,0.000900000000000002,2.0599841277224584e-18
2023-07-27 04:00:00-05:00,-0.0009,True,0.000900000000000002,2.0599841277224584e-18
2023-07-27 05:00:00-05:00,-0.0009,True,0.000900000000000002,2.0599841277224584e-18
2023-07-27 06:00:00-05:00,-0.0009,True,0.000900000000000002,2.0599841277224584e-18
2023-07-27 07:00:00-05:00,-0.0009,True,0.0014481752238902107,0.0005481752238902108
2023-07-27 08:00:00-05:00,-0.0009,True,0.0426010382118322,0.0417010382118322
2023-07-27 09:00:00-05:00,-0.0009,True,0.08741546689125719,0.08651546689125719
2023-07-27 10:00:00-05:00,-0.0009,True,0.09711437497890349,0.09621437497890349
2023-07-27 11:00:00-05:00,0.06308158532539648,True,0.09820131621846855,0.16128290154386504
2023-07-27 12:00:00-05:00,0.08320135815561755,True,0.11865526133589478,0.20185661949151235
2023-07-27 13:00:00-05:00,0.26036075677603787,True,0.08923616963202403,0.3495969264080619
2023-07-27 14:00:00-05:00,0.2695910722311205,True,0.054298790393604836,0.32388986262472536
2023-07-27 15:00:00-05:00,0.18464862916623884,True,0.05159943670560303,0.23624806587184188
2023-07-27 16:00:00-05:00,0.1525061437857212,True,-0.03371354869230718,0.11879259509341401
2023-07-27 17:00:00-05:00,0.1812664483513938,True,-0.16249828724069226,0.018768161110701537
2023-07-27 18:00:00-05:00,0.09602399312319176,True,-0.09636133183718937,-0.0003373387139976036
2023-07-27 19:00:00-05:00,0.13406653209355368,True,-0.10475361844453833,0.02931291364901535
2023-07-27 20:00:00-05:00,0.07454548771238732,True,-0.07424418152013901,0.0003013061922483157
2023-07-27 21:00:00-05:00,-0.0009,True,0.0008999999999999991,-8.673617379884035e-19
2023-07-27 22:00:00-05:00,0.057748971654806705,True,-0.059421956027380374,-0.0016729843725736687
2023-07-27 23:00:00-05:00,0.02191533344629812,True,-0.020630719904306913,0.0012846135419912058
2023-07-28 00:00:00-05:00,-0.0009,True,0.000900000000000002,2.0599841277224584e-18
2023-07-28 01:00:00-05:00,-0.0009,True,0.000900000000000002,2.0599841277224584e-18
2023-07-28 02:00:00-05:00,-0.0009,True,0.000900000000000002,2.0599841277224584e-18
2023-07-28 03:00:00-05:00,-0.0009,True,0.000900000000000002,2.0599841277224584e-18
2023-07-28 04:00:00-05:00,-0.0009,True,0.000900000000000002,2.0599841277224584e-18
2023-07-28 05:00:00-05:00,-0.0009,True,0.000900000000000002,2.0599841277224584e-18
2023-07-28 06:00:00-05:00,-0.0009,True,0.000900000000000002,2.0599841277224584e-18
2023-07-28 07:00:00-05:00,-0.0009,True,0.0014676743065611857,0.0005676743065611857
2023-07-28 08:00:00-05:00,-0.0009,True,0.04897738866850674,0.04807738866850674
2023-07-28 09:00:00-05:00,-0.0009,True,0.11167522873822644,0.11077522873822644
2023-07-28 10:00:00-05:00,-0.0009,True,0.13633188322921108,0.13543188322921107
2023-07-28 11:00:00-05:00,0.1137931439830458,True,0.1131852569950078,0.2269784009780536
2023-07-28 12:00:00-05:00,0.21334273722669295,True,0.09526517035525689,0.30860790758194984
2023-07-28 13:00:00-05:00,0.25704567845595117,True,0.09050298717897734,0.3475486656349285
2023-07-28 14:00:00-05:00,0.26628119645424747,True,0.0323016617148364,0.29858285816908386
2023-07-28 15:00:00-05:00,0.24951767485177065,True,-0.005517146530767727,0.2440005283210029
2023-07-28 16:00:00-05:00,0.21388407082602384,True,-0.07002559416305579,0.14385847666296805
2023-07-28 17:00:00-05:00,0.16390583457846677,True,-0.1429009555602053,0.02100487901826148
2023-07-28 18:00:00-05:00,0.08586764443617836,True,-0.0940319255881624,-0.008164281151984032
2023-07-28 19:00:00-05:00,0.015384247650866422,True,-0.01602860852966514,-0.0006443608787987196
2023-07-28 20:00:00-05:00,0.015950054157778035,True,-0.0173655018459722,-0.001415447688194165
2023-07-28 21:00:00-05:00,0.014701173865490674,True,-0.015989431919751718,-0.001288258054261044
2023-07-28 22:00:00-05:00,0.011556748345257715,True,-0.01265834782794123,-0.0011015994826835147
2023-07-28 23:00:00-05:00,0.00863736714992583,True,-0.007074361992165929,0.0015630051577599016
2023-07-29 00:00:00-05:00,-0.0009,True,0.000900000000000002,2.0599841277224584e-18
2023-07-29 01:00:00-05:00,-0.0009,True,0.000900000000000002,2.0599841277224584e-18
2023-07-29 02:00:00-05:00,-0.0009,True,0.000900000000000002,2.0599841277224584e-18
2023-07-29 03:00:00-05:00,-0.0009,True,0.000900000000000002,2.0599841277224584e-18
2023-07-29 04:00:00-05:00,-0.0009,True,0.000900000000000002,2.0599841277224584e-18
2023-07-29 05:00:00-05:00,-0.0009,True,0.000900000000000002,2.0599841277224584e-18
2023-07-29 06:00:00-05:00,-0.0009,True,0.000900000000000002,2.0599841277224584e-18
2023-07-29 07:00:00-05:00,-0.0009,True,0.0014590697771707142,0.0005590697771707142
2023-07-29 08:00:00-05:00,-0.0009,True,0.050274145359220236,0.04937414535922024
2023-07-29 09:00:00-05:00,-0.0009,True,0.10535417265013786,0.10445417265013786
2023-07-29 10:00:00-05:00,-0.0009,True,0.14538074285555833,0.14448074285555831
2023-07-29 11:00:00-05:00,0.14519785586806103,True,0.11312702322184587,0.25832487908990687
2023-07-29 12:00:00-05:00,0.1861859819352766,True,0.10338063205460125,0.2895666139898779
2023-07-29 13:00:00-05:00,0.15645783655422574,True,0.09188176026614146,0.24833959682036721
2023-07-29 14:00:00-05:00,0.19364626574756594,True,0.05949516303532948,0.2531414287828954
2023-07-29 15:00:00-05:00,0.2415345462656547,True,0.03202744485246232,0.273561991118117
2023-07-29 16:00:00-05:00,0.21710752911952966,True,-0.08227307682071221,0.13483445229881746
2023-07-29 17:00:00-05:00,0.16112828161146361,True,-0.1399826622513276,0.02114561936013601
2023-07-29 18:00:00-05:00,0.08067520674016065,True,-0.0851365952789572,-0.004461388538796546
2023-07-29 19:00:00-05:00,0.010105180057922923,True,-0.013737138092358402,-0.003631958034435478
2023-07-29 20:00:00-05:00,0.011742668344348393,True,-0.012605469696484475,-0.0008628013521360823
2023-07-29 21:00:00-05:00,-0.0009,True,0.0008999999999999991,-8.673617379884035e-19
2023-07-29 22:00:00-05:00,-0.0009,True,0.0008999999999999991,-8.673617379884035e-19
2023-07-29 23:00:00-05:00,-0.0009,True,0.0008999999999999991,-8.673617379884035e-19
2023-07-30 00:00:00-05:00,-0.0009,True,0.000900000000000002,2.0599841277224584e-18
2023-07-30 01:00:00-05:00,-0.0009,True,0.000900000000000002,2.0599841277224584e-18
2023-07-30 02:00:00-05:00,-0.0009,True,0.000900000000000002,2.0599841277224584e-18
2023-07-30 03:00:00-05:00,-0.0009,True,0.000900000000000002,2.0599841277224584e-18
2023-07-30 04:00:00-05:00,-0.0009,True,0.000900000000000002,2.0599841277224584e-18
2023-07-30 05:00:00-05:00,-0.0009,True,0.000900000000000002,2.0599841277224584e-18
2023-07-30 06:00:00-05:00,-0.0009,True,0.000900000000000002,2.0599841277224584e-18
2023-07-30 07:00:00-05:00,-0.0009,True,0.00141162483505028,0.00051162483505028
2023-07-30 08:00:00-05:00,-0.0009,True,0.0524541671842548,0.051554167184254804
2023-07-30 09:00:00-05:00,-0.0009,True,0.10570905448542739,0.10480905448542739
2023-07-30 10:00:00-05:00,-0.0009,True,0.1354632785991323,0.13456327859913228
2023-07-30 11:00:00-05:00,0.17497608889116037,True,0.12672179596988545,0.3016978848610458
2023-07-30 12:00:00-05:00,0.2653549949729413,True,0.1110645901294112,0.3764195851023525
2023-07-30 13:00:00-05:00,0.29828194746090403,True,0.07259540633645525,0.3708773537973593
2023-07-30 14:00:00-05:00,0.2982956322313552,True,0.009151672441655106,0.3074473046730103
2023-07-30 15:00:00-05:00,0.2744890336660569,True,-0.01292543679304329,0.2615635968730136
2023-07-30 16:00:00-05:00,0.22767396235208173,True,-0.16928945614942845,0.058384506202653286
2023-07-30 17:00:00-05:00,0.15931720455337767,True,-0.1410380626397692,0.018279141913608465
2023-07-30 18:00:00-05:00,0.07261094593726804,True,-0.07875716625342069,-0.0061462203161526535
2023-07-30 19:00:00-05:00,-0.0009,True,-0.0006834279728960979,-0.001583427972896098
2023-07-30 20:00:00-05:00,-0.0009,True,-0.0006834279728960979,-0.001583427972896098
2023-07-30 21:00:00-05:00,-0.0009,True,2.451577402411313e-05,-0.0008754842259758868
2023-07-30 22:00:00-05:00,-0.0009,True,0.0008999999999999991,-8.673617379884035e-19
2023-07-30 23:00:00-05:00,-0.0009,True,0.0008999999999999991,-8.673617379884035e-19
2023-07-31 00:00:00-05:00,-0.0009,True,0.0009000000000000019,1.951563910473908e-18
2023-07-31 01:00:00-05:00,-0.0009,True,0.000900000000000002,2.0599841277224584e-18
2023-07-31 02:00:00-05:00,-0.0009,True,0.000900000000000002,2.0599841277224584e-18
2023-07-31 03:00:00-05:00,-0.0009,True,0.000900000000000002,2.0599841277224584e-18
2023-07-31 04:00:00-05:00,-0.0009,True,0.000900000000000002,2.0599841277224584e-18
2023-07-31 05:00:00-05:00,-0.0009,True,0.000900000000000002,2.0599841277224584e-18
2023-07-31 06:00:00-05:00,-0.0009,True,0.000900000000000002,2.0599841277224584e-18
2023-07-31 07:00:00-05:00,-0.0009,True,0.001467047585540541,0.000567047585540541
2023-07-31 08:00:00-05:00,-0.0009,True,0.04896124874007079,0.04806124874007079
2023-07-31 09:00:00-05:00,-0.0009,True,0.1028119798211579,0.1019119798211579
2023-07-31 10:00:00-05:00,-0.0009,True,0.1501029709320662,0.1492029709320662
2023-07-31 11:00:00-05:00,-0.0009,True,0.17538456988295056,0.17448456988295055
2023-07-31 12:00:00-05:00,0.05900056585164787,True,0.12045148557792623,0.1794520514295741
2023-07-31 13:00:00-05:00,0.2679056792379865,True,0.08677035673060292,0.35467603596858943
2023-07-31 14:00:00-05:00,0.2791966978502511,True,0.011817707405699748,0.29101440525595085
2023-07-31 15:00:00-05:00,0.2649008314725653,True,-0.007363914031941274,0.25753691744062407
2023-07-31 16:00:00-05:00,0.22961310124389223,True,-0.16583907087425553,0.06377403036963669
2023-07-31 17:00:00-05:00,0.16105851628833848,True,-0.1423300332339502,0.01872848305438829
2023-07-31 18:00:00-05:00,0.08189719469533649,True,-0.09055075888733519,-0.008653564191998697
2023-07-31 19:00:00-05:00,0.007630029115656126,True,-0.008543538819684931,-0.0009135097040288047
2023-07-31 20:00:00-05:00,0.006911106146478896,True,-0.008863771746111204,-0.0019526655996323075
2023-07-31 21:00:00-05:00,0.0069688621388082584,True,-0.008875121585383231,-0.0019062594465749727
2023-07-31 22:00:00-05:00,0.0064364524895299344,True,-0.007269964488788769,-0.0008335119992588349
2023-07-31 23:00:00-05:00,-0.0009,True,0.0008999999999999991,-8.673617379884035e-19
2023-08-01 00:00:00-05:00,-0.0009,True,0.000900000000000002,2.0599841277224584e-18
2023-08-01 01:00:00-05:00,-0.0009,True,0.000900000000000002,2.0599841277224584e-18
2023-08-01 02:00:00-05:00,-0.0009,True,0.000900000000000002,2.0599841277224584e-18
2023-08-01 03:00:00-05:00,-0.0009,True,0.000900000000000002,2.0599841277224584e-18
2023-08-01 04:00:00-05:00,-0.0009,True,0.000900000000000002,2.0599841277224584e-18
2023-08-01 05:00:00-05:00,-0.0009,True,0.000900000000000002,2.0599841277224584e-18
2023-08-01 06:00:00-05:00,-0.0009,True,0.000900000000000002,2.0599841277224584e-18
2023-08-01 07:00:00-05:00,-0.0009,True,0.0010065614830834016,0.00010656148308340165
2023-08-01 08:00:00-05:00,-0.0009,True,0.04077771612842763,0.03987771612842763
2023-08-01 09:00:00-05:00,-0.0009,True,0.09899800142896925,0.09809800142896925
2023-08-01 10:00:00-05:00,-0.0009,True,0.13538758557675432,0.1344875855767543
2023-08-01 11:00:00-05:00,0.1186511365307671,True,0.1149017027638433,0.2335528392946104
2023-08-01 12:00:00-05:00,0.22488752152779867,True,0.09995245229092553,0.3248399738187242
2023-08-01 13:00:00-05:00,0.2712166057704435,True,0.08984856874968815,0.36106517452013165
2023-08-01 14:00:00-05:00,0.2807042024281638,True,0.03601485410423764,0.31671905653240146
2023-08-01 15:00:00-05:00,0.25069978626735384,True,0.025874770272238758,0.2765745565395926
2023-08-01 16:00:00-05:00,0.22940940336315466,True,-0.16445551430686126,0.0649538890562934
2023-08-01 17:00:00-05:00,0.18798376786996598,True,-0.17120643912048944,0.016777328749476544
2023-08-01 18:00:00-05:00,0.12919027162093663,True,-0.11059675553156582,0.018593516089370807
2023-08-01 19:00:00-05:00,0.05795880051826638,True,-0.0726146888996278,-0.01465588838136142
2023-08-01 20:00:00-05:00,0.13723664667645305,True,-0.10422999529796512,0.03300665137848793
2023-08-01 21:00:00-05:00,0.04253307976802554,True,-0.03723217021171241,0.005300909556313127
2023-08-01 22:00:00-05:00,0.029648935365225483,True,-0.019697955908563203,0.00995097945666228
2023-08-01 23:00:00-05:00,0.013845518882025242,True,-0.011026618310717657,0.0028189005713075855
2023-08-02 00:00:00-05:00,-0.0009,True,0.000900000000000002,2.0599841277224584e-18
2023-08-02 01:00:00-05:00,-0.0009,True,0.000900000000000002,2.0599841277224584e-18
2023-08-02 02:00:00-05:00,-0.0009,True,0.000900000000000002,2.0599841277224584e-18
2023-08-02 03:00:00-05:00,-0.0009,True,0.000900000000000002,2.0599841277224584e-18
2023-08-02 04:00:00-05:00,-0.0009,True,0.000900000000000002,2.0599841277224584e-18
2023-08-02 05:00:00-05:00,-0.0009,True,0.000900000000000002,2.0599841277224584e-18
2023-08-02 06:00:00-05:00,-0.0009,True,0.000900000000000002,2.0599841277224584e-18
2023-08-02 07:00:00-05:00,-0.0009,True,0.0010327392352454164,0.00013273923524541645
2023-08-02 08:00:00-05:00,-0.0009,True,0.03130689814244559,0.030406898142445588
2023-08-02 09:00:00-05:00,-0.0009,True,0.08401888992550306,0.08311888992550306
2023-08-02 10:00:00-05:00,-0.0009,True,0.11922841935989371,0.11832841935989372
2023-08-02 11:00:00-05:00,0.14637894861888803,True,0.10751778022011609,0.2538967288390041
2023-08-02 12:00:00-05:00,0.24575497685783232,True,0.0932346204438407,0.338989597301673
2023-08-02 13:00:00-05:00,0.2840321321190923,True,0.0834481883152399,0.3674803204343322
2023-08-02 14:00:00-05:00,0.2878437010798241,True,0.010372397648015699,0.2982160987278398
2023-08-02 15:00:00-05:00,0.2674778512407931,True,-0.011481024279204517,0.2559968269615886
2023-08-02 16:00:00-05:00,0.22593250586982314,True,-0.12111821865212401,0.10481428721769913
2023-08-02 17:00:00-05:00,0.16455145146547764,True,-0.14751570060759472,0.01703575085788292
2023-08-02 18:00:00-05:00,0.08978460503266138,True,-0.09742276990285051,-0.007638164870189132
2023-08-02 19:00:00-05:00,0.017450134431136976,True,-0.01304735976878074,0.004402774662356236
2023-08-02 20:00:00-05:00,0.02012997997923007,True,-0.018542850341673116,0.0015871296375569548
2023-08-02 21:00:00-05:00,0.022539958076508448,True,-0.01843339505179522,0.0041065630247132286
2023-08-02 22:00:00-05:00,0.0191409373907482,True,-0.018054131587620932,0.0010868058031272693
2023-08-02 23:00:00-05:00,0.014588863968643357,True,-0.01372746197028229,0.0008614019983610669
2023-08-03 00:00:00-05:00,-0.0009,True,0.000900000000000002,2.0599841277224584e-18
2023-08-03 01:00:00-05:00,-0.0009,True,0.000900000000000002,2.0599841277224584e-18
2023-08-03 02:00:00-05:00,-0.0009,True,0.000900000000000002,2.0599841277224584e-18
2023-08-03 03:00:00-05:00,-0.0009,True,0.000900000000000002,2.0599841277224584e-18
2023-08-03 04:00:00-05:00,-0.0009,True,0.000900000000000002,2.0599841277224584e-18
2023-08-03 05:00:00-05:00,-0.0009,True,0.000900000000000002,2.0599841277224584e-18
2023-08-03 06:00:00-05:00,-0.0009,True,0.000900000000000002,2.0599841277224584e-18
2023-08-03 07:00:00-05:00,-0.0009,True,0.0010084992991847906,0.00010849929918479062
2023-08-03 08:00:00-05:00,-0.0009,True,0.0332196325144316,0.0323196325144316
2023-08-03 09:00:00-05:00,-0.0009,True,0.07849582518550934,0.07759582518550934
2023-08-03 10:00:00-05:00,-0.0009,True,0.09620839302555212,0.09530839302555212
2023-08-03 11:00:00-05:00,-0.0009,True,0.10339429921878429,0.1024942992187843
2023-08-03 12:00:00-05:00,0.15398823962197733,True,0.1062408878298219,0.2602291274517992
2023-08-03 13:00:00-05:00,0.14504893269570285,True,0.09111661036049781,0.23616554305620066
2023-08-03 14:00:00-05:00,0.20188727270125612,True,0.07685684298055036,0.27874411568180646
2023-08-03 15:00:00-05:00,0.2574609088652327,True,0.030385812266535722,0.28784672113176846
2023-08-03 16:00:00-05:00,0.22798352159150626,True,-0.16412049869580328,0.06386302289570298
2023-08-03 17:00:00-05:00,0.17438266462546487,True,-0.14708383802245786,0.027298826603007004
2023-08-03 18:00:00-05:00,0.10314851834896309,True,-0.09892406589553987,0.004224452453423219
2023-08-03 19:00:00-05:00,0.10771493367797626,True,-0.09124739432245405,0.016467539355522212
2023-08-03 20:00:00-05:00,0.08784264343951198,True,-0.08701673491534362,0.0008259085241683617
2023-08-03 21:00:00-05:00,0.05359261945031471,True,-0.052343905622437695,0.0012487138278770155
2023-08-03 22:00:00-05:00,0.030370368117574143,True,-0.026108818268914948,0.004261549848659195
2023-08-03 23:00:00-05:00,-0.0009,True,0.0008999999999999991,-8.673617379884035e-19
2023-08-04 00:00:00-05:00,-0.0009,True,0.000900000000000002,2.0599841277224584e-18
2023-08-04 01:00:00-05:00,-0.0009,True,0.000900000000000002,2.0599841277224584e-18
2023-08-04 02:00:00-05:00,-0.0009,True,0.000900000000000002,2.0599841277224584e-18
2023-08-04 03:00:00-05:00,-0.0009,True,0.000900000000000002,2.0599841277224584e-18
2023-08-04 04:00:00-05:00,-0.0009,True,0.000900000000000002,2.0599841277224584e-18
2023-08-04 05:00:00-05:00,-0.0009,True,0.000900000000000002,2.0599841277224584e-18
2023-08-04 06:00:00-05:00,-0.0009,True,0.000900000000000002,2.0599841277224584e-18
2023-08-04 07:00:00-05:00,-0.0009,True,0.0010175558888144642,0.00011755588881446418
2023-08-04 08:00:00-05:00,-0.0009,True,0.03949023593514298,0.038590235935142984
2023-08-04 09:00:00-05:00,-0.0009,True,0.07912684005895183,0.07822684005895184
2023-08-04 10:00:00-05:00,-0.0009,True,0.09288771832196582,0.09198771832196583
2023-08-04 11:00:00-05:00,-0.0009,True,0.08892714514369439,0.08802714514369439
2023-08-04 12:00:00-05:00,0.02979429998352901,True,0.10860297725179996,0.13839727723532896
2023-08-04 13:00:00-05:00,0.00789128897770026,True,0.09081035276425255,0.09870164174195281
2023-08-04 14:00:00-05:00,0.029481942029267762,True,0.13038002727798237,0.15986196930725013
2023-08-04 15:00:00-05:00,0.08815511514656825,True,0.08340473694646514,0.17155985209303337
2023-08-04 16:00:00-05:00,0.20007266981331148,True,-0.04596603306152237,0.15410663675178912
2023-08-04 17:00:00-05:00,0.1110374149837995,True,-0.09157152546317054,0.019465889520628957
2023-08-04 18:00:00-05:00,0.15153928525646834,True,-0.13699751492258777,0.014541770333880571
2023-08-04 19:00:00-05:00,0.0888948715749051,True,-0.0873685232724382,0.0015263483024668956
2023-08-04 20:00:00-05:00,0.01272607952377079,True,-0.015083238216329389,-0.002357158692558599
2023-08-04 21:00:00-05:00,0.08795630578456955,True,-0.08868542010107681,-0.0007291143165072678
2023-08-04 22:00:00-05:00,0.009905634971816391,True,-0.01274229945582258,-0.0028366644840061885
2023-08-04 23:00:00-05:00,0.00523782225742942,True,-0.006036870404948638,-0.0007990481475192174
2023-08-05 00:00:00-05:00,-0.0009,True,0.000900000000000002,2.0599841277224584e-18
2023-08-05 01:00:00-05:00,-0.0009,True,0.000900000000000002,2.0599841277224584e-18
2023-08-05 02:00:00-05:00,-0.0009,True,0.000900000000000002,2.0599841277224584e-18
2023-08-05 03:00:00-05:00,-0.0009,True,0.000900000000000002,2.0599841277224584e-18
2023-08-05 04:00:00-05:00,-0.0009,True,0.000900000000000002,2.0599841277224584e-18
2023-08-05 05:00:00-05:00,-0.0009,True,0.000900000000000002,2.0599841277224584e-18
2023-08-05 06:00:00-05:00,-0.0009,True,0.000900000000000002,2.0599841277224584e-18
2023-08-05 07:00:00-05:00,-0.0009,True,0.0010059347620627569,0.00010593476206275688
2023-08-05 08:00:00-05:00,-0.0009,True,0.03853803151302697,0.03763803151302697
2023-08-05 09:00:00-05:00,-0.0009,True,0.10788890898139168,0.10698890898139168
2023-08-05 10:00:00-05:00,-0.0009,True,0.1549340953537977,0.1540340953537977
2023-08-05 11:00:00-05:00,-0.0009,True,0.1637529048114499,0.1628529048114499
2023-08-05 12:00:00-05:00,0.027714368003188612,True,0.12304791984340228,0.1507622878465909
2023-08-05 13:00:00-05:00,0.06808527097642479,True,0.13090667794714553,0.1989919489235703
2023-08-05 14:00:00-05:00,0.08760343350823165,True,0.12327943522145285,0.21088286872968448
2023-08-05 15:00:00-05:00,0.20759306061017854,True,0.03447704074608529,0.24207010135626383
2023-08-05 16:00:00-05:00,0.2073395605756662,True,-0.06007536078094602,0.14726419979472016
2023-08-05 17:00:00-05:00,0.17526686188127577,True,-0.14692978238640858,0.02833707949486719
2023-08-05 18:00:00-05:00,0.14481475920918566,True,-0.10965562253134191,0.03515913667784375
2023-08-05 19:00:00-05:00,0.12082018795618317,True,-0.0960927749535446,0.024727413002638574
2023-08-05 20:00:00-05:00,0.09368015139594184,True,-0.09788224396925296,-0.004202092573311125
2023-08-05 21:00:00-05:00,0.07835477416296951,True,-0.07983724122752837,-0.0014824670645588595
2023-08-05 22:00:00-05:00,0.05485662053375545,True,-0.04983414155104793,0.005022478982707523
2023-08-05 23:00:00-05:00,0.02078789045439895,True,-0.012977458849999218,0.007810431604399731
2023-08-06 00:00:00-05:00,-0.0009,True,0.000900000000000002,2.0599841277224584e-18
2023-08-06 01:00:00-05:00,-0.0009,True,0.000900000000000002,2.0599841277224584e-18
2023-08-06 02:00:00-05:00,-0.0009,True,0.000900000000000002,2.0599841277224584e-18
2023-08-06 03:00:00-05:00,-0.0009,True,0.000900000000000002,2.0599841277224584e-18
2023-08-06 04:00:00-05:00,-0.0009,True,0.000900000000000002,2.0599841277224584e-18
2023-08-06 05:00:00-05:00,-0.0009,True,0.000900000000000002,2.0599841277224584e-18
2023-08-06 06:00:00-05:00,-0.0009,True,0.000900000000000002,2.0599841277224584e-18
2023-08-06 07:00:00-05:00,-0.0009,True,0.0010065614830834016,0.00010656148308340165
2023-08-06 08:00:00-05:00,-0.0009,True,0.03868545833202039,0.03778545833202039
2023-08-06 09:00:00-05:00,-0.0009,True,0.10855933190886102,0.10765933190886103
2023-08-06 10:00:00-05:00,-0.0009,True,0.14919058360408893,0.14829058360408892
2023-08-06 11:00:00-05:00,0.12486317005376385,True,0.11048289452668379,0.23534606458044766
2023-08-06 12:00:00-05:00,0.2268858896654491,True,0.087214380785513,0.3141002704509621
2023-08-06 13:00:00-05:00,0.26749268323402503,True,0.07776222112808301,0.34525490436210804
2023-08-06 14:00:00-05:00,0.27477889746016854,True,0.008864057783316979,0.28364295524348554
2023-08-06 15:00:00-05:00,0.25585829615211114,True,-0.0068253378992032985,0.24903295825290783
2023-08-06 16:00:00-05:00,0.21943586671713983,True,-0.1056793771681083,0.11375648954903153
2023-08-06 17:00:00-05:00,0.1617478217288431,True,-0.14440911632863235,0.017338705400210763
2023-08-06 18:00:00-05:00,0.08328136913636816,True,-0.0919452542259349,-0.008663885089566739
2023-08-06 19:00:00-05:00,0.014345499988495549,True,-0.01590682973440426,-0.0015613297459087117
2023-08-06 20:00:00-05:00,0.015359421020260259,True,-0.01617664492300782,-0.0008172239027475613
2023-08-06 21:00:00-05:00,0.017597495955034372,True,-0.017934195486394314,-0.0003366995313599415
2023-08-06 22:00:00-05:00,0.0541673870776497,True,-0.054286481828623466,-0.00011909475097376943
2023-08-06 23:00:00-05:00,-0.0009,True,0.0008999999999999991,-8.673617379884035e-19
2023-08-07 00:00:00-05:00,-0.0009,True,0.000900000000000002,2.0599841277224584e-18
2023-08-07 01:00:00-05:00,-0.0009,True,0.000900000000000002,2.0599841277224584e-18
2023-08-07 02:00:00-05:00,-0.0009,True,0.000900000000000002,2.0599841277224584e-18
2023-08-07 03:00:00-05:00,-0.0009,True,0.000900000000000002,2.0599841277224584e-18
2023-08-07 04:00:00-05:00,-0.0009,True,0.000900000000000002,2.0599841277224584e-18
2023-08-07 05:00:00-05:00,-0.0009,True,0.000900000000000002,2.0599841277224584e-18
2023-08-07 06:00:00-05:00,-0.0009,True,0.000900000000000002,2.0599841277224584e-18
2023-08-07 07:00:00-05:00,-0.0009,True,0.000980131219929462,8.013121992946201e-05
2023-08-07 08:00:00-05:00,-0.0009,True,0.03701029712049355,0.03611029712049355
2023-08-07 09:00:00-05:00,-0.0009,True,0.09362035568814273,0.09272035568814273
2023-08-07 10:00:00-05:00,-0.0009,True,0.09943694012003793,0.09853694012003793
2023-08-07 11:00:00-05:00,0.10900420322111659,True,0.1038587281712864,0.21286293139240298
2023-08-07 12:00:00-05:00,0.21628278805824833,True,0.09312867900670976,0.3094114670649581
2023-08-07 13:00:00-05:00,0.005575261526323309,True,0.09326399557805741,0.09883925710438071
2023-08-07 14:00:00-05:00,0.07920505176379725,True,0.13209261806297296,0.2112976698267702
2023-08-07 15:00:00-05:00,0.11607792617199682,True,0.0638663743930076,0.17994430056500443
2023-08-07 16:00:00-05:00,0.15933091594377732,True,-0.04275192948517865,0.11657898645859868
2023-08-07 17:00:00-05:00,0.1529803308194755,True,-0.13943721678279675,0.013543114036678766
2023-08-07 18:00:00-05:00,0.08160606235095835,True,-0.0879039571656105,-0.00629789481465215
2023-08-07 19:00:00-05:00,0.013132182526580825,True,-0.015817152106355745,-0.0026849695797749196
2023-08-07 20:00:00-05:00,0.013736341741405717,True,-0.015817152106355745,-0.0020808103649500274
2023-08-07 21:00:00-05:00,0.013401574980128223,True,-0.015817152106355745,-0.002415577126227522
2023-08-07 22:00:00-05:00,-0.0009,True,0.0008999999999999991,-8.673617379884035e-19
2023-08-07 23:00:00-05:00,-0.0009,True,0.0008999999999999991,-8.673617379884035e-19
2023-08-08 00:00:00-05:00,-0.0009,True,0.000900000000000002,2.0599841277224584e-18
2023-08-08 01:00:00-05:00,-0.0009,True,0.000900000000000002,2.0599841277224584e-18
2023-08-08 02:00:00-05:00,-0.0009,True,0.000900000000000002,2.0599841277224584e-18
2023-08-08 03:00:00-05:00,-0.0009,True,0.000900000000000002,2.0599841277224584e-18
2023-08-08 04:00:00-05:00,-0.0009,True,0.000900000000000002,2.0599841277224584e-18
2023-08-08 05:00:00-05:00,-0.0009,True,0.000900000000000002,2.0599841277224584e-18
2023-08-08 06:00:00-05:00,-0.0009,True,0.000900000000000002,2.0599841277224584e-18
2023-08-08 07:00:00-05:00,-0.0009,True,0.0009691913006477444,6.919130064774446e-05
2023-08-08 08:00:00-05:00,-0.0009,True,0.04352425537030833,0.04262425537030833
2023-08-08 09:00:00-05:00,-0.0009,True,0.11654155636532484,0.11564155636532485
2023-08-08 10:00:00-05:00,-0.0009,True,0.14964584002535336,0.14874584002535335
2023-08-08 11:00:00-05:00,0.14519541265284364,True,0.12133166520784759,0.26652707786069124
2023-08-08 12:00:00-05:00,0.2504950872185331,True,0.08914236053677675,0.33963744775530985
2023-08-08 13:00:00-05:00,0.2899804303466657,True,0.07722506865553114,0.36720549900219684
2023-08-08 14:00:00-05:00,0.2931628848942588,True,0.017920571863842282,0.31108345675810106
2023-08-08 15:00:00-05:00,0.27124258575867266,True,-0.0019020801209642026,0.26934050563770845
2023-08-08 16:00:00-05:00,0.22627868245108876,True,-0.12309747160328716,0.1031812108478016
2023-08-08 17:00:00-05:00,0.1604885999717139,True,-0.14121816323684527,0.01927043673486864
2023-08-08 18:00:00-05:00,0.07232174273027552,True,-0.07778417274222409,-0.005462430011948571
2023-08-08 19:00:00-05:00,0.02941884658591136,True,-0.026320362251968835,0.003098484333942525
2023-08-08 20:00:00-05:00,-0.0009,True,-0.004625869919485937,-0.005525869919485937
2023-08-08 21:00:00-05:00,-0.0009,True,-0.0036717653006410837,-0.004571765300641083
2023-08-08 22:00:00-05:00,-0.0009,True,0.0002606694476205471,-0.0006393305523794529
2023-08-08 23:00:00-05:00,-0.0009,True,0.0008999999999999991,-8.673617379884035e-19
2023-08-09 00:00:00-05:00,-0.0009,True,0.000900000000000002,2.0599841277224584e-18
2023-08-09 01:00:00-05:00,-0.0009,True,0.000900000000000002,2.0599841277224584e-18
2023-08-09 02:00:00-05:00,-0.0009,True,0.000900000000000002,2.0599841277224584e-18
2023-08-09 03:00:00-05:00,-0.0009,True,0.000900000000000002,2.0599841277224584e-18
2023-08-09 04:00:00-05:00,-0.0009,True,0.000900000000000002,2.0599841277224584e-18
2023-08-09 05:00:00-05:00,-0.0009,True,0.000900000000000002,2.0599841277224584e-18
2023-08-09 06:00:00-05:00,-0.0009,True,0.000900000000000002,2.0599841277224584e-18
2023-08-09 07:00:00-05:00,-0.0009,True,0.0009950959800859279,9.50959800859279e-05
2023-08-09 08:00:00-05:00,-0.0009,True,0.04096069295786002,0.04006069295786002
2023-08-09 09:00:00-05:00,-0.0009,True,0.10484049708228772,0.10394049708228772
2023-08-09 10:00:00-05:00,-0.0009,True,0.14683750897761394,0.14593750897761393
2023-08-09 11:00:00-05:00,0.10935820412538717,True,0.12831646111641087,0.23767466524179803
2023-08-09 12:00:00-05:00,0.21812899459345664,True,0.09305608106971067,0.31118507566316733
2023-08-09 13:00:00-05:00,0.2662015250606251,True,0.07547352669922165,0.34167505175984675
2023-08-09 14:00:00-05:00,0.27700444006490144,True,0.03229283685351012,0.3092972769184116
2023-08-09 15:00:00-05:00,0.2594076506035347,True,-0.0007345136120209966,0.25867313699151373
2023-08-09 16:00:00-05:00,0.22017209049520886,True,-0.10734990005314454,0.11282219044206432
2023-08-09 17:00:00-05:00,0.15911321088242358,True,-0.1416807963663642,0.017432414516059397
2023-08-09 18:00:00-05:00,0.07468003925394746,True,-0.07957852939847102,-0.004898490144523551
2023-08-09 19:00:00-05:00,0.006767670278630605,True,-0.010092510842702723,-0.003324840564072118
2023-08-09 20:00:00-05:00,0.006157232380379334,True,-0.01007790428264131,-0.003920671902261976
2023-08-09 21:00:00-05:00,0.0894483813744321,True,-0.09119750609245836,-0.0017491247180262542
2023-08-09 22:00:00-05:00,-0.0009,True,2.451577402411313e-05,-0.0008754842259758868
2023-08-09 23:00:00-05:00,-0.0009,True,0.0008999999999999991,-8.673617379884035e-19
2023-08-10 00:00:00-05:00,-0.0009,True,0.000900000000000002,2.0599841277224584e-18
2023-08-10 01:00:00-05:00,-0.0009,True,0.000900000000000002,2.0599841277224584e-18
2023-08-10 02:00:00-05:00,-0.0009,True,0.000900000000000002,2.0599841277224584e-18
2023-08-10 03:00:00-05:00,-0.0009,True,0.000900000000000002,2.0599841277224584e-18
2023-08-10 04:00:00-05:00,-0.0009,True,0.000900000000000002,2.0599841277224584e-18
2023-08-10 05:00:00-05:00,-0.0009,True,0.000900000000000002,2.0599841277224584e-18
2023-08-10 06:00:00-05:00,-0.0009,True,0.000900000000000002,2.0599841277224584e-18
2023-08-10 07:00:00-05:00,-0.0009,True,0.0010064213241807857,0.00010642132418078572
2023-08-10 08:00:00-05:00,-0.0009,True,0.037938140348620884,0.037038140348620886
2023-08-10 09:00:00-05:00,-0.0009,True,0.08206592551320688,0.08116592551320688
2023-08-10 10:00:00-05:00,-0.0009,True,0.09821977570766487,0.09731977570766487
2023-08-10 11:00:00-05:00,-0.0009,True,0.08924341581019865,0.08834341581019865
2023-08-10 12:00:00-05:00,-0.0009,True,0.08496711040147241,0.08406711040147241
2023-08-10 13:00:00-05:00,0.028843664378572692,True,0.10154980998082296,0.13039347435939563
2023-08-10 14:00:00-05:00,0.0520114223621366,True,0.1394429315761106,0.1914543539382472
2023-08-10 15:00:00-05:00,0.009722574714077087,True,0.06711489761291595,0.07683747232699303
2023-08-10 16:00:00-05:00,0.031775264152878284,True,0.012641396251867791,0.044416660404746074
2023-08-10 17:00:00-05:00,0.023339162714475212,True,-0.01952069745301884,0.0038184652614563705
2023-08-10 18:00:00-05:00,0.07000277252411317,True,-0.069803142909336,0.00019962961477718033
2023-08-10 19:00:00-05:00,0.08613098250818037,True,-0.08499320108984654,0.0011377814183338303
2023-08-10 20:00:00-05:00,-0.0009,True,0.0008999999999999991,-8.673617379884035e-19
2023-08-10 21:00:00-05:00,0.07513176516266097,True,-0.07519242968649209,-6.066452383111931e-05
2023-08-10 22:00:00-05:00,0.05361118569675803,True,-0.05302833335611513,0.0005828523406429045
2023-08-10 23:00:00-05:00,0.018673053825522097,True,-0.020620038145554406,-0.0019469843200323085
2023-08-11 00:00:00-05:00,-0.0009,True,0.000900000000000002,2.0599841277224584e-18
2023-08-11 01:00:00-05:00,-0.0009,True,0.000900000000000002,2.0599841277224584e-18
2023-08-11 02:00:00-05:00,-0.0009,True,0.000900000000000002,2.0599841277224584e-18
2023-08-11 03:00:00-05:00,-0.0009,True,0.000900000000000002,2.0599841277224584e-18
2023-08-11 04:00:00-05:00,-0.0009,True,0.000900000000000002,2.0599841277224584e-18
2023-08-11 05:00:00-05:00,-0.0009,True,0.000900000000000002,2.0599841277224584e-18
2023-08-11 06:00:00-05:00,-0.0009,True,0.000900000000000002,2.0599841277224584e-18
2023-08-11 07:00:00-05:00,-0.0009,True,0.0010069078862988145,0.00010690788629881456
2023-08-11 08:00:00-05:00,-0.0009,True,0.040465838747753155,0.03956583874775316
2023-08-11 09:00:00-05:00,-0.0009,True,0.10553239567795442,0.10463239567795442
2023-08-11 10:00:00-05:00,-0.0009,True,0.14308899043346113,0.14218899043346112
2023-08-11 11:00:00-05:00,0.10519485258689404,True,0.13074177802803175,0.23593663061492579
2023-08-11 12:00:00-05:00,0.2205428798042273,True,0.09596615589456199,0.3165090356987893
2023-08-11 13:00:00-05:00,0.2708209889452346,True,0.07797933092588542,0.34880031987112003
2023-08-11 14:00:00-05:00,0.28095624245112,True,0.015718793956796172,0.29667503640791615
2023-08-11 15:00:00-05:00,0.22428689869497206,True,0.030531055144855122,0.2548179538398272
2023-08-11 16:00:00-05:00,0.21733071143261065,True,-0.09952506816901487,0.11780564326359579
2023-08-11 17:00:00-05:00,0.1609908809472954,True,-0.14121882163652294,0.019772059310772472
2023-08-11 18:00:00-05:00,0.13434907189356823,True,-0.105807335785701,0.028541736107867227
2023-08-11 19:00:00-05:00,0.03999608157957933,True,-0.040251240682572985,-0.00025515910299365313
2023-08-11 20:00:00-05:00,-0.0009,True,-0.0006834279728960979,-0.001583427972896098
2023-08-11 21:00:00-05:00,0.03223319519911906,True,-0.027385921659224936,0.004847273539894125
2023-08-11 22:00:00-05:00,-0.0009,True,0.0008999999999999991,-8.673617379884035e-19
2023-08-11 23:00:00-05:00,-0.0009,True,0.0008999999999999991,-8.673617379884035e-19
2023-08-12 00:00:00-05:00,-0.0009,True,0.000900000000000002,2.0599841277224584e-18
2023-08-12 01:00:00-05:00,-0.0009,True,0.000900000000000002,2.0599841277224584e-18
2023-08-12 02:00:00-05:00,-0.0009,True,0.000900000000000002,2.0599841277224584e-18
2023-08-12 03:00:00-05:00,-0.0009,True,0.000900000000000002,2.0599841277224584e-18
2023-08-12 04:00:00-05:00,-0.0009,True,0.000900000000000002,2.0599841277224584e-18
2023-08-12 05:00:00-05:00,-0.0009,True,0.000900000000000002,2.0599841277224584e-18
2023-08-12 06:00:00-05:00,-0.0009,True,0.000900000000000002,2.0599841277224584e-18
2023-08-12 07:00:00-05:00,-0.0009,True,0.0010164426056757906,0.00011644260567579058
2023-08-12 08:00:00-05:00,-0.0009,True,0.03777038811646467,0.036870388116464675
2023-08-12 09:00:00-05:00,-0.0009,True,0.07294364262174852,0.07204364262174852
2023-08-12 10:00:00-05:00,-0.0009,True,0.09462958427558117,0.09372958427558117
2023-08-12 11:00:00-05:00,0.10760154369891513,True,0.09885982772318842,0.20646137142210355
2023-08-12 12:00:00-05:00,0.2193895994472554,True,0.09396492604804664,0.313354525495302
2023-08-12 13:00:00-05:00,0.26279131018551233,True,0.07658566277094715,0.33937697295645947
2023-08-12 14:00:00-05:00,0.2707300420394381,True,0.0323932256026623,0.3031232676421004
2023-08-12 15:00:00-05:00,0.2562118620823488,True,-0.004707511022044625,0.25150435106030417
2023-08-12 16:00:00-05:00,0.21508432148737017,True,-0.07242701458573238,0.1426573069016378
2023-08-12 17:00:00-05:00,0.15225441751512384,True,-0.1368758170173703,0.015378600497753525
2023-08-12 18:00:00-05:00,0.07008860347898761,True,-0.0757232571646755,-0.005634653685687885
2023-08-12 19:00:00-05:00,0.009288372315095522,True,-0.011271124698386538,-0.001982752383291016
2023-08-12 20:00:00-05:00,0.005599672682309812,True,-0.009801190470622664,-0.004201517788312852
2023-08-12 21:00:00-05:00,0.05793011943189882,True,-0.06224205967683136,-0.00431194024493254
2023-08-12 22:00:00-05:00,0.05263218788658816,True,-0.052783862728454665,-0.00015167484186650454
2023-08-12 23:00:00-05:00,0.017841328178118034,True,-0.019642169784176614,-0.0018008416060585793
2023-08-13 00:00:00-05:00,-0.0009,True,0.000900000000000002,2.0599841277224584e-18
2023-08-13 01:00:00-05:00,-0.0009,True,0.000900000000000002,2.0599841277224584e-18
2023-08-13 02:00:00-05:00,-0.0009,True,0.000900000000000002,2.0599841277224584e-18
2023-08-13 03:00:00-05:00,-0.0009,True,0.000900000000000002,2.0599841277224584e-18
2023-08-13 04:00:00-05:00,-0.0009,True,0.000900000000000002,2.0599841277224584e-18
2023-08-13 05:00:00-05:00,-0.0009,True,0.000900000000000002,2.0599841277224584e-18
2023-08-13 06:00:00-05:00,-0.0009,True,0.000900000000000002,2.0599841277224584e-18
2023-08-13 07:00:00-05:00,-0.0009,True,0.0010175316373441802,0.00011753163734418018
2023-08-13 08:00:00-05:00,-0.0009,True,0.041676084715838925,0.04077608471583893
2023-08-13 09:00:00-05:00,-0.0009,True,0.08181138517030172,0.08091138517030172
2023-08-13 10:00:00-05:00,-0.0009,True,0.09821583663912715,0.09731583663912716
2023-08-13 11:00:00-05:00,0.12099511183337121,True,0.12645175830806585,0.24744687014143707
2023-08-13 12:00:00-05:00,0.23225372698676958,True,0.09350340139598731,0.3257571283827569
2023-08-13 13:00:00-05:00,0.09250041117900068,True,0.11616913031990221,0.20866954149890288
2023-08-13 14:00:00-05:00,0.2788538346614701,True,0.01127637520667412,0.29013020986814425
2023-08-13 15:00:00-05:00,0.25902534244638403,True,-0.006801401580077511,0.2522239408663065
2023-08-13 16:00:00-05:00,0.2156223292883912,True,-0.07452176890685962,0.14110056038153157
2023-08-13 17:00:00-05:00,0.14974444950323992,True,-0.12839898427968394,0.021345465223555987
2023-08-13 18:00:00-05:00,0.06294130627732002,True,-0.07153713080625966,-0.008595824528939644
2023-08-13 19:00:00-05:00,-0.0009,True,-0.0006834279728960979,-0.001583427972896098
2023-08-13 20:00:00-05:00,-0.0009,True,-3.4335421558161265e-05,-0.0009343354215581612
2023-08-13 21:00:00-05:00,-0.0009,True,0.0007244961905643525,-0.00017550380943564745
2023-08-13 22:00:00-05:00,-0.0009,True,0.0008999999999999991,-8.673617379884035e-19
2023-08-13 23:00:00-05:00,-0.0009,True,0.0008999999999999991,-8.673617379884035e-19
2023-08-14 00:00:00-05:00,-0.0009,True,0.000900000000000002,2.0599841277224584e-18
2023-08-14 01:00:00-05:00,-0.0009,True,0.0009000000000000019,1.951563910473908e-18
2023-08-14 02:00:00-05:00,-0.0009,True,0.000900000000000002,2.0599841277224584e-18
2023-08-14 03:00:00-05:00,-0.0009,True,0.000900000000000002,2.0599841277224584e-18
2023-08-14 04:00:00-05:00,-0.0009,True,0.000900000000000002,2.0599841277224584e-18
2023-08-14 05:00:00-05:00,-0.0009,True,0.000900000000000002,2.0599841277224584e-18
2023-08-14 06:00:00-05:00,-0.0009,True,0.000900000000000002,2.0599841277224584e-18
2023-08-14 07:00:00-05:00,-0.0009,True,0.0010309358805818578,0.00013093588058185786
2023-08-14 08:00:00-05:00,-0.0009,True,0.03326059401839215,0.032360594018392155
2023-08-14 09:00:00-05:00,-0.0009,True,0.07441857568570191,0.07351857568570191
2023-08-14 10:00:00-05:00,-0.0009,True,0.09191091455357793,0.09101091455357793
2023-08-14 11:00:00-05:00,0.1267147497911172,True,0.10432687713944766,0.23104162693056485
2023-08-14 12:00:00-05:00,0.17693459473244888,True,0.11096052606412533,0.2878951207965742
2023-08-14 13:00:00-05:00,0.21704438046817856,True,0.07820604733889927,0.29525042780707783
2023-08-14 14:00:00-05:00,0.2711762588386606,True,0.008180962205408017,0.2793572210440686
2023-08-14 15:00:00-05:00,0.24928536714569832,True,-0.00823431526863092,0.2410510518770674
2023-08-14 16:00:00-05:00,0.1618503596245093,True,-0.04810583067689911,0.1137445289476102
2023-08-14 17:00:00-05:00,0.16760654412658033,True,-0.14272169692454031,0.02488484720204001
2023-08-14 18:00:00-05:00,0.07285464409199946,True,-0.07838024824254847,-0.005525604150549007
2023-08-14 19:00:00-05:00,0.012144831842328008,True,-0.012840986737667391,-0.0006961548953393834
2023-08-14 20:00:00-05:00,0.1061100863397526,True,-0.10215154437411006,0.003958541965642534
2023-08-14 21:00:00-05:00,0.06636484090526391,True,-0.06725477353961189,-0.000889932634347973
2023-08-14 22:00:00-05:00,-0.0009,True,0.0008999999999999991,-8.673617379884035e-19
2023-08-14 23:00:00-05:00,0.005481921304483104,True,-0.00564873784992352,-0.00016681654544041524
2023-08-15 00:00:00-05:00,-0.0009,True,0.000900000000000002,2.0599841277224584e-18
2023-08-15 01:00:00-05:00,-0.0009,True,0.000900000000000002,2.0599841277224584e-18
2023-08-15 02:00:00-05:00,-0.0009,True,0.000900000000000002,2.0599841277224584e-18
2023-08-15 03:00:00-05:00,-0.0009,True,0.000900000000000002,2.0599841277224584e-18
2023-08-15 04:00:00-05:00,-0.0009,True,0.000900000000000002,2.0599841277224584e-18
2023-08-15 05:00:00-05:00,-0.0009,True,0.000900000000000002,2.0599841277224584e-18
2023-08-15 06:00:00-05:00,-0.0009,True,0.000900000000000002,2.0599841277224584e-18
2023-08-15 07:00:00-05:00,-0.0009,True,0.000994000560692715,9.400056069271503e-05
2023-08-15 08:00:00-05:00,-0.0009,True,0.04582079968094737,0.04492079968094737
2023-08-15 09:00:00-05:00,-0.0009,True,0.09240042844874653,0.09150042844874653
2023-08-15 10:00:00-05:00,-0.0009,True,0.12317060602229457,0.12227060602229457
2023-08-15 11:00:00-05:00,0.10664824392667552,True,0.12012735800511995,0.22677560193179547
2023-08-15 12:00:00-05:00,0.15609594316916633,True,0.11085146794702025,0.2669474111161866
2023-08-15 13:00:00-05:00,0.2497741940337297,True,0.0814140794060737,0.3311882734398034
2023-08-15 14:00:00-05:00,0.27543187089497817,True,0.012804773412430635,0.2882366443074088
2023-08-15 15:00:00-05:00,0.25497551521677353,True,-0.0054687821792341615,0.24950673303753937
2023-08-15 16:00:00-05:00,0.2107083249448254,True,-0.07417731101044579,0.1365310139343796
2023-08-15 17:00:00-05:00,0.15596626143801812,True,-0.13757811469315886,0.01838814674485925
2023-08-15 18:00:00-05:00,0.15787146617915973,True,-0.13968721747964438,0.01818424869951535
2023-08-15 19:00:00-05:00,0.00919702606195939,True,-0.011143202315585417,-0.0019461762536260273
2023-08-15 20:00:00-05:00,-0.0009,True,0.0008999999999999991,-8.673617379884035e-19
2023-08-15 21:00:00-05:00,0.012643569693756308,True,-0.01310930341124266,-0.00046573371748635274
2023-08-15 22:00:00-05:00,0.03858777082795618,True,-0.03870686279364435,-0.00011909196568817004
2023-08-15 23:00:00-05:00,0.011881490881445694,True,-0.012272507920270377,-0.0003910170388246835
2023-08-16 00:00:00-05:00,-0.0009,True,0.000900000000000002,2.0599841277224584e-18
2023-08-16 01:00:00-05:00,-0.0009,True,0.000900000000000002,2.0599841277224584e-18
2023-08-16 02:00:00-05:00,-0.0009,True,0.000900000000000002,2.0599841277224584e-18
2023-08-16 03:00:00-05:00,-0.0009,True,0.000900000000000002,2.0599841277224584e-18
2023-08-16 04:00:00-05:00,-0.0009,True,0.000900000000000002,2.0599841277224584e-18
2023-08-16 05:00:00-05:00,-0.0009,True,0.000900000000000002,2.0599841277224584e-18
2023-08-16 06:00:00-05:00,-0.0009,True,0.000900000000000002,2.0599841277224584e-18
2023-08-16 07:00:00-05:00,-0.0009,True,0.001009863476986484,0.00010986347698648392
2023-08-16 08:00:00-05:00,-0.0009,True,0.04127601050032523,0.04037601050032523
2023-08-16 09:00:00-05:00,-0.0009,True,0.10449097140711308,0.10359097140711308
2023-08-16 10:00:00-05:00,-0.0009,True,0.12245922799901328,0.12155922799901328
2023-08-16 11:00:00-05:00,0.11684090836200961,True,0.10857948645028676,0.22542039481229637
2023-08-16 12:00:00-05:00,0.23238845581961895,True,0.0869928379617152,0.3193812937813342
2023-08-16 13:00:00-05:00,0.27387126469742235,True,0.07060435768397139,0.34447562238139373
2023-08-16 14:00:00-05:00,0.2789460426857288,True,0.010378380790471146,0.28932442347619997
2023-08-16 15:00:00-05:00,0.2596661343454024,True,-0.006876662372656566,0.25278947197274587
2023-08-16 16:00:00-05:00,0.21502791184047435,True,-0.07455157805593289,0.14047633378454144
2023-08-16 17:00:00-05:00,0.149658624789724,True,-0.12790028387590863,0.02175834091381537
2023-08-16 18:00:00-05:00,0.06129849645295434,True,-0.07213886007325906,-0.010840363620304723
2023-08-16 19:00:00-05:00,-0.0009,True,-0.0037306164962233584,-0.004630616496223358
2023-08-16 20:00:00-05:00,0.055928952256657685,True,-0.05448907732143356,0.001439874935224128
2023-08-16 21:00:00-05:00,-0.0009,True,-0.0006245767773138236,-0.0015245767773138237
2023-08-16 22:00:00-05:00,-0.0009,True,0.0008999999999999991,-8.673617379884035e-19
2023-08-16 23:00:00-05:00,-0.0009,True,0.0008999999999999991,-8.673617379884035e-19
2023-08-17 00:00:00-05:00,-0.0009,True,0.000900000000000002,2.0599841277224584e-18
2023-08-17 01:00:00-05:00,-0.0009,True,0.000900000000000002,2.0599841277224584e-18
2023-08-17 02:00:00-05:00,-0.0009,True,0.000900000000000002,2.0599841277224584e-18
2023-08-17 03:00:00-05:00,-0.0009,True,0.000900000000000002,2.0599841277224584e-18
2023-08-17 04:00:00-05:00,-0.0009,True,0.0009000000000000019,1.951563910473908e-18
2023-08-17 05:00:00-05:00,-0.0009,True,0.000900000000000002,2.0599841277224584e-18
2023-08-17 06:00:00-05:00,-0.0009,True,0.000900000000000002,2.0599841277224584e-18
2023-08-17 07:00:00-05:00,-0.0009,True,0.0010551690833230268,0.0001551690833230268
2023-08-17 08:00:00-05:00,-0.0009,True,0.030113064342688175,0.029213064342688173
2023-08-17 09:00:00-05:00,-0.0009,True,0.07210487464186258,0.07120487464186258
2023-08-17 10:00:00-05:00,-0.0009,True,0.08450305335689386,0.08360305335689386
2023-08-17 11:00:00-05:00,0.006784631372235901,True,0.09345685567780271,0.1002414870500386
2023-08-17 12:00:00-05:00,0.23634621040939058,True,0.09989080162072496,0.3362370120301155
2023-08-17 13:00:00-05:00,0.27704694215614034,True,0.06493221330872856,0.3419791554648689
2023-08-17 14:00:00-05:00,0.2813180615963787,True,0.008427320608316004,0.2897453822046947
2023-08-17 15:00:00-05:00,0.2602430931399351,True,-0.008378764227659324,0.2518643289122758
2023-08-17 16:00:00-05:00,0.21670526319338346,True,-0.08464034340684627,0.13206491978653717
2023-08-17 17:00:00-05:00,0.1508940188919575,True,-0.13192803726378818,0.018965981628169315
2023-08-17 18:00:00-05:00,0.06541545097283033,True,-0.0721642396565767,-0.006748788683746371
2023-08-17 19:00:00-05:00,0.1331957274211797,True,-0.10469920781441042,0.02849651960676927
2023-08-17 20:00:00-05:00,0.005506637533788172,True,-0.009848987890842686,-0.0043423503570545145
2023-08-17 21:00:00-05:00,0.09289614297212331,True,-0.09071086115937411,0.0021852818127491985
2023-08-17 22:00:00-05:00,-0.0009,True,0.0002606694476205471,-0.0006393305523794529
2023-08-17 23:00:00-05:00,-0.0009,True,0.0008999999999999991,-8.673617379884035e-19
2023-08-18 00:00:00-05:00,-0.0009,True,0.000900000000000002,2.0599841277224584e-18
2023-08-18 01:00:00-05:00,-0.0009,True,0.000900000000000002,2.0599841277224584e-18
2023-08-18 02:00:00-05:00,-0.0009,True,0.000900000000000002,2.0599841277224584e-18
2023-08-18 03:00:00-05:00,-0.0009,True,0.000900000000000002,2.0599841277224584e-18
2023-08-18 04:00:00-05:00,-0.0009,True,0.000900000000000002,2.0599841277224584e-18
2023-08-18 05:00:00-05:00,-0.0009,True,0.000900000000000002,2.0599841277224584e-18
2023-08-18 06:00:00-05:00,-0.0009,True,0.000900000000000002,2.0599841277224584e-18
2023-08-18 07:00:00-05:00,-0.0009,True,0.001374012230463721,0.000474012230463721
2023-08-18 08:00:00-05:00,-0.0009,True,0.04966453886134449,0.04876453886134449
2023-08-18 09:00:00-05:00,-0.0009,True,0.10342894931662869,0.10252894931662869
2023-08-18 10:00:00-05:00,-0.0009,True,0.11869570184829988,0.11779570184829988
2023-08-18 11:00:00-05:00,0.0954505673835238,True,0.11103103940104245,0.20648160678456623
2023-08-18 12:00:00-05:00,0.025025716120257915,True,0.1125605563698333,0.1375862724900912
2023-08-18 13:00:00-05:00,0.27039280845358615,True,0.07064879157273135,0.3410416000263175
2023-08-18 14:00:00-05:00,0.2877616734328501,True,0.013455498792798913,0.301217172225649
2023-08-18 15:00:00-05:00,0.2701402684055747,True,-0.007680953859502756,0.26245931454607196
2023-08-18 16:00:00-05:00,0.18825641372633428,True,-0.04615795814456461,0.14209845558176967
2023-08-18 17:00:00-05:00,0.15333989298009984,True,-0.13548051071088207,0.017859382269217766
2023-08-18 18:00:00-05:00,0.162205590530827,True,-0.14167282858443428,0.020532761946392725
2023-08-18 19:00:00-05:00,0.040424595052879625,True,-0.04009431456635603,0.0003302804865235945
2023-08-18 20:00:00-05:00,-0.0009,True,-0.0006834279728960979,-0.001583427972896098
2023-08-18 21:00:00-05:00,-0.0009,True,2.451577402411313e-05,-0.0008754842259758868
2023-08-18 22:00:00-05:00,-0.0009,True,0.0008999999999999991,-8.673617379884035e-19
2023-08-18 23:00:00-05:00,-0.0009,True,0.0008999999999999991,-8.673617379884035e-19
2023-08-19 00:00:00-05:00,-0.0009,True,0.000900000000000002,2.0599841277224584e-18
2023-08-19 01:00:00-05:00,-0.0009,True,0.000900000000000002,2.0599841277224584e-18
2023-08-19 02:00:00-05:00,-0.0009,True,0.000900000000000002,2.0599841277224584e-18
2023-08-19 03:00:00-05:00,-0.0009,True,0.000900000000000002,2.0599841277224584e-18
2023-08-19 04:00:00-05:00,-0.0009,True,0.000900000000000002,2.0599841277224584e-18
2023-08-19 05:00:00-05:00,-0.0009,True,0.000900000000000002,2.0599841277224584e-18
2023-08-19 06:00:00-05:00,-0.0009,True,0.000900000000000002,2.0599841277224584e-18
2023-08-19 07:00:00-05:00,-0.0009,True,0.0014300889143474482,0.0005300889143474482
2023-08-19 08:00:00-05:00,-0.0009,True,0.05125317598088559,0.050353175980885595
2023-08-19 09:00:00-05:00,-0.0009,True,0.10721502099064885,0.10631502099064885
2023-08-19 10:00:00-05:00,-0.0009,True,0.1296281438815618,0.12872814388156179
2023-08-19 11:00:00-05:00,0.13932345269250992,True,0.13112381780670046,0.27044727049921036
2023-08-19 12:00:00-05:00,0.2566728434949451,True,0.0953056159376655,0.35197845943261064
2023-08-19 13:00:00-05:00,0.2985608575743447,True,0.05257334980367637,0.35113420737802103
2023-08-19 14:00:00-05:00,0.2999798354608477,True,0.007329357206370478,0.3073091926672182
2023-08-19 15:00:00-05:00,0.2746154077807665,True,-0.01607439375489279,0.2585410140258737
2023-08-19 16:00:00-05:00,0.2258220608737136,True,-0.12244098004382462,0.10338108082988898
2023-08-19 17:00:00-05:00,0.15569446731962833,True,-0.13669762391976525,0.018996843399863073
2023-08-19 18:00:00-05:00,0.0631596165191506,True,-0.07118425270116922,-0.008024636182018624
2023-08-19 19:00:00-05:00,-0.0009,True,-0.0037306164962233584,-0.004630616496223358
2023-08-19 20:00:00-05:00,-0.0009,True,-0.0006834279728960979,-0.001583427972896098
2023-08-19 21:00:00-05:00,-0.0009,True,0.0002606694476205471,-0.0006393305523794529
2023-08-19 22:00:00-05:00,-0.0009,True,0.0008999999999999991,-8.673617379884035e-19
2023-08-19 23:00:00-05:00,-0.0009,True,0.0008999999999999991,-8.673617379884035e-19
2023-08-20 00:00:00-05:00,-0.0009,True,0.000900000000000002,2.0599841277224584e-18
2023-08-20 01:00:00-05:00,-0.0009,True,0.000900000000000002,2.0599841277224584e-18
2023-08-20 02:00:00-05:00,-0.0009,True,0.000900000000000002,2.0599841277224584e-18
2023-08-20 03:00:00-05:00,-0.0009,True,0.000900000000000002,2.0599841277224584e-18
2023-08-20 04:00:00-05:00,-0.0009,True,0.000900000000000002,2.0599841277224584e-18
2023-08-20 05:00:00-05:00,-0.0009,True,0.000900000000000002,2.0599841277224584e-18
2023-08-20 06:00:00-05:00,-0.0009,True,0.000900000000000002,2.0599841277224584e-18
2023-08-20 07:00:00-05:00,-0.0009,True,0.001459696498191359,0.000559696498191359
2023-08-20 08:00:00-05:00,-0.0009,True,0.0510148809169238,0.0501148809169238
2023-08-20 09:00:00-05:00,-0.0009,True,0.09416573104525656,0.09326573104525657
2023-08-20 10:00:00-05:00,-0.0009,True,0.12273995712927879,0.1218399571292788
2023-08-20 11:00:00-05:00,0.11631110286053364,True,0.12269223994449714,0.23900334280503077
2023-08-20 12:00:00-05:00,0.2346094275003036,True,0.10426227881886818,0.3388717063191718
2023-08-20 13:00:00-05:00,0.2766952918582393,True,0.0793597539717044,0.35605504582994374
2023-08-20 14:00:00-05:00,0.2809715157794525,True,0.0065635192357404,0.2875350350151929
2023-08-20 15:00:00-05:00,0.2581619601480722,True,-0.013692901789051505,0.2444690583590207
2023-08-20 16:00:00-05:00,0.2153328644430985,True,-0.0706497244965092,0.14468313994658927
2023-08-20 17:00:00-05:00,0.15129605578822247,True,-0.1332897589324447,0.01800629685577776
2023-08-20 18:00:00-05:00,0.06818076859572843,True,-0.07536423612635659,-0.007183467530628165
2023-08-20 19:00:00-05:00,0.010109640193025208,True,-0.01392138518035539,-0.0038117449873301817
2023-08-20 20:00:00-05:00,0.011189306819015756,True,-0.013416843626449675,-0.002227536807433919
2023-08-20 21:00:00-05:00,0.011292594144202485,True,-0.013401212977197754,-0.0021086188329952696
2023-08-20 22:00:00-05:00,0.009368027352455998,True,-0.008581853827966614,0.0007861735244893836
2023-08-20 23:00:00-05:00,-0.0009,True,0.0008999999999999991,-8.673617379884035e-19
2023-08-21 00:00:00-05:00,-0.0009,True,0.000900000000000002,2.0599841277224584e-18
2023-08-21 01:00:00-05:00,-0.0009,True,0.000900000000000002,2.0599841277224584e-18
2023-08-21 02:00:00-05:00,-0.0009,True,0.000900000000000002,2.0599841277224584e-18
2023-08-21 03:00:00-05:00,-0.0009,True,0.000900000000000002,2.0599841277224584e-18
2023-08-21 04:00:00-05:00,-0.0009,True,0.000900000000000002,2.0599841277224584e-18
2023-08-21 05:00:00-05:00,-0.0009,True,0.000900000000000002,2.0599841277224584e-18
2023-08-21 06:00:00-05:00,-0.0009,True,0.000900000000000002,2.0599841277224584e-18
2023-08-21 07:00:00-05:00,-0.0009,True,0.0014676743065611857,0.0005676743065611857
2023-08-21 08:00:00-05:00,-0.0009,True,0.04856236493701508,0.04766236493701508
2023-08-21 09:00:00-05:00,-0.0009,True,0.1089061134973041,0.1080061134973041
2023-08-21 10:00:00-05:00,-0.0009,True,0.13536355548425416,0.13446355548425415
2023-08-21 11:00:00-05:00,-0.0009,True,0.13302732793701938,0.13212732793701937
2023-08-21 12:00:00-05:00,0.13083633092274233,True,0.11231147201703819,0.2431478029397805
2023-08-21 13:00:00-05:00,0.07914681784549263,True,0.11434157559836233,0.19348839344385496
2023-08-21 14:00:00-05:00,0.21418560819517823,True,0.04984870498420747,0.2640343131793857
2023-08-21 15:00:00-05:00,0.22950471675211292,True,0.029795954916216654,0.2593006716683296
2023-08-21 16:00:00-05:00,0.20056582922429317,True,-0.06185281253819056,0.1387130166861026
2023-08-21 17:00:00-05:00,0.16175909575419045,True,-0.14294251910957206,0.018816576644618388
2023-08-21 18:00:00-05:00,0.13811427521864894,True,-0.10949693437947725,0.028617340839171695
2023-08-21 19:00:00-05:00,0.10278228871397639,True,-0.10348551162336384,-0.0007032229093874437
2023-08-21 20:00:00-05:00,0.07717507913612483,True,-0.08147437711654903,-0.004299297980424208
2023-08-21 21:00:00-05:00,0.051763811951439885,True,-0.052443211589874965,-0.0006793996384350798
2023-08-21 22:00:00-05:00,0.04300089249896268,True,-0.042238053316900094,0.0007628391820625885
2023-08-21 23:00:00-05:00,-0.0009,True,0.0008999999999999991,-8.673617379884035e-19
2023-08-22 00:00:00-05:00,-0.0009,True,0.000900000000000002,2.0599841277224584e-18
2023-08-22 01:00:00-05:00,-0.0009,True,0.000900000000000002,2.0599841277224584e-18
2023-08-22 02:00:00-05:00,-0.0009,True,0.000900000000000002,2.0599841277224584e-18
2023-08-22 03:00:00-05:00,-0.0009,True,0.000900000000000002,2.0599841277224584e-18
2023-08-22 04:00:00-05:00,-0.0009,True,0.000900000000000002,2.0599841277224584e-18
2023-08-22 05:00:00-05:00,-0.0009,True,0.000900000000000002,2.0599841277224584e-18
2023-08-22 06:00:00-05:00,-0.0009,True,0.000900000000000002,2.0599841277224584e-18
2023-08-22 07:00:00-05:00,-0.0009,True,0.0014122515560709248,0.0005122515560709248
2023-08-22 08:00:00-05:00,-0.0009,True,0.042301522011988425,0.04140152201198843
2023-08-22 09:00:00-05:00,-0.0009,True,0.09709481553690567,0.09619481553690568
2023-08-22 10:00:00-05:00,-0.0009,True,0.1293711215390068,0.12847112153900678
2023-08-22 11:00:00-05:00,-0.0009,True,0.13376956269301982,0.1328695626930198
2023-08-22 12:00:00-05:00,0.039878301142010235,True,0.12604354512218127,0.1659218462641915
2023-08-22 13:00:00-05:00,0.09037607908144941,True,0.1282572604730926,0.218633339554542
2023-08-22 14:00:00-05:00,0.2707455984011624,True,0.058897018613639135,0.3296426170148016
2023-08-22 15:00:00-05:00,0.2360887068510596,True,0.03849162111898797,0.27458032797004756
2023-08-22 16:00:00-05:00,0.2081299202850309,True,-0.052731637159528014,0.1553982831255029
2023-08-22 17:00:00-05:00,0.14973627896541544,True,-0.12978718434395956,0.019949094621455887
2023-08-22 18:00:00-05:00,0.05528955094085236,True,-0.05067916063950905,0.00461039030134331
2023-08-22 19:00:00-05:00,-0.0009,True,-0.0006834279728960979,-0.001583427972896098
2023-08-22 20:00:00-05:00,-0.0009,True,-3.4335421558161265e-05,-0.0009343354215581612
2023-08-22 21:00:00-05:00,-0.0009,True,0.0007244961905643525,-0.00017550380943564745
2023-08-22 22:00:00-05:00,-0.0009,True,0.0008999999999999991,-8.673617379884035e-19
2023-08-22 23:00:00-05:00,-0.0009,True,0.0008999999999999991,-8.673617379884035e-19
2023-08-23 00:00:00-05:00,-0.0009,True,0.000900000000000002,2.0599841277224584e-18
2023-08-23 01:00:00-05:00,-0.0009,True,0.000900000000000002,2.0599841277224584e-18
2023-08-23 02:00:00-05:00,-0.0009,True,0.000900000000000002,2.0599841277224584e-18
2023-08-23 03:00:00-05:00,-0.0009,True,0.000900000000000002,2.0599841277224584e-18
2023-08-23 04:00:00-05:00,-0.0009,True,0.000900000000000002,2.0599841277224584e-18
2023-08-23 05:00:00-05:00,-0.0009,True,0.000900000000000002,2.0599841277224584e-18
2023-08-23 06:00:00-05:00,-0.0009,True,0.000900000000000002,2.0599841277224584e-18
2023-08-23 07:00:00-05:00,-0.0009,True,0.0015162978696429815,0.0006162978696429816
2023-08-23 08:00:00-05:00,-0.0009,True,0.05039722925790053,0.04949722925790053
2023-08-23 09:00:00-05:00,-0.0009,True,0.11411837817178214,0.11321837817178214
2023-08-23 10:00:00-05:00,-0.0009,True,0.1518303987545697,0.15093039875456968
2023-08-23 11:00:00-05:00,0.11701248251274997,True,0.13390316348649606,0.25091564599924604
2023-08-23 12:00:00-05:00,0.2366168054241428,True,0.09751025667460529,0.3341270620987481
2023-08-23 13:00:00-05:00,0.2765192311761095,True,0.10033457518027583,0.3768538063563853
2023-08-23 14:00:00-05:00,0.27977136493273747,True,0.0072159043942817145,0.2869872693270192
2023-08-23 15:00:00-05:00,0.25689502911234524,True,-0.013314957290053752,0.2435800718222915
2023-08-23 16:00:00-05:00,0.21206066429170684,True,-0.07358713008446459,0.13847353420724223
2023-08-23 17:00:00-05:00,0.0729109062225297,True,-0.07419496640526296,-0.0012840601827332626
2023-08-23 18:00:00-05:00,0.14458771092596134,True,-0.11103536641435427,0.033552344511607074
2023-08-23 19:00:00-05:00,0.12990641642123213,True,-0.1054869182340414,0.024419498187190733
2023-08-23 20:00:00-05:00,0.08187495493437226,True,-0.08335641538012016,-0.0014814604457479008
2023-08-23 21:00:00-05:00,0.059777696771013154,True,-0.060207353785379496,-0.0004296570143663414
2023-08-23 22:00:00-05:00,0.05072748276397866,True,-0.04446821632715393,0.0062592664368247355
2023-08-23 23:00:00-05:00,-0.0009,True,0.0008999999999999991,-8.673617379884035e-19
2023-08-24 00:00:00-05:00,-0.0009,True,0.000900000000000002,2.0599841277224584e-18
2023-08-24 01:00:00-05:00,-0.0009,True,0.000900000000000002,2.0599841277224584e-18
2023-08-24 02:00:00-05:00,-0.0009,True,0.000900000000000002,2.0599841277224584e-18
2023-08-24 03:00:00-05:00,-0.0009,True,0.000900000000000002,2.0599841277224584e-18
2023-08-24 04:00:00-05:00,-0.0009,True,0.000900000000000002,2.0599841277224584e-18
2023-08-24 05:00:00-05:00,-0.0009,True,0.000900000000000002,2.0599841277224584e-18
2023-08-24 06:00:00-05:00,-0.0009,True,0.000900000000000002,2.0599841277224584e-18
2023-08-24 07:00:00-05:00,-0.0009,True,0.0014481752238902107,0.0005481752238902108
2023-08-24 08:00:00-05:00,-0.0009,True,0.040488223771612514,0.039588223771612516
2023-08-24 09:00:00-05:00,-0.0009,True,0.08326587708058264,0.08236587708058264
2023-08-24 10:00:00-05:00,-0.0009,True,0.10198537254544636,0.10108537254544636
2023-08-24 11:00:00-05:00,-0.0009,True,0.10585585111221571,0.10495585111221571
2023-08-24 12:00:00-05:00,0.010104246791600213,True,0.1125418948761861,0.12264614166778631
2023-08-24 13:00:00-05:00,0.023432516530714598,True,0.10228477547670636,0.12571729200742096
2023-08-24 14:00:00-05:00,0.09535086474658587,True,0.11612675109791225,0.21147761584449812
2023-08-24 15:00:00-05:00,0.11197211520283712,True,0.05900416470818571,0.17097627991102282
2023-08-24 16:00:00-05:00,0.11213103471526185,True,-0.027040654295140337,0.08509038042012151
2023-08-24 17:00:00-05:00,0.10371395759278697,True,-0.09083291742803787,0.0128810401647491
2023-08-24 18:00:00-05:00,0.12540132510496801,True,-0.09931201937992244,0.026089305725045572
2023-08-24 19:00:00-05:00,0.13591584312945876,True,-0.1050346474876346,0.030881195641824163
2023-08-24 20:00:00-05:00,0.10277327377989201,True,-0.08955208713628018,0.013221186643611826
2023-08-24 21:00:00-05:00,0.045708192608710965,True,-0.04287936916640898,0.002828823442301988
2023-08-24 22:00:00-05:00,0.04368169262466812,True,-0.04339857905672507,0.00028311356794304826
2023-08-24 23:00:00-05:00,-0.0009,True,0.0008999999999999991,-8.673617379884035e-19
2023-08-25 00:00:00-05:00,-0.0009,True,0.000900000000000002,2.0599841277224584e-18
2023-08-25 01:00:00-05:00,-0.0009,True,0.000900000000000002,2.0599841277224584e-18
2023-08-25 02:00:00-05:00,-0.0009,True,0.000900000000000002,2.0599841277224584e-18
2023-08-25 03:00:00-05:00,-0.0009,True,0.000900000000000002,2.0599841277224584e-18
2023-08-25 04:00:00-05:00,-0.0009,True,0.000900000000000002,2.0599841277224584e-18
2023-08-25 05:00:00-05:00,-0.0009,True,0.000900000000000002,2.0599841277224584e-18
2023-08-25 06:00:00-05:00,-0.0009,True,0.000900000000000002,2.0599841277224584e-18
2023-08-25 07:00:00-05:00,-0.0009,True,0.0014234386899931312,0.0005234386899931312
2023-08-25 08:00:00-05:00,-0.0009,True,0.04370987561547271,0.04280987561547271
2023-08-25 09:00:00-05:00,-0.0009,True,0.08543518940106878,0.08453518940106879
2023-08-25 10:00:00-05:00,-0.0009,True,0.09513019453388984,0.09423019453388984
2023-08-25 11:00:00-05:00,-0.0009,True,0.09835547095421011,0.09745547095421012
2023-08-25 12:00:00-05:00,-0.0009,True,0.10685364997041756,0.10595364997041756
2023-08-25 13:00:00-05:00,0.07701139433215899,True,0.10835140451604172,0.18536279884820073
2023-08-25 14:00:00-05:00,0.07529418819535767,True,0.12206078764089931,0.197354975836257
2023-08-25 15:00:00-05:00,0.22731579231704532,True,0.03488434895464025,0.26220014127168556
2023-08-25 16:00:00-05:00,0.20805967122220673,True,-0.06582721644221706,0.14223245477998966
2023-08-25 17:00:00-05:00,0.1447068072136782,True,-0.1047581328868569,0.03994867432682131
2023-08-25 18:00:00-05:00,0.05748439665314839,True,-0.06928018019269767,-0.011795783539549284
2023-08-25 19:00:00-05:00,0.005937059741537224,True,-0.009997816224529532,-0.004060756482992308
2023-08-25 20:00:00-05:00,-0.0009,True,-0.0035985774827710783,-0.0044985774827710785
2023-08-25 21:00:00-05:00,0.0051537031520217345,True,-0.008710296008320321,-0.0035565928562985866
2023-08-25 22:00:00-05:00,-0.0009,True,0.0002606694476205471,-0.0006393305523794529
2023-08-25 23:00:00-05:00,0.008126890718942452,True,-0.005850046329898567,0.002276844389043885
2023-08-26 00:00:00-05:00,-0.0009,True,0.000900000000000002,2.0599841277224584e-18
2023-08-26 01:00:00-05:00,-0.0009,True,0.000900000000000002,2.0599841277224584e-18
2023-08-26 02:00:00-05:00,-0.0009,True,0.000900000000000002,2.0599841277224584e-18
2023-08-26 03:00:00-05:00,-0.0009,True,0.000900000000000002,2.0599841277224584e-18
2023-08-26 04:00:00-05:00,-0.0009,True,0.000900000000000002,2.0599841277224584e-18
2023-08-26 05:00:00-05:00,-0.0009,True,0.000900000000000002,2.0599841277224584e-18
2023-08-26 06:00:00-05:00,-0.0009,True,0.000900000000000002,2.0599841277224584e-18
2023-08-26 07:00:00-05:00,-0.0009,True,0.001467047585540541,0.000567047585540541
2023-08-26 08:00:00-05:00,-0.0009,True,0.05018278450952276,0.04928278450952276
2023-08-26 09:00:00-05:00,-0.0009,True,0.11368697560708058,0.11278697560708058
2023-08-26 10:00:00-05:00,-0.0009,True,0.13805368104851987,0.13715368104851985
2023-08-26 11:00:00-05:00,0.07750200493802605,True,0.12888810687799362,0.20639011181601968
2023-08-26 12:00:00-05:00,0.13620034437046033,True,0.12069916291133662,0.25689950728179695
2023-08-26 13:00:00-05:00,0.2595347406209989,True,0.09145486665136655,0.35098960727236544
2023-08-26 14:00:00-05:00,0.1515398611393184,True,0.07373293424194131,0.22527279538125972
2023-08-26 15:00:00-05:00,0.24481564119784133,True,-0.0002526514614071261,0.2445629897364342
2023-08-26 16:00:00-05:00,0.20509980777564896,True,-0.06883535651615313,0.13626445125949582
2023-08-26 17:00:00-05:00,0.150149047658951,True,-0.1294591088411238,0.020689938817827214
2023-08-26 18:00:00-05:00,0.05895106638910223,True,-0.06942205280068,-0.010470986411577773
2023-08-26 19:00:00-05:00,0.007126154544530832,True,-0.010102256144592507,-0.002976101600061675
2023-08-26 20:00:00-05:00,0.006068219723065989,True,-0.010130575786106542,-0.004062356063040553
2023-08-26 21:00:00-05:00,0.004980427239953179,True,-0.00803041324382605,-0.003049986003872871
2023-08-26 22:00:00-05:00,-0.0009,True,0.0007244961905643525,-0.00017550380943564745
2023-08-26 23:00:00-05:00,-0.0009,True,0.0008999999999999991,-8.673617379884035e-19
2023-08-27 00:00:00-05:00,-0.0009,True,0.000900000000000002,2.0599841277224584e-18
2023-08-27 01:00:00-05:00,-0.0009,True,0.000900000000000002,2.0599841277224584e-18
2023-08-27 02:00:00-05:00,-0.0009,True,0.000900000000000002,2.0599841277224584e-18
2023-08-27 03:00:00-05:00,-0.0009,True,0.000900000000000002,2.0599841277224584e-18
2023-08-27 04:00:00-05:00,-0.0009,True,0.000900000000000002,2.0599841277224584e-18
2023-08-27 05:00:00-05:00,-0.0009,True,0.000900000000000002,2.0599841277224584e-18
2023-08-27 06:00:00-05:00,-0.0009,True,0.0009000000000000019,1.951563910473908e-18
2023-08-27 07:00:00-05:00,-0.0009,True,0.0015258395550926097,0.0006258395550926097
2023-08-27 08:00:00-05:00,-0.0009,True,0.050819350518873235,0.04991935051887324
2023-08-27 09:00:00-05:00,-0.0009,True,0.10245244327674677,0.10155244327674677
2023-08-27 10:00:00-05:00,-0.0009,True,0.14421580017114957,0.14331580017114956
2023-08-27 11:00:00-05:00,-0.0009,True,0.1389368454896085,0.13803684548960848
2023-08-27 12:00:00-05:00,0.22034784005088495,True,0.11657138827918682,0.33691922833007176
2023-08-27 13:00:00-05:00,0.2686034908646515,True,0.08867102422609982,0.35727451509075137
2023-08-27 14:00:00-05:00,0.19240704529120423,True,0.07336403683170394,0.2657710821229082
2023-08-27 15:00:00-05:00,0.25181935933286537,True,-0.005302654095067391,0.24651670523779798
2023-08-27 16:00:00-05:00,0.2061819987422286,True,-0.07086861241822193,0.13531338632400666
2023-08-27 17:00:00-05:00,0.14007234656334827,True,-0.1027469118586761,0.03732543470467217
2023-08-27 18:00:00-05:00,0.054341373059354166,True,-0.05257303355854328,0.0017683395008108865
2023-08-27 19:00:00-05:00,0.09528725850833515,True,-0.09180770144651217,0.0034795570618229854
2023-08-27 20:00:00-05:00,0.006721118478030945,True,-0.009722819560248681,-0.003001701082217737
2023-08-27 21:00:00-05:00,0.030364999076537957,True,-0.022170539700274165,0.008194459376263792
2023-08-27 22:00:00-05:00,0.006542869942162069,True,-0.007008514885703229,-0.00046564494354116043
2023-08-27 23:00:00-05:00,-0.0009,True,0.0008999999999999991,-8.673617379884035e-19
2023-08-28 00:00:00-05:00,-0.0009,True,0.000900000000000002,2.0599841277224584e-18
2023-08-28 01:00:00-05:00,-0.0009,True,0.000900000000000002,2.0599841277224584e-18
2023-08-28 02:00:00-05:00,-0.0009,True,0.000900000000000002,2.0599841277224584e-18
2023-08-28 03:00:00-05:00,-0.0009,True,0.000900000000000002,2.0599841277224584e-18
2023-08-28 04:00:00-05:00,-0.0009,True,0.000900000000000002,2.0599841277224584e-18
2023-08-28 05:00:00-05:00,-0.0009,True,0.000900000000000002,2.0599841277224584e-18
2023-08-28 06:00:00-05:00,-0.0009,True,0.000900000000000002,2.0599841277224584e-18
2023-08-28 07:00:00-05:00,-0.0009,True,0.0014782499365116252,0.0005782499365116253
2023-08-28 08:00:00-05:00,-0.0009,True,0.0359272712060506,0.0350272712060506
2023-08-28 09:00:00-05:00,-0.0009,True,0.09616372325743107,0.09526372325743107
2023-08-28 10:00:00-05:00,-0.0009,True,0.12709068773777185,0.12619068773777184
2023-08-28 11:00:00-05:00,-0.0009,True,0.1252342255679253,0.1243342255679253
2023-08-28 12:00:00-05:00,0.01742004482160929,True,0.12376661828129226,0.14118666310290157
2023-08-28 13:00:00-05:00,0.07014094367323846,True,0.12234453723426024,0.1924854809074987
2023-08-28 14:00:00-05:00,0.12410383273436226,True,0.0931732341029186,0.21727706683728087
2023-08-28 15:00:00-05:00,0.1827468187164989,True,0.05350255392672436,0.23624937264322327
2023-08-28 16:00:00-05:00,0.13091424423762243,True,-0.03759293261034138,0.09332131162728105
2023-08-28 17:00:00-05:00,0.12674323496686402,True,-0.09953061374036329,0.027212621226500727
2023-08-28 18:00:00-05:00,0.1284293070175808,True,-0.1015200188235946,0.02690928819398619
2023-08-28 19:00:00-05:00,0.07792622343484491,True,-0.07785920887426546,6.70145605794481e-05
2023-08-28 20:00:00-05:00,0.07505043328216056,True,-0.07449985370772541,0.0005505795744351477
2023-08-28 21:00:00-05:00,0.04615204810942522,True,-0.03907668885742974,0.007075359251995483
2023-08-28 22:00:00-05:00,-0.0009,True,0.0008999999999999991,-8.673617379884035e-19
2023-08-28 23:00:00-05:00,-0.0009,True,0.0008999999999999991,-8.673617379884035e-19
2023-08-29 00:00:00-05:00,-0.0009,True,0.000900000000000002,2.0599841277224584e-18
2023-08-29 01:00:00-05:00,-0.0009,True,0.000900000000000002,2.0599841277224584e-18
2023-08-29 02:00:00-05:00,-0.0009,True,0.000900000000000002,2.0599841277224584e-18
2023-08-29 03:00:00-05:00,-0.0009,True,0.000900000000000002,2.0599841277224584e-18
2023-08-29 04:00:00-05:00,-0.0009,True,0.000900000000000002,2.0599841277224584e-18
2023-08-29 05:00:00-05:00,-0.0009,True,0.000900000000000002,2.0599841277224584e-18
2023-08-29 06:00:00-05:00,-0.0009,True,0.000900000000000002,2.0599841277224584e-18
2023-08-29 07:00:00-05:00,-0.0009,True,0.001477524843282325,0.0005775248432823251
2023-08-29 08:00:00-05:00,-0.0009,True,0.03757619477981068,0.036676194779810684
2023-08-29 09:00:00-05:00,-0.0009,True,0.09344680699649893,0.09254680699649893
2023-08-29 10:00:00-05:00,-0.0009,True,0.11770667417022343,0.11680667417022343
2023-08-29 11:00:00-05:00,-0.0009,True,0.12084185211526993,0.11994185211526993
2023-08-29 12:00:00-05:00,0.008018975323980469,True,0.12710559092940327,0.13512456625338373
2023-08-29 13:00:00-05:00,0.026017744121832068,True,0.1169442660617217,0.14296201018355376
2023-08-29 14:00:00-05:00,0.055751742130060296,True,0.12659056798005944,0.18234231011011973
2023-08-29 15:00:00-05:00,0.09038747854630605,True,0.07412916173738072,0.1645166402836868
2023-08-29 16:00:00-05:00,0.08955731609637371,True,-0.030912245128217025,0.05864507096815669
2023-08-29 17:00:00-05:00,0.13281154663451436,True,-0.10158382847592078,0.031227718158593584
2023-08-29 18:00:00-05:00,0.047120910406780576,True,-0.04259149984269308,0.0045294105640874965
2023-08-29 19:00:00-05:00,0.1025256567707873,True,-0.08980091224253033,0.012724744528256976
2023-08-29 20:00:00-05:00,0.04735252140062107,True,-0.04215605337109525,0.005196468029525822
2023-08-29 21:00:00-05:00,0.05718020313544701,True,-0.05931963323758421,-0.002139430102137206
2023-08-29 22:00:00-05:00,0.021801050896822542,True,-0.018403768999840694,0.0033972818969818484
2023-08-29 23:00:00-05:00,-0.0009,True,0.0008999999999999991,-8.673617379884035e-19
2023-08-30 00:00:00-05:00,-0.0009,True,0.000900000000000002,2.0599841277224584e-18
2023-08-30 01:00:00-05:00,-0.0009,True,0.000900000000000002,2.0599841277224584e-18
2023-08-30 02:00:00-05:00,-0.0009,True,0.000900000000000002,2.0599841277224584e-18
2023-08-30 03:00:00-05:00,-0.0009,True,0.000900000000000002,2.0599841277224584e-18
2023-08-30 04:00:00-05:00,-0.0009,True,0.000900000000000002,2.0599841277224584e-18
2023-08-30 05:00:00-05:00,-0.0009,True,0.000900000000000002,2.0599841277224584e-18
2023-08-30 06:00:00-05:00,-0.0009,True,0.000900000000000002,2.0599841277224584e-18
2023-08-30 07:00:00-05:00,-0.0009,True,0.0014776232154909805,0.0005776232154909805
2023-08-30 08:00:00-05:00,-0.0009,True,0.045571478410791455,0.04467147841079146
2023-08-30 09:00:00-05:00,-0.0009,True,0.08756603678767165,0.08666603678767165
2023-08-30 10:00:00-05:00,-0.0009,True,0.11202425651859421,0.11112425651859421
2023-08-30 11:00:00-05:00,-0.0009,True,0.12271643488560163,0.12181643488560163
2023-08-30 12:00:00-05:00,0.09577153961369111,True,0.1156106002413003,0.2113821398549914
2023-08-30 13:00:00-05:00,0.2190504146556595,True,0.08027216557294942,0.2993225802286089
2023-08-30 14:00:00-05:00,0.15859477126076,True,0.06451669590415145,0.22311146716491143
2023-08-30 15:00:00-05:00,0.2547706636024937,True,-0.0027642568718642025,0.25200640673062946
2023-08-30 16:00:00-05:00,0.18741744160128032,True,-0.05649565952179368,0.13092178207948663
2023-08-30 17:00:00-05:00,0.1465896534598888,True,-0.11449196845388532,0.03209768500600349
2023-08-30 18:00:00-05:00,0.1494605880092837,True,-0.13120860703283788,0.018251980976445814
2023-08-30 19:00:00-05:00,0.038076882373623985,True,-0.0370732144609384,0.0010036679126855866
2023-08-30 20:00:00-05:00,0.08300870641549783,True,-0.09071405982597212,-0.0077053534104742916
2023-08-30 21:00:00-05:00,0.049537574499234016,True,-0.047400550724110015,0.0021370237751240015
2023-08-30 22:00:00-05:00,0.041199387237246636,True,-0.038961205249918765,0.002238181987327871
2023-08-30 23:00:00-05:00,0.005172906962221859,True,-0.005714127551136629,-0.0005412205889147696
2023-08-31 00:00:00-05:00,-0.0009,True,0.000900000000000002,2.0599841277224584e-18
2023-08-31 01:00:00-05:00,-0.0009,True,0.000900000000000002,2.0599841277224584e-18
2023-08-31 02:00:00-05:00,-0.0009,True,0.000900000000000002,2.0599841277224584e-18
2023-08-31 03:00:00-05:00,-0.0009,True,0.000900000000000002,2.0599841277224584e-18
2023-08-31 04:00:00-05:00,-0.0009,True,0.000900000000000002,2.0599841277224584e-18
2023-08-31 05:00:00-05:00,-0.0009,True,0.000900000000000002,2.0599841277224584e-18
2023-08-31 06:00:00-05:00,-0.0009,True,0.000900000000000002,2.0599841277224584e-18
2023-08-31 07:00:00-05:00,-0.0009,True,0.00141162483505028,0.00051162483505028
2023-08-31 08:00:00-05:00,-0.0009,True,0.05323442850185515,0.05233442850185515
2023-08-31 09:00:00-05:00,-0.0009,True,0.10162474803726651,0.10072474803726651
2023-08-31 10:00:00-05:00,-0.0009,True,0.13741553169255666,0.13651553169255665
2023-08-31 11:00:00-05:00,-0.0009,True,0.13318307470138468,0.13228307470138467
2023-08-31 12:00:00-05:00,0.17568859759406286,True,0.11324889612299723,0.28893749371706007
2023-08-31 13:00:00-05:00,0.25721769429792035,True,0.09987573104892909,0.35709342534684946
2023-08-31 14:00:00-05:00,0.272559714748504,True,0.06099826578504646,0.33355798053355046
2023-08-31 15:00:00-05:00,0.27390010826445177,True,-0.00894402274677797,0.2649560855176738
2023-08-31 16:00:00-05:00,0.21818577906080605,True,-0.10755370324610533,0.11063207581470072
2023-08-31 17:00:00-05:00,0.14083756491815053,True,-0.10203347042303026,0.03880409449512026
2023-08-31 18:00:00-05:00,0.04072692345208485,True,-0.03369493066605514,0.007031992786029707
2023-08-31 19:00:00-05:00,-0.0009,True,0.00020181825203827275,-0.0006981817479617273
2023-08-31 20:00:00-05:00,-0.0009,True,0.0006656449949820783,-0.00023435500501792163
2023-08-31 21:00:00-05:00,-0.0009,True,0.0008999999999999991,-8.673617379884035e-19
2023-08-31 22:00:00-05:00,-0.0009,True,0.0008999999999999991,-8.673617379884035e-19
2023-08-31 23:00:00-05:00,-0.0009,True,0.0008999999999999991,-8.673617379884035e-19
2023-09-01 00:00:00-05:00,-0.0009,True,0.000900000000000002,2.0599841277224584e-18
2023-09-01 01:00:00-05:00,-0.0009,True,0.000907156264087223,7.156264087223034e-06
2023-09-01 02:00:00-05:00,-0.0009,True,0.000907156264087223,7.156264087223034e-06
2023-09-01 03:00:00-05:00,-0.0009,True,0.000907156264087223,7.156264087223034e-06
2023-09-01 04:00:00-05:00,-0.0009,True,0.000900000000000002,2.0599841277224584e-18
2023-09-01 05:00:00-05:00,-0.0009,True,0.000900000000000002,2.0599841277224584e-18
2023-09-01 06:00:00-05:00,-0.0009,True,0.000900000000000002,2.0599841277224584e-18
2023-09-01 07:00:00-05:00,-0.0009,True,0.0010710405950981564,0.00017104059509815642
2023-09-01 08:00:00-05:00,-0.0009,True,0.032776410553882085,0.03187641055388209
2023-09-01 09:00:00-05:00,-0.0009,True,0.09178054205785184,0.09088054205785184
2023-09-01 10:00:00-05:00,-0.0009,True,0.12942558422724948,0.12852558422724947
2023-09-01 11:00:00-05:00,0.12591832813124432,True,0.13019456903814428,0.25611289716938856
2023-09-01 12:00:00-05:00,0.2619063769991949,True,0.11528721043285768,0.37719358743205256
2023-09-01 13:00:00-05:00,0.3020182839000342,True,0.058990619335449565,0.3610089032354838
2023-09-01 14:00:00-05:00,0.29982485937709435,True,0.0029225421281009922,0.30274740150519536
2023-09-01 15:00:00-05:00,0.2701265481606688,True,-0.02119652899923165,0.24893001916143712
2023-09-01 16:00:00-05:00,0.21673420140790467,True,-0.08748750338723094,0.12924669802067373
2023-09-01 17:00:00-05:00,0.14049948629680567,True,-0.10543432253270439,0.03506516376410128
2023-09-01 18:00:00-05:00,0.04083665802010714,True,-0.031039660184008312,0.00979699783609883
2023-09-01 19:00:00-05:00,-0.0009,True,3.7240062771802095e-05,-0.0008627599372281979
2023-09-01 20:00:00-05:00,-0.0009,True,0.0002733937363682357,-0.0006266062636317642
2023-09-01 21:00:00-05:00,-0.0009,True,0.0008999999999999991,-8.673617379884035e-19
2023-09-01 22:00:00-05:00,-0.0009,True,0.0008999999999999991,-8.673617379884035e-19
2023-09-01 23:00:00-05:00,-0.0009,True,0.0008999999999999991,-8.673617379884035e-19
2023-09-02 00:00:00-05:00,-0.0009,True,0.000900000000000002,2.0599841277224584e-18
2023-09-02 01:00:00-05:00,-0.0009,True,0.000900000000000002,2.0599841277224584e-18
2023-09-02 02:00:00-05:00,-0.0009,True,0.000900000000000002,2.0599841277224584e-18
2023-09-02 03:00:00-05:00,-0.0009,True,0.000900000000000002,2.0599841277224584e-18
2023-09-02 04:00:00-05:00,-0.0009,True,0.000900000000000002,2.0599841277224584e-18
2023-09-02 05:00:00-05:00,-0.0009,True,0.000900000000000002,2.0599841277224584e-18
2023-09-02 06:00:00-05:00,-0.0009,True,0.000900000000000002,2.0599841277224584e-18
2023-09-02 07:00:00-05:00,-0.0009,True,0.0010075954275842128,0.00010759542758421287
2023-09-02 08:00:00-05:00,-0.0009,True,0.03413258786037953,0.03323258786037953
2023-09-02 09:00:00-05:00,-0.0009,True,0.07791796146534398,0.07701796146534398
2023-09-02 10:00:00-05:00,-0.0009,True,0.09743091958957235,0.09653091958957236
2023-09-02 11:00:00-05:00,0.1092068490274858,True,0.10079833349611786,0.21000518252360367
2023-09-02 12:00:00-05:00,0.25145088096899854,True,0.10159450374949146,0.35304538471849
2023-09-02 13:00:00-05:00,0.29112968014862184,True,0.05009433242425621,0.34122401257287804
2023-09-02 14:00:00-05:00,0.28991365759555326,True,0.006129841115465016,0.29604349871101826
2023-09-02 15:00:00-05:00,0.261917691664164,True,-0.018998580648555478,0.24291911101560854
2023-09-02 16:00:00-05:00,0.2111830914622724,True,-0.0746014331351892,0.1365816583270832
2023-09-02 17:00:00-05:00,0.13890437083406584,True,-0.1059664129730109,0.03293795786105494
2023-09-02 18:00:00-05:00,0.04089153040128635,True,-0.03788934012031085,0.0030021902809754947
2023-09-02 19:00:00-05:00,-0.0009,True,-0.000611852488566135,-0.001511852488566135
2023-09-02 20:00:00-05:00,-0.0009,True,3.7240062771802095e-05,-0.0008627599372281979
2023-09-02 21:00:00-05:00,-0.0009,True,0.0008999999999999991,-8.673617379884035e-19
2023-09-02 22:00:00-05:00,-0.0009,True,0.0008999999999999991,-8.673617379884035e-19
2023-09-02 23:00:00-05:00,-0.0009,True,0.0008999999999999991,-8.673617379884035e-19
2023-09-03 00:00:00-05:00,-0.0009,True,0.000900000000000002,2.0599841277224584e-18
2023-09-03 01:00:00-05:00,-0.0009,True,0.000900000000000002,2.0599841277224584e-18
2023-09-03 02:00:00-05:00,-0.0009,True,0.000900000000000002,2.0599841277224584e-18
2023-09-03 03:00:00-05:00,-0.0009,True,0.000900000000000002,2.0599841277224584e-18
2023-09-03 04:00:00-05:00,-0.0009,True,0.000900000000000002,2.0599841277224584e-18
2023-09-03 05:00:00-05:00,-0.0009,True,0.000900000000000002,2.0599841277224584e-18
2023-09-03 06:00:00-05:00,-0.0009,True,0.000900000000000002,2.0599841277224584e-18
2023-09-03 07:00:00-05:00,-0.0009,True,0.0010065614830834016,0.00010656148308340165
2023-09-03 08:00:00-05:00,-0.0009,True,0.03961920667365348,0.03871920667365348
2023-09-03 09:00:00-05:00,-0.0009,True,0.09424209781282793,0.09334209781282793
2023-09-03 10:00:00-05:00,-0.0009,True,0.14035482996667809,0.13945482996667807
2023-09-03 11:00:00-05:00,0.08017292599416206,True,0.14062124986940497,0.22079417586356703
2023-09-03 12:00:00-05:00,0.22050461302371546,True,0.10070164511418586,0.3212062581379013
2023-09-03 13:00:00-05:00,0.2645442667124398,True,0.07751408549444468,0.34205835220688446
2023-09-03 14:00:00-05:00,0.2668283054127466,True,0.011392487195765777,0.2782207926085124
2023-09-03 15:00:00-05:00,0.24417951186391007,True,-0.012286609078058688,0.2318929027858514
2023-09-03 16:00:00-05:00,0.19823300171197394,True,-0.07064262940179913,0.1275903723101748
2023-09-03 17:00:00-05:00,0.13118928770185184,True,-0.10509896423386769,0.02609032346798415
2023-09-03 18:00:00-05:00,0.04166435114089573,True,-0.04105861314486009,0.0006057379960356379
2023-09-03 19:00:00-05:00,-0.0009,True,-0.003659041011893395,-0.004559041011893395
2023-09-03 20:00:00-05:00,-0.0009,True,-0.0005530012929838604,-0.0014530012929838605
2023-09-03 21:00:00-05:00,-0.0009,True,0.0003322449319505098,-0.0005677550680494902
2023-09-03 22:00:00-05:00,-0.0009,True,0.0008999999999999991,-8.673617379884035e-19
2023-09-03 23:00:00-05:00,-0.0009,True,0.0008999999999999991,-8.673617379884035e-19
2023-09-04 00:00:00-05:00,-0.0009,True,0.000900000000000002,2.0599841277224584e-18
2023-09-04 01:00:00-05:00,-0.0009,True,0.000900000000000002,2.0599841277224584e-18
2023-09-04 02:00:00-05:00,-0.0009,True,0.000900000000000002,2.0599841277224584e-18
2023-09-04 03:00:00-05:00,-0.0009,True,0.000900000000000002,2.0599841277224584e-18
2023-09-04 04:00:00-05:00,-0.0009,True,0.000900000000000002,2.0599841277224584e-18
2023-09-04 05:00:00-05:00,-0.0009,True,0.000900000000000002,2.0599841277224584e-18
2023-09-04 06:00:00-05:00,-0.0009,True,0.000900000000000002,2.0599841277224584e-18
2023-09-04 07:00:00-05:00,-0.0009,True,0.0010059347620627569,0.00010593476206275688
2023-09-04 08:00:00-05:00,-0.0009,True,0.040321675402480404,0.039421675402480406
2023-09-04 09:00:00-05:00,-0.0009,True,0.11133329769372022,0.11043329769372022
2023-09-04 10:00:00-05:00,-0.0009,True,0.14823278205891022,0.1473327820589102
2023-09-04 11:00:00-05:00,-0.0009,True,0.15275571123361767,0.15185571123361766
2023-09-04 12:00:00-05:00,0.18226464687803598,True,0.09393416495587575,0.2761988118339117
2023-09-04 13:00:00-05:00,0.2435515968553042,True,0.08074788181464117,0.32429947866994535
2023-09-04 14:00:00-05:00,0.042788113650845915,True,0.15481459204492704,0.19760270569577296
2023-09-04 15:00:00-05:00,0.1832167270947138,True,0.04248359812768128,0.22570032522239508
2023-09-04 16:00:00-05:00,0.19104807580307714,True,-0.049612889277756554,0.14143518652532058
2023-09-04 17:00:00-05:00,0.14790782810949013,True,-0.12997235016375897,0.017935477945731165
2023-09-04 18:00:00-05:00,0.060761575317794664,True,-0.07309666188117904,-0.012335086563384376
2023-09-04 19:00:00-05:00,-0.0009,True,-0.000611852488566135,-0.001511852488566135
2023-09-04 20:00:00-05:00,-0.0009,True,0.0003322449319505098,-0.0005677550680494902
2023-09-04 21:00:00-05:00,-0.0009,True,0.0008999999999999991,-8.673617379884035e-19
2023-09-04 22:00:00-05:00,-0.0009,True,0.0008999999999999991,-8.673617379884035e-19
2023-09-04 23:00:00-05:00,-0.0009,True,0.0008999999999999991,-8.673617379884035e-19
2023-09-05 00:00:00-05:00,-0.0009,True,0.000900000000000002,2.0599841277224584e-18
2023-09-05 01:00:00-05:00,-0.0009,True,0.000900000000000002,2.0599841277224584e-18
2023-09-05 02:00:00-05:00,-0.0009,True,0.000900000000000002,2.0599841277224584e-18
2023-09-05 03:00:00-05:00,-0.0009,True,0.000900000000000002,2.0599841277224584e-18
2023-09-05 04:00:00-05:00,-0.0009,True,0.000900000000000002,2.0599841277224584e-18
2023-09-05 05:00:00-05:00,-0.0009,True,0.000900000000000002,2.0599841277224584e-18
2023-09-05 06:00:00-05:00,-0.0009,True,0.000900000000000002,2.0599841277224584e-18
2023-09-05 07:00:00-05:00,-0.0009,True,0.000994609417967899,9.460941796789906e-05
2023-09-05 08:00:00-05:00,-0.0009,True,0.04084496256335892,0.03994496256335892
2023-09-05 09:00:00-05:00,-0.0009,True,0.11126504332983661,0.11036504332983661
2023-09-05 10:00:00-05:00,-0.0009,True,0.15340651299261238,0.15250651299261236
2023-09-05 11:00:00-05:00,0.058430140555091305,True,0.15029127742072712,0.20872141797581842
2023-09-05 12:00:00-05:00,0.058086403132243274,True,0.1210317723819992,0.17911817551424247
2023-09-05 13:00:00-05:00,0.25890655432697074,True,0.07435523642145636,0.3332617907484271
2023-09-05 14:00:00-05:00,0.2436524741889567,True,0.049813514903798824,0.2934659890927555
2023-09-05 15:00:00-05:00,0.24218019097641677,True,-0.01393261127601353,0.22824757970040324
2023-09-05 16:00:00-05:00,0.19678966970136233,True,-0.07188544430860444,0.12490422539275789
2023-09-05 17:00:00-05:00,0.14895565032539684,True,-0.13054419193389014,0.018411458391506708
2023-09-05 18:00:00-05:00,0.03970120111759276,True,-0.03983518350033812,-0.00013398238274536095
2023-09-05 19:00:00-05:00,0.08109453480495749,True,-0.08907077405278993,-0.007976239247832445
2023-09-05 20:00:00-05:00,0.03765251120868343,True,-0.03839356113318924,-0.0007410499245058058
2023-09-05 21:00:00-05:00,0.033175448823914176,True,-0.02757966689501511,0.005595781928899066
2023-09-05 22:00:00-05:00,0.019922595102847756,True,-0.014052035211883364,0.005870559890964392
2023-09-05 23:00:00-05:00,-0.0009,True,0.0008999999999999991,-8.673617379884035e-19
2023-09-06 00:00:00-05:00,-0.0009,True,0.000900000000000002,2.0599841277224584e-18
2023-09-06 01:00:00-05:00,-0.0009,True,0.000900000000000002,2.0599841277224584e-18
2023-09-06 02:00:00-05:00,-0.0009,True,0.000900000000000002,2.0599841277224584e-18
2023-09-06 03:00:00-05:00,-0.0009,True,0.000900000000000002,2.0599841277224584e-18
2023-09-06 04:00:00-05:00,-0.0009,True,0.000900000000000002,2.0599841277224584e-18
2023-09-06 05:00:00-05:00,-0.0009,True,0.0009000000000000019,1.951563910473908e-18
2023-09-06 06:00:00-05:00,-0.0009,True,0.000900000000000002,2.0599841277224584e-18
2023-09-06 07:00:00-05:00,-0.0009,True,0.0010059347620627569,0.00010593476206275688
2023-09-06 08:00:00-05:00,-0.0009,True,0.0399726234916388,0.0390726234916388
2023-09-06 09:00:00-05:00,-0.0009,True,0.10984360520024446,0.10894360520024446
2023-09-06 10:00:00-05:00,-0.0009,True,0.15660168643146927,0.15570168643146926
2023-09-06 11:00:00-05:00,0.060964006920265136,True,0.14620330506697868,0.2071673119872438
2023-09-06 12:00:00-05:00,0.20607825659499962,True,0.09339209994729979,0.2994703565422994
2023-09-06 13:00:00-05:00,0.25358656694677995,True,0.07518095140513571,0.32876751835191564
2023-09-06 14:00:00-05:00,0.2581922006153187,True,0.008725339250121679,0.2669175398654404
2023-09-06 15:00:00-05:00,0.23740547837529907,True,-0.008219363087391745,0.22918611528790733
2023-09-06 16:00:00-05:00,0.19219288623781614,True,-0.07703932752044651,0.11515355871736963
2023-09-06 17:00:00-05:00,0.12528655364938923,True,-0.1082145208644685,0.017072032784920727
2023-09-06 18:00:00-05:00,0.03410078495243862,True,-0.030593080296829035,0.003507704655609588
2023-09-06 19:00:00-05:00,-0.0009,True,-0.0006834279728960979,-0.001583427972896098
2023-09-06 20:00:00-05:00,-0.0009,True,2.451577402411313e-05,-0.0008754842259758868
2023-09-06 21:00:00-05:00,-0.0009,True,0.0007244961905643525,-0.00017550380943564745
2023-09-06 22:00:00-05:00,-0.0009,True,0.0008999999999999991,-8.673617379884035e-19
2023-09-06 23:00:00-05:00,-0.0009,True,0.0008999999999999991,-8.673617379884035e-19
2023-09-07 00:00:00-05:00,-0.0009,True,0.000900000000000002,2.0599841277224584e-18
2023-09-07 01:00:00-05:00,-0.0009,True,0.000900000000000002,2.0599841277224584e-18
2023-09-07 02:00:00-05:00,-0.0009,True,0.000900000000000002,2.0599841277224584e-18
2023-09-07 03:00:00-05:00,-0.0009,True,0.000900000000000002,2.0599841277224584e-18
2023-09-07 04:00:00-05:00,-0.0009,True,0.000900000000000002,2.0599841277224584e-18
2023-09-07 05:00:00-05:00,-0.0009,True,0.000900000000000002,2.0599841277224584e-18
2023-09-07 06:00:00-05:00,-0.0009,True,0.000900000000000002,2.0599841277224584e-18
2023-09-07 07:00:00-05:00,-0.0009,True,0.0010064213241807857,0.00010642132418078572
2023-09-07 08:00:00-05:00,-0.0009,True,0.03906894994076855,0.038168949940768554
2023-09-07 09:00:00-05:00,-0.0009,True,0.08418342079513047,0.08328342079513047
2023-09-07 10:00:00-05:00,-0.0009,True,0.09613580039868211,0.09523580039868211
2023-09-07 11:00:00-05:00,0.04741848456686272,True,0.10307905008200277,0.1504975346488655
2023-09-07 12:00:00-05:00,0.1915930276742273,True,0.09681911993987999,0.2884121476141073
2023-09-07 13:00:00-05:00,0.24432927908927632,True,0.07769342982822808,0.3220227089175044
2023-09-07 14:00:00-05:00,0.2525247906659837,True,0.011878599362378436,0.26440339002836216
2023-09-07 15:00:00-05:00,0.2319653668969586,True,-0.0007983800949258513,0.23116698680203274
2023-09-07 16:00:00-05:00,0.1932929441259844,True,-0.06854682470982101,0.1247461194161634
2023-09-07 17:00:00-05:00,0.1320573822630555,True,-0.10297647133358571,0.02908091092946978
2023-09-07 18:00:00-05:00,0.051394204273298105,True,-0.05161299868693035,-0.00021879441363224783
2023-09-07 19:00:00-05:00,0.014857491126173534,True,-0.016231641577833498,-0.001374150451659964
2023-09-07 20:00:00-05:00,0.04330278578301719,True,-0.04411591090339297,-0.0008131251203757836
2023-09-07 21:00:00-05:00,-0.0009,True,0.0008999999999999991,-8.673617379884035e-19
2023-09-07 22:00:00-05:00,0.010762385269789657,True,-0.011645788421022159,-0.0008834031512325018
2023-09-07 23:00:00-05:00,-0.0009,True,0.0008999999999999991,-8.673617379884035e-19
2023-09-08 00:00:00-05:00,-0.0009,True,0.000900000000000002,2.0599841277224584e-18
2023-09-08 01:00:00-05:00,-0.0009,True,0.000900000000000002,2.0599841277224584e-18
2023-09-08 02:00:00-05:00,-0.0009,True,0.000900000000000002,2.0599841277224584e-18
2023-09-08 03:00:00-05:00,-0.0009,True,0.000900000000000002,2.0599841277224584e-18
2023-09-08 04:00:00-05:00,-0.0009,True,0.000900000000000002,2.0599841277224584e-18
2023-09-08 05:00:00-05:00,-0.0009,True,0.000900000000000002,2.0599841277224584e-18
2023-09-08 06:00:00-05:00,-0.0009,True,0.000900000000000002,2.0599841277224584e-18
2023-09-08 07:00:00-05:00,-0.0009,True,0.0010165103920131962,0.00011651039201319622
2023-09-08 08:00:00-05:00,-0.0009,True,0.03294329970534135,0.03204329970534135
2023-09-08 09:00:00-05:00,-0.0009,True,0.07633771263184631,0.07543771263184632
2023-09-08 10:00:00-05:00,-0.0009,True,0.10464818263747087,0.10374818263747088
2023-09-08 11:00:00-05:00,-0.0009,True,0.15378097023932302,0.152880970239323
2023-09-08 12:00:00-05:00,0.18555703264856996,True,0.0909182043346567,0.2764752369832266
2023-09-08 13:00:00-05:00,0.24118599382304112,True,0.07714197208260097,0.3183279659056421
2023-09-08 14:00:00-05:00,0.2516359619899899,True,0.024424239463201432,0.2760602014531913
2023-09-08 15:00:00-05:00,0.23479941223820688,True,-0.004814365996478237,0.22998504624172864
2023-09-08 16:00:00-05:00,0.19399268449264057,True,-0.06963568559356331,0.12435699889907725
2023-09-08 17:00:00-05:00,0.1519011279707365,True,-0.1400522816254332,0.011848846345303282
2023-09-08 18:00:00-05:00,0.09365482056371932,True,-0.09874636812648538,-0.005091547562766058
2023-09-08 19:00:00-05:00,0.056624371726739675,True,-0.05949869809291727,-0.0028743263661775917
2023-09-08 20:00:00-05:00,0.01810951399113344,True,-0.02006158348341617,-0.0019520694922827292
2023-09-08 21:00:00-05:00,0.01612274210037832,True,-0.017578864033585544,-0.0014561219332072245
2023-09-08 22:00:00-05:00,0.01023373680127861,True,-0.012450305489482812,-0.0022165686882042023
2023-09-08 23:00:00-05:00,-0.0009,True,0.0008999999999999991,-8.673617379884035e-19
2023-09-09 00:00:00-05:00,-0.0009,True,0.000900000000000002,2.0599841277224584e-18
2023-09-09 01:00:00-05:00,-0.0009,True,0.000900000000000002,2.0599841277224584e-18
2023-09-09 02:00:00-05:00,-0.0009,True,0.000900000000000002,2.0599841277224584e-18
2023-09-09 03:00:00-05:00,-0.0009,True,0.000900000000000002,2.0599841277224584e-18
2023-09-09 04:00:00-05:00,-0.0009,True,0.000900000000000002,2.0599841277224584e-18
2023-09-09 05:00:00-05:00,-0.0009,True,0.000900000000000002,2.0599841277224584e-18
2023-09-09 06:00:00-05:00,-0.0009,True,0.000900000000000002,2.0599841277224584e-18
2023-09-09 07:00:00-05:00,-0.0009,True,0.0010173953620625776,0.00011739536206257757
2023-09-09 08:00:00-05:00,-0.0009,True,0.03015753247306208,0.02925753247306208
2023-09-09 09:00:00-05:00,-0.0009,True,0.08821306684229835,0.08731306684229835
2023-09-09 10:00:00-05:00,-0.0009,True,0.1181689526019531,0.11726895260195311
2023-09-09 11:00:00-05:00,-0.0009,True,0.11500215548891857,0.11410215548891857
2023-09-09 12:00:00-05:00,0.14805752964673188,True,0.1044781614158373,0.2525356910625692
2023-09-09 13:00:00-05:00,0.12723137264529755,True,0.10380647437416304,0.2310378470194606
2023-09-09 14:00:00-05:00,0.15901106498385423,True,0.0701016879649028,0.22911275294875705
2023-09-09 15:00:00-05:00,0.20612584968993225,True,0.030074642520233043,0.23620049221016529
2023-09-09 16:00:00-05:00,0.1798932453440241,True,-0.04724812039972907,0.13264512494429503
2023-09-09 17:00:00-05:00,0.1329452243387638,True,-0.10452129093487442,0.02842393340388938
2023-09-09 18:00:00-05:00,0.04449579020185443,True,-0.04497567409176185,-0.000479883889907419
2023-09-09 19:00:00-05:00,0.07342546371991113,True,-0.07373835296999846,-0.0003128892500873365
2023-09-09 20:00:00-05:00,-0.0009,True,0.0008999999999999991,-8.673617379884035e-19
2023-09-09 21:00:00-05:00,0.029855440665298143,True,-0.025176552175985557,0.004678888489312586
2023-09-09 22:00:00-05:00,0.005817397592698207,True,-0.0055758281088840005,0.00024156948381420622
2023-09-09 23:00:00-05:00,-0.0009,True,0.0008999999999999991,-8.673617379884035e-19
2023-09-10 00:00:00-05:00,-0.0009,True,0.000900000000000002,2.0599841277224584e-18
2023-09-10 01:00:00-05:00,-0.0009,True,0.000900000000000002,2.0599841277224584e-18
2023-09-10 02:00:00-05:00,-0.0009,True,0.000900000000000002,2.0599841277224584e-18
2023-09-10 03:00:00-05:00,-0.0009,True,0.000900000000000002,2.0599841277224584e-18
2023-09-10 04:00:00-05:00,-0.0009,True,0.000900000000000002,2.0599841277224584e-18
2023-09-10 05:00:00-05:00,-0.0009,True,0.000900000000000002,2.0599841277224584e-18
2023-09-10 06:00:00-05:00,-0.0009,True,0.000900000000000002,2.0599841277224584e-18
2023-09-10 07:00:00-05:00,-0.0009,True,0.0010078536766129494,0.00010785367661294946
2023-09-10 08:00:00-05:00,-0.0009,True,0.03144287812339457,0.03054287812339457
2023-09-10 09:00:00-05:00,-0.0009,True,0.08103897134759766,0.08013897134759766
2023-09-10 10:00:00-05:00,-0.0009,True,0.10591365739111418,0.10501365739111418
2023-09-10 11:00:00-05:00,-0.0009,True,0.1022162333460718,0.1013162333460718
2023-09-10 12:00:00-05:00,0.00802449880609891,True,0.10534186791031043,0.11336636671640934
2023-09-10 13:00:00-05:00,0.031536182409948946,True,0.10965125923236291,0.14118744164231184
2023-09-10 14:00:00-05:00,0.032631943653121886,True,0.13063130384495916,0.16326324749808105
2023-09-10 15:00:00-05:00,0.09076800322786718,True,0.07292181824642358,0.16368982147429076
2023-09-10 16:00:00-05:00,0.09909679717761033,True,-0.029366407202793647,0.06973038997481668
2023-09-10 17:00:00-05:00,0.15811152429991832,True,-0.14455878159036398,0.013552742709554338
2023-09-10 18:00:00-05:00,0.13729374681339374,True,-0.10632221168508744,0.03097153512830629
2023-09-10 19:00:00-05:00,0.08712288609308874,True,-0.09015993805923798,-0.003037051966149243
2023-09-10 20:00:00-05:00,-0.0009,True,0.0008999999999999991,-8.673617379884035e-19
2023-09-10 21:00:00-05:00,0.06271983966741289,True,-0.06497647190081443,-0.0022566322334015426
2023-09-10 22:00:00-05:00,-0.0009,True,0.0008999999999999991,-8.673617379884035e-19
2023-09-10 23:00:00-05:00,-0.0009,True,0.0008999999999999991,-8.673617379884035e-19
2023-09-11 00:00:00-05:00,-0.0009,True,0.000900000000000002,2.0599841277224584e-18
2023-09-11 01:00:00-05:00,-0.0009,True,0.000900000000000002,2.0599841277224584e-18
2023-09-11 02:00:00-05:00,-0.0009,True,0.000900000000000002,2.0599841277224584e-18
2023-09-11 03:00:00-05:00,-0.0009,True,0.000900000000000002,2.0599841277224584e-18
2023-09-11 04:00:00-05:00,-0.0009,True,0.000900000000000002,2.0599841277224584e-18
2023-09-11 05:00:00-05:00,-0.0009,True,0.000900000000000002,2.0599841277224584e-18
2023-09-11 06:00:00-05:00,-0.0009,True,0.000900000000000002,2.0599841277224584e-18
2023-09-11 07:00:00-05:00,-0.0009,True,0.0010173953620625776,0.00011739536206257757
2023-09-11 08:00:00-05:00,-0.0009,True,0.0294072331757177,0.028507233175717697
2023-09-11 09:00:00-05:00,-0.0009,True,0.08927297223329092,0.08837297223329092
2023-09-11 10:00:00-05:00,-0.0009,True,0.12128750449979714,0.12038750449979714
2023-09-11 11:00:00-05:00,-0.0009,True,0.12036377434812862,0.11946377434812862
2023-09-11 12:00:00-05:00,0.12083314271922643,True,0.11216360569147789,0.23299674841070434
2023-09-11 13:00:00-05:00,0.06916836707186176,True,0.11464700953361896,0.18381537660548072
2023-09-11 14:00:00-05:00,0.0996271000691952,True,0.09770462902897328,0.19733172909816848
2023-09-11 15:00:00-05:00,0.1512242500442937,True,0.034579936545595095,0.18580418658988881
2023-09-11 16:00:00-05:00,0.19354970674151983,True,-0.07436320604816726,0.11918650069335257
2023-09-11 17:00:00-05:00,0.1287840517696331,True,-0.10505210144521707,0.023731950324416023
2023-09-11 18:00:00-05:00,0.07237986851973315,True,-0.0734101486825913,-0.001030280162858152
2023-09-11 19:00:00-05:00,0.050809185597280565,True,-0.049321350069189196,0.001487835528091369
2023-09-11 20:00:00-05:00,0.02139501775929343,True,-0.021069032260731452,0.0003259854985619773
2023-09-11 21:00:00-05:00,-0.0009,True,2.451577402411313e-05,-0.0008754842259758868
2023-09-11 22:00:00-05:00,-0.0009,True,0.0008999999999999991,-8.673617379884035e-19
2023-09-11 23:00:00-05:00,-0.0009,True,0.0008999999999999991,-8.673617379884035e-19
2023-09-12 00:00:00-05:00,-0.0009,True,0.0009000000000000019,1.951563910473908e-18
2023-09-12 01:00:00-05:00,-0.0009,True,0.0009000000000000019,1.951563910473908e-18
2023-09-12 02:00:00-05:00,-0.0009,True,0.0009000000000000019,1.951563910473908e-18
2023-09-12 03:00:00-05:00,-0.0009,True,0.0009000000000000019,1.951563910473908e-18
2023-09-12 04:00:00-05:00,-0.0009,True,0.000900000000000002,2.0599841277224584e-18
2023-09-12 05:00:00-05:00,-0.0009,True,0.000900000000000002,2.0599841277224584e-18
2023-09-12 06:00:00-05:00,-0.0009,True,0.000900000000000002,2.0599841277224584e-18
2023-09-12 07:00:00-05:00,-0.0009,True,0.0010065614830834016,0.00010656148308340165
2023-09-12 08:00:00-05:00,-0.0009,True,0.04072856998994252,0.039828569989942525
2023-09-12 09:00:00-05:00,-0.0009,True,0.10655366165765053,0.10565366165765053
2023-09-12 10:00:00-05:00,-0.0009,True,0.15015080038636192,0.1492508003863619
2023-09-12 11:00:00-05:00,-0.0009,True,0.13201663598571933,0.13111663598571932
2023-09-12 12:00:00-05:00,0.03142222002217279,True,0.1064234205638393,0.1378456405860121
2023-09-12 13:00:00-05:00,0.1304936620022537,True,0.10611370223873375,0.23660736424098744
2023-09-12 14:00:00-05:00,0.10515925516381636,True,0.09187067616779711,0.19702993133161345
2023-09-12 15:00:00-05:00,0.24213347100751625,True,-0.013012700532446615,0.22912077047506965
2023-09-12 16:00:00-05:00,0.19591923887920132,True,-0.06872814331177249,0.12719109556742883
2023-09-12 17:00:00-05:00,0.14941876509396393,True,-0.12875796665410283,0.0206607984398611
2023-09-12 18:00:00-05:00,0.08090420367875423,True,-0.08737157782169175,-0.006467374142937521
2023-09-12 19:00:00-05:00,-0.0009,True,-0.004625869919485937,-0.005525869919485937
2023-09-12 20:00:00-05:00,-0.0009,True,-0.0036717653006410837,-0.004571765300641083
2023-09-12 21:00:00-05:00,0.04120995786881928,True,-0.04131870191966343,-0.00010874405084414923
2023-09-12 22:00:00-05:00,-0.0009,True,0.0008999999999999991,-8.673617379884035e-19
2023-09-12 23:00:00-05:00,-0.0009,True,0.0008999999999999991,-8.673617379884035e-19
2023-09-13 00:00:00-05:00,-0.0009,True,0.000900000000000002,2.0599841277224584e-18
2023-09-13 01:00:00-05:00,-0.0009,True,0.000900000000000002,2.0599841277224584e-18
2023-09-13 02:00:00-05:00,-0.0009,True,0.000900000000000002,2.0599841277224584e-18
2023-09-13 03:00:00-05:00,-0.0009,True,0.000900000000000002,2.0599841277224584e-18
2023-09-13 04:00:00-05:00,-0.0009,True,0.000900000000000002,2.0599841277224584e-18
2023-09-13 05:00:00-05:00,-0.0009,True,0.000900000000000002,2.0599841277224584e-18
2023-09-13 06:00:00-05:00,-0.0009,True,0.000900000000000002,2.0599841277224584e-18
2023-09-13 07:00:00-05:00,-0.0009,True,0.0010170450752261513,0.00011704507522615135
2023-09-13 08:00:00-05:00,-0.0009,True,0.03983165571761374,0.03893165571761374
2023-09-13 09:00:00-05:00,-0.0009,True,0.10643464026410678,0.10553464026410678
2023-09-13 10:00:00-05:00,-0.0009,True,0.14735186423820257,0.14645186423820256
2023-09-13 11:00:00-05:00,-0.0009,True,0.14924475378477045,0.14834475378477044
2023-09-13 12:00:00-05:00,0.046539074694588636,True,0.11820112246615072,0.16474019716073934
2023-09-13 13:00:00-05:00,0.04599796527333109,True,0.11916176257235209,0.16515972784568317
2023-09-13 14:00:00-05:00,0.08477006902941565,True,0.11367662917229562,0.1984466982017113
2023-09-13 15:00:00-05:00,0.1631479687988553,True,0.042797257843120766,0.20594522664197606
2023-09-13 16:00:00-05:00,0.1951387644112762,True,-0.07424688944512378,0.12089187496615242
2023-09-13 17:00:00-05:00,0.12484010706088902,True,-0.10679982150920264,0.01804028555168638
2023-09-13 18:00:00-05:00,0.02638372526410934,True,-0.02452596374460214,0.0018577615195071971
2023-09-13 19:00:00-05:00,-0.0009,True,-0.0006834279728960979,-0.001583427972896098
2023-09-13 20:00:00-05:00,-0.0009,True,2.451577402411313e-05,-0.0008754842259758868
2023-09-13 21:00:00-05:00,-0.0009,True,0.0007244961905643525,-0.00017550380943564745
2023-09-13 22:00:00-05:00,-0.0009,True,0.0008999999999999991,-8.673617379884035e-19
2023-09-13 23:00:00-05:00,-0.0009,True,0.0008999999999999991,-8.673617379884035e-19
2023-09-14 00:00:00-05:00,-0.0009,True,0.000900000000000002,2.0599841277224584e-18
2023-09-14 01:00:00-05:00,-0.0009,True,0.000900000000000002,2.0599841277224584e-18
2023-09-14 02:00:00-05:00,-0.0009,True,0.000900000000000002,2.0599841277224584e-18
2023-09-14 03:00:00-05:00,-0.0009,True,0.000900000000000002,2.0599841277224584e-18
2023-09-14 04:00:00-05:00,-0.0009,True,0.000900000000000002,2.0599841277224584e-18
2023-09-14 05:00:00-05:00,-0.0009,True,0.000900000000000002,2.0599841277224584e-18
2023-09-14 06:00:00-05:00,-0.0009,True,0.000900000000000002,2.0599841277224584e-18
2023-09-14 07:00:00-05:00,-0.0009,True,0.0009970314219044842,9.703142190448425e-05
2023-09-14 08:00:00-05:00,-0.0009,True,0.044224838330880714,0.043324838330880716
2023-09-14 09:00:00-05:00,-0.0009,True,0.11093796320792329,0.11003796320792329
2023-09-14 10:00:00-05:00,-0.0009,True,0.14784325024578995,0.14694325024578994
2023-09-14 11:00:00-05:00,0.046568441002921346,True,0.136320190072128,0.18288863107504935
2023-09-14 12:00:00-05:00,0.22200868553478373,True,0.11769940492417062,0.33970809045895434
2023-09-14 13:00:00-05:00,0.2801247256355336,True,0.0638995404855493,0.3440242661210829
2023-09-14 14:00:00-05:00,0.28575602890112295,True,0.007774211384901949,0.2935302402860249
2023-09-14 15:00:00-05:00,0.25884008929652574,True,-0.017787813508714452,0.2410522757878113
2023-09-14 16:00:00-05:00,0.20517501311951003,True,-0.07369661900024663,0.1314783941192634
2023-09-14 17:00:00-05:00,0.12786104610492288,True,-0.10684549094080717,0.021015555164115712
2023-09-14 18:00:00-05:00,0.021961493928373203,True,-0.02085382788577669,0.0011076660425965133
2023-09-14 19:00:00-05:00,-0.0009,True,-3.4335421558161265e-05,-0.0009343354215581612
2023-09-14 20:00:00-05:00,-0.0009,True,0.0007244961905643525,-0.00017550380943564745
2023-09-14 21:00:00-05:00,-0.0009,True,0.0008999999999999991,-8.673617379884035e-19
2023-09-14 22:00:00-05:00,-0.0009,True,0.0008999999999999991,-8.673617379884035e-19
2023-09-14 23:00:00-05:00,-0.0009,True,0.0008999999999999991,-8.673617379884035e-19
2023-09-15 00:00:00-05:00,-0.0009,True,0.0009000000000000019,1.951563910473908e-18
2023-09-15 01:00:00-05:00,-0.0009,True,0.0009000000000000019,1.951563910473908e-18
2023-09-15 02:00:00-05:00,-0.0009,True,0.0009000000000000019,1.951563910473908e-18
2023-09-15 03:00:00-05:00,-0.0009,True,0.0009000000000000019,1.951563910473908e-18
2023-09-15 04:00:00-05:00,-0.0009,True,0.0009000000000000019,1.951563910473908e-18
2023-09-15 05:00:00-05:00,-0.0009,True,0.0009000000000000019,1.951563910473908e-18
2023-09-15 06:00:00-05:00,-0.0009,True,0.0009000000000000019,1.951563910473908e-18
2023-09-15 07:00:00-05:00,-0.0009,True,0.0010492694344422574,0.0001492694344422574
2023-09-15 08:00:00-05:00,-0.0009,True,0.041535556373091136,0.04063555637309114
2023-09-15 09:00:00-05:00,-0.0009,True,0.10650213051476755,0.10560213051476755
2023-09-15 10:00:00-05:00,-0.0009,True,0.15692040848630434,0.15602040848630433
2023-09-15 11:00:00-05:00,0.065757856336105,True,0.13913811459404712,0.2048959709301521
2023-09-15 12:00:00-05:00,0.2472216865383047,True,0.12940189598617433,0.37662358252447903
2023-09-15 13:00:00-05:00,0.2979137051034302,True,0.06909245915407748,0.36700616425750765
2023-09-15 14:00:00-05:00,0.29723910971517226,True,0.008190672119913294,0.30542978183508557
2023-09-15 15:00:00-05:00,0.26506440127688763,True,-0.017346759795850774,0.24771764148103687
2023-09-15 16:00:00-05:00,0.20617004199649674,True,-0.07509112800180527,0.13107891399469146
2023-09-15 17:00:00-05:00,0.12537612059855427,True,-0.10135065417859637,0.024025466419957897
2023-09-15 18:00:00-05:00,0.01635893531453933,True,-0.016685546867437544,-0.0003266115528982143
2023-09-15 19:00:00-05:00,-0.0009,True,0.0008411488044177247,-5.8851195582275266e-05
2023-09-15 20:00:00-05:00,-0.0009,True,0.0008999999999999991,-8.673617379884035e-19
2023-09-15 21:00:00-05:00,-0.0009,True,0.0008999999999999991,-8.673617379884035e-19
2023-09-15 22:00:00-05:00,-0.0009,True,0.0008999999999999991,-8.673617379884035e-19
2023-09-15 23:00:00-05:00,-0.0009,True,0.0008999999999999991,-8.673617379884035e-19
2023-09-16 00:00:00-05:00,-0.0009,True,0.0009000000000000019,1.951563910473908e-18
2023-09-16 01:00:00-05:00,-0.0009,True,0.000900000000000002,2.0599841277224584e-18
2023-09-16 02:00:00-05:00,-0.0009,True,0.000900000000000002,2.0599841277224584e-18
2023-09-16 03:00:00-05:00,-0.0009,True,0.000900000000000002,2.0599841277224584e-18
2023-09-16 04:00:00-05:00,-0.0009,True,0.000900000000000002,2.0599841277224584e-18
2023-09-16 05:00:00-05:00,-0.0009,True,0.000900000000000002,2.0599841277224584e-18
2023-09-16 06:00:00-05:00,-0.0009,True,0.000900000000000002,2.0599841277224584e-18
2023-09-16 07:00:00-05:00,-0.0009,True,0.0010301542916685722,0.00013015429166857227
2023-09-16 08:00:00-05:00,-0.0009,True,0.04381374193550724,0.04291374193550724
2023-09-16 09:00:00-05:00,-0.0009,True,0.1049249814978743,0.1040249814978743
2023-09-16 10:00:00-05:00,-0.0009,True,0.12511943754792823,0.12421943754792823
2023-09-16 11:00:00-05:00,0.07581268448171645,True,0.1243587060324075,0.20017139051412397
2023-09-16 12:00:00-05:00,0.25239968062751594,True,0.10383965143720024,0.3562393320647162
2023-09-16 13:00:00-05:00,0.2969414094413567,True,0.052642037793073256,0.34958344723442997
2023-09-16 14:00:00-05:00,0.29518672079652963,True,0.0036381351852849434,0.2988248559818146
2023-09-16 15:00:00-05:00,0.263555620709272,True,-0.017548051673885064,0.24600756903538695
2023-09-16 16:00:00-05:00,0.2051063732216021,True,-0.07727514331248433,0.12783122990911777
2023-09-16 17:00:00-05:00,0.12372801919558704,True,-0.10575626085979092,0.017971758335796117
2023-09-16 18:00:00-05:00,0.014458642815666379,True,-0.015227460592334326,-0.0007688177766679467
2023-09-16 19:00:00-05:00,-0.0009,True,0.0008411488044177247,-5.8851195582275266e-05
2023-09-16 20:00:00-05:00,-0.0009,True,0.0008999999999999991,-8.673617379884035e-19
2023-09-16 21:00:00-05:00,-0.0009,True,0.0008999999999999991,-8.673617379884035e-19
2023-09-16 22:00:00-05:00,-0.0009,True,0.0008999999999999991,-8.673617379884035e-19
2023-09-16 23:00:00-05:00,-0.0009,True,0.0008999999999999991,-8.673617379884035e-19
2023-09-17 00:00:00-05:00,-0.0009,True,0.0009006267210206467,6.267210206467155e-07
2023-09-17 01:00:00-05:00,-0.0009,True,0.0009006267210206467,6.267210206467155e-07
2023-09-17 02:00:00-05:00,-0.0009,True,0.0009006267210206467,6.267210206467155e-07
2023-09-17 03:00:00-05:00,-0.0009,True,0.000900000000000002,2.0599841277224584e-18
2023-09-17 04:00:00-05:00,-0.0009,True,0.000900000000000002,2.0599841277224584e-18
2023-09-17 05:00:00-05:00,-0.0009,True,0.000900000000000002,2.0599841277224584e-18
2023-09-17 06:00:00-05:00,-0.0009,True,0.000900000000000002,2.0599841277224584e-18
2023-09-17 07:00:00-05:00,-0.0009,True,0.0010414008511729616,0.00014140085117296162
2023-09-17 08:00:00-05:00,-0.0009,True,0.03900679853072793,0.03810679853072793
2023-09-17 09:00:00-05:00,-0.0009,True,0.08348178481393856,0.08258178481393856
2023-09-17 10:00:00-05:00,-0.0009,True,0.10443130176479012,0.10353130176479013
2023-09-17 11:00:00-05:00,0.049723043313394485,True,0.11768673422436153,0.16740977753775602
2023-09-17 12:00:00-05:00,0.22113421541871425,True,0.10984484586752882,0.3309790612862431
2023-09-17 13:00:00-05:00,0.2698841103243056,True,0.07847217951063945,0.34835628983494504
2023-09-17 14:00:00-05:00,0.19193133084997532,True,0.06932576632967483,0.2612570971796502
2023-09-17 15:00:00-05:00,0.09176382334587167,True,0.0710058758594815,0.16276969920535317
2023-09-17 16:00:00-05:00,0.021951154172094804,True,0.01928695102439121,0.04123810519648602
2023-09-17 17:00:00-05:00,0.009124440361436564,True,-0.006166093539499686,0.0029583468219368777
2023-09-17 18:00:00-05:00,0.08248912811757171,True,-0.08322962614480872,-0.0007404980272370104
2023-09-17 19:00:00-05:00,0.021298678364779822,True,-0.02078433885987368,0.0005143395049061437
2023-09-17 20:00:00-05:00,-0.0009,True,0.0008999999999999991,-8.673617379884035e-19
2023-09-17 21:00:00-05:00,0.022880831426661037,True,-0.021412748114989836,0.0014680833116712012
2023-09-17 22:00:00-05:00,-0.0009,True,0.0008999999999999991,-8.673617379884035e-19
2023-09-17 23:00:00-05:00,-0.0009,True,0.0008999999999999991,-8.673617379884035e-19
2023-09-18 00:00:00-05:00,-0.0009,True,0.000900000000000002,2.0599841277224584e-18
2023-09-18 01:00:00-05:00,-0.0009,True,0.000900000000000002,2.0599841277224584e-18
2023-09-18 02:00:00-05:00,-0.0009,True,0.000900000000000002,2.0599841277224584e-18
2023-09-18 03:00:00-05:00,-0.0009,True,0.000900000000000002,2.0599841277224584e-18
2023-09-18 04:00:00-05:00,-0.0009,True,0.000900000000000002,2.0599841277224584e-18
2023-09-18 05:00:00-05:00,-0.0009,True,0.000900000000000002,2.0599841277224584e-18
2023-09-18 06:00:00-05:00,-0.0009,True,0.000900000000000002,2.0599841277224584e-18
2023-09-18 07:00:00-05:00,-0.0009,True,0.0013575205354142003,0.0004575205354142003
2023-09-18 08:00:00-05:00,-0.0009,True,0.05231855259168942,0.05141855259168942
2023-09-18 09:00:00-05:00,-0.0009,True,0.10586058889325875,0.10496058889325875
2023-09-18 10:00:00-05:00,-0.0009,True,0.12002931796324752,0.11912931796324752
2023-09-18 11:00:00-05:00,-0.0009,True,0.11260520790259124,0.11170520790259124
2023-09-18 12:00:00-05:00,0.012979258093347172,True,0.10678660937324524,0.11976586746659242
2023-09-18 13:00:00-05:00,0.015242923891120573,True,0.10671733230791433,0.1219602561990349
2023-09-18 14:00:00-05:00,0.01944061629195181,True,0.0942075890627118,0.1136482053546636
2023-09-18 15:00:00-05:00,0.03672875664619942,True,0.07199856575358153,0.10872732239978095
2023-09-18 16:00:00-05:00,0.036783984756651074,True,0.007436477249170515,0.04422046200582159
2023-09-18 17:00:00-05:00,0.16478339524453656,True,-0.1436979256375777,0.021085469606958868
2023-09-18 18:00:00-05:00,0.09809725285766699,True,-0.09548832483854172,0.0026089280191252673
2023-09-18 19:00:00-05:00,0.10653914198776213,True,-0.09537004586302303,0.011169096124739097
2023-09-18 20:00:00-05:00,-0.0009,True,-0.0006245767773138236,-0.0015245767773138237
2023-09-18 21:00:00-05:00,-0.0009,True,0.0008999999999999991,-8.673617379884035e-19
2023-09-18 22:00:00-05:00,-0.0009,True,0.0008999999999999991,-8.673617379884035e-19
2023-09-18 23:00:00-05:00,-0.0009,True,0.0008999999999999991,-8.673617379884035e-19
2023-09-19 00:00:00-05:00,-0.0009,True,0.000900000000000002,2.0599841277224584e-18
2023-09-19 01:00:00-05:00,-0.0009,True,0.000900000000000002,2.0599841277224584e-18
2023-09-19 02:00:00-05:00,-0.0009,True,0.000900000000000002,2.0599841277224584e-18
2023-09-19 03:00:00-05:00,-0.0009,True,0.000900000000000002,2.0599841277224584e-18
2023-09-19 04:00:00-05:00,-0.0009,True,0.000900000000000002,2.0599841277224584e-18
2023-09-19 05:00:00-05:00,-0.0009,True,0.000900000000000002,2.0599841277224584e-18
2023-09-19 06:00:00-05:00,-0.0009,True,0.000900000000000002,2.0599841277224584e-18
2023-09-19 07:00:00-05:00,-0.0009,True,0.0014073652890752156,0.0005073652890752157
2023-09-19 08:00:00-05:00,-0.0009,True,0.05187211575883037,0.05097211575883037
2023-09-19 09:00:00-05:00,-0.0009,True,0.10436296652018191,0.10346296652018191
2023-09-19 10:00:00-05:00,-0.0009,True,0.1252417368515178,0.1243417368515178
2023-09-19 11:00:00-05:00,0.041048689639524974,True,0.12100894991635729,0.16205763955588226
2023-09-19 12:00:00-05:00,0.2284367562884579,True,0.10417968499170265,0.33261644128016055
2023-09-19 13:00:00-05:00,0.28352496745895406,True,0.05315321112732083,0.3366781785862749
2023-09-19 14:00:00-05:00,0.28645618816024504,True,0.0068437738511704285,0.29329996201141545
2023-09-19 15:00:00-05:00,0.2562658698311056,True,-0.018153893919800414,0.2381119759113052
2023-09-19 16:00:00-05:00,0.2010823520859854,True,-0.06990173787731271,0.1311806142086727
2023-09-19 17:00:00-05:00,0.1232616636526811,True,-0.105360369913376,0.017901293739305102
2023-09-19 18:00:00-05:00,-0.0009,True,-3.4335421558161265e-05,-0.0009343354215581612
2023-09-19 19:00:00-05:00,-0.0009,True,-3.4335421558161265e-05,-0.0009343354215581612
2023-09-19 20:00:00-05:00,-0.0009,True,0.0007244961905643525,-0.00017550380943564745
2023-09-19 21:00:00-05:00,-0.0009,True,0.0008999999999999991,-8.673617379884035e-19
2023-09-19 22:00:00-05:00,-0.0009,True,0.0008999999999999991,-8.673617379884035e-19
2023-09-19 23:00:00-05:00,-0.0009,True,0.0008999999999999991,-8.673617379884035e-19
2023-09-20 00:00:00-05:00,-0.0009,True,0.000900000000000002,2.0599841277224584e-18
2023-09-20 01:00:00-05:00,-0.0009,True,0.000900000000000002,2.0599841277224584e-18
2023-09-20 02:00:00-05:00,-0.0009,True,0.000900000000000002,2.0599841277224584e-18
2023-09-20 03:00:00-05:00,-0.0009,True,0.0009006267210206467,6.267210206467155e-07
2023-09-20 04:00:00-05:00,-0.0009,True,0.0009006267210206467,6.267210206467155e-07
2023-09-20 05:00:00-05:00,-0.0009,True,0.0009006267210206467,6.267210206467155e-07
2023-09-20 06:00:00-05:00,-0.0009,True,0.0009006267210206467,6.267210206467155e-07
2023-09-20 07:00:00-05:00,-0.0009,True,0.0014663547791097147,0.0005663547791097147
2023-09-20 08:00:00-05:00,-0.0009,True,0.05715960201342234,0.056259602013422345
2023-09-20 09:00:00-05:00,-0.0009,True,0.11297424516281146,0.11207424516281146
2023-09-20 10:00:00-05:00,-0.0009,True,0.13989682694686686,0.13899682694686685
2023-09-20 11:00:00-05:00,0.02703800926724999,True,0.12526584022468135,0.15230384949193135
2023-09-20 12:00:00-05:00,0.21152317718518518,True,0.10566738814023474,0.3171905653254199
2023-09-20 13:00:00-05:00,0.26758106398259546,True,0.08210708800134467,0.3496881519839401
2023-09-20 14:00:00-05:00,0.2698199741619822,True,0.0077309197167251585,0.2775508938787074
2023-09-20 15:00:00-05:00,0.24532948309873584,True,-0.013537653262236406,0.23179182983649943
2023-09-20 16:00:00-05:00,0.19506517468043158,True,-0.07137115049976464,0.12369402418066694
2023-09-20 17:00:00-05:00,0.1439005681864147,True,-0.11023490680575888,0.03366566138065581
2023-09-20 18:00:00-05:00,-0.0009,True,-0.0037306164962233584,-0.004630616496223358
2023-09-20 19:00:00-05:00,-0.0009,True,-0.0037306164962233584,-0.004630616496223358
2023-09-20 20:00:00-05:00,-0.0009,True,-0.0006245767773138236,-0.0015245767773138237
2023-09-20 21:00:00-05:00,-0.0009,True,0.0007244961905643525,-0.00017550380943564745
2023-09-20 22:00:00-05:00,-0.0009,True,0.0008999999999999991,-8.673617379884035e-19
2023-09-20 23:00:00-05:00,-0.0009,True,0.0008999999999999991,-8.673617379884035e-19
2023-09-21 00:00:00-05:00,-0.0009,True,0.000900000000000002,2.0599841277224584e-18
2023-09-21 01:00:00-05:00,-0.0009,True,0.000900000000000002,2.0599841277224584e-18
2023-09-21 02:00:00-05:00,-0.0009,True,0.000900000000000002,2.0599841277224584e-18
2023-09-21 03:00:00-05:00,-0.0009,True,0.000900000000000002,2.0599841277224584e-18
2023-09-21 04:00:00-05:00,-0.0009,True,0.000900000000000002,2.0599841277224584e-18
2023-09-21 05:00:00-05:00,-0.0009,True,0.000900000000000002,2.0599841277224584e-18
2023-09-21 06:00:00-05:00,-0.0009,True,0.000900000000000002,2.0599841277224584e-18
2023-09-21 07:00:00-05:00,-0.0009,True,0.0015162978696429815,0.0006162978696429816
2023-09-21 08:00:00-05:00,-0.0009,True,0.036700693539491215,0.03580069353949122
2023-09-21 09:00:00-05:00,-0.0009,True,0.09753107483444863,0.09663107483444863
2023-09-21 10:00:00-05:00,-0.0009,True,0.1372068879700868,0.13630688797008678
2023-09-21 11:00:00-05:00,-0.0009,True,0.13898160141278015,0.13808160141278014
2023-09-21 12:00:00-05:00,0.21523748014985994,True,0.13038808684261208,0.34562556699247204
2023-09-21 13:00:00-05:00,0.21106364275784067,True,0.10698693625076167,0.31805057900860234
2023-09-21 14:00:00-05:00,0.2257830591995481,True,0.0574506100068136,0.2832336692063617
2023-09-21 15:00:00-05:00,0.20159712469795993,True,0.0363199688449196,0.23791709354287954
2023-09-21 16:00:00-05:00,0.19482521594189522,True,-0.045130542837105325,0.1496946731047899
2023-09-21 17:00:00-05:00,0.15089687578414054,True,-0.13489815243001715,0.01599872335412339
2023-09-21 18:00:00-05:00,0.04215526902449834,True,-0.03516775174890577,0.006987517275592575
2023-09-21 19:00:00-05:00,0.06254400437077502,True,-0.07228438630941661,-0.009740381938641587
2023-09-21 20:00:00-05:00,0.053048468729991416,True,-0.045153731026782384,0.007894737703209032
2023-09-21 21:00:00-05:00,0.06295348343553231,True,-0.06525809248425897,-0.0023046090487266607
2023-09-21 22:00:00-05:00,-0.0009,True,0.0008999999999999991,-8.673617379884035e-19
2023-09-21 23:00:00-05:00,-0.0009,True,0.0008999999999999991,-8.673617379884035e-19
2023-09-22 00:00:00-05:00,-0.0009,True,0.000900000000000002,2.0599841277224584e-18
2023-09-22 01:00:00-05:00,-0.0009,True,0.000900000000000002,2.0599841277224584e-18
2023-09-22 02:00:00-05:00,-0.0009,True,0.000900000000000002,2.0599841277224584e-18
2023-09-22 03:00:00-05:00,-0.0009,True,0.000900000000000002,2.0599841277224584e-18
2023-09-22 04:00:00-05:00,-0.0009,True,0.000900000000000002,2.0599841277224584e-18
2023-09-22 05:00:00-05:00,-0.0009,True,0.000900000000000002,2.0599841277224584e-18
2023-09-22 06:00:00-05:00,-0.0009,True,0.000900000000000002,2.0599841277224584e-18
2023-09-22 07:00:00-05:00,-0.0009,True,0.0014907431710683217,0.0005907431710683217
2023-09-22 08:00:00-05:00,-0.0009,True,0.03807786664024584,0.03717786664024584
2023-09-22 09:00:00-05:00,-0.0009,True,0.09811226449969174,0.09721226449969174
2023-09-22 10:00:00-05:00,-0.0009,True,0.1362854018613927,0.1353854018613927
2023-09-22 11:00:00-05:00,-0.0009,True,0.13151257576257167,0.13061257576257165
2023-09-22 12:00:00-05:00,0.10855471250981573,True,0.12326730365871502,0.23182201616853076
2023-09-22 13:00:00-05:00,0.1994707925012662,True,0.1074459873613382,0.3069167798626044
2023-09-22 14:00:00-05:00,0.22274599092365482,True,0.06258410169263842,0.2853300926162933
2023-09-22 15:00:00-05:00,0.20157448089039168,True,0.035902166854774785,0.23747664774516647
2023-09-22 16:00:00-05:00,0.1915645370015463,True,-0.0425040978040703,0.149060439197476
2023-09-22 17:00:00-05:00,0.14515743322739116,True,-0.11271001902466878,0.03244741420272239
2023-09-22 18:00:00-05:00,0.08683082187053226,True,-0.0981205037843373,-0.011289681913805041
2023-09-22 19:00:00-05:00,0.11567629591821534,True,-0.09848801980160146,0.017188276116613874
2023-09-22 20:00:00-05:00,0.06634322808691294,True,-0.06698542195724905,-0.000642193870336108
2023-09-22 21:00:00-05:00,0.02792384034386579,True,-0.01814026503393259,0.0097835753099332
2023-09-22 22:00:00-05:00,0.016117502123411852,True,-0.01005097606125181,0.006066526062160042
2023-09-22 23:00:00-05:00,-0.0009,True,0.0008999999999999991,-8.673617379884035e-19
2023-09-23 00:00:00-05:00,-0.0009,True,0.000900000000000002,2.0599841277224584e-18
2023-09-23 01:00:00-05:00,-0.0009,True,0.000900000000000002,2.0599841277224584e-18
2023-09-23 02:00:00-05:00,-0.0009,True,0.000900000000000002,2.0599841277224584e-18
2023-09-23 03:00:00-05:00,-0.0009,True,0.000900000000000002,2.0599841277224584e-18
2023-09-23 04:00:00-05:00,-0.0009,True,0.000900000000000002,2.0599841277224584e-18
2023-09-23 05:00:00-05:00,-0.0009,True,0.000900000000000002,2.0599841277224584e-18
2023-09-23 06:00:00-05:00,-0.0009,True,0.000900000000000002,2.0599841277224584e-18
2023-09-23 07:00:00-05:00,-0.0009,True,0.0014583798777220804,0.0005583798777220805
2023-09-23 08:00:00-05:00,-0.0009,True,0.042711345639737656,0.04181134563973766
2023-09-23 09:00:00-05:00,-0.0009,True,0.09152132540667562,0.09062132540667563
2023-09-23 10:00:00-05:00,-0.0009,True,0.12418194193863231,0.12328194193863232
2023-09-23 11:00:00-05:00,-0.0009,True,0.12133274696215182,0.12043274696215182
2023-09-23 12:00:00-05:00,-0.0009,True,0.11831462006004462,0.11741462006004462
2023-09-23 13:00:00-05:00,-0.0009,True,0.115249329764951,0.114349329764951
2023-09-23 14:00:00-05:00,0.08334761705463958,True,0.11837589283531798,0.20172350988995758
2023-09-23 15:00:00-05:00,0.030128967588634682,True,0.04520671778424193,0.0753356853728766
2023-09-23 16:00:00-05:00,-0.0009,True,0.016851130470124893,0.01595113047012489
2023-09-23 17:00:00-05:00,0.04924608101216297,True,-0.04216740622588585,0.00707867478627712
2023-09-23 18:00:00-05:00,0.03441281833642284,True,-0.025500918492964972,0.008911899843457867
2023-09-23 19:00:00-05:00,0.006906334789674823,True,-0.004948795855489978,0.001957538934184845
2023-09-23 20:00:00-05:00,0.014068296758160716,True,-0.010553516358669192,0.0035147803994915235
2023-09-23 21:00:00-05:00,-0.0009,True,0.0008999999999999991,-8.673617379884035e-19
2023-09-23 22:00:00-05:00,0.00995300262212566,True,-0.008288724352766492,0.0016642782693591686
2023-09-23 23:00:00-05:00,-0.0009,True,0.0008999999999999991,-8.673617379884035e-19
2023-09-24 00:00:00-05:00,-0.0009,True,0.000900000000000002,2.0599841277224584e-18
2023-09-24 01:00:00-05:00,-0.0009,True,0.000900000000000002,2.0599841277224584e-18
2023-09-24 02:00:00-05:00,-0.0009,True,0.000900000000000002,2.0599841277224584e-18
2023-09-24 03:00:00-05:00,-0.0009,True,0.000900000000000002,2.0599841277224584e-18
2023-09-24 04:00:00-05:00,-0.0009,True,0.000900000000000002,2.0599841277224584e-18
2023-09-24 05:00:00-05:00,-0.0009,True,0.000900000000000002,2.0599841277224584e-18
2023-09-24 06:00:00-05:00,-0.0009,True,0.000900000000000002,2.0599841277224584e-18
2023-09-24 07:00:00-05:00,-0.0009,True,0.0014306725035824611,0.0005306725035824611
2023-09-24 08:00:00-05:00,-0.0009,True,0.04269074181412837,0.041790741814128375
2023-09-24 09:00:00-05:00,-0.0009,True,0.08860560625333991,0.08770560625333991
2023-09-24 10:00:00-05:00,-0.0009,True,0.11192223474403129,0.11102223474403129
2023-09-24 11:00:00-05:00,-0.0009,True,0.11787835201491119,0.11697835201491119
2023-09-24 12:00:00-05:00,-0.0009,True,0.11747452511475885,0.11657452511475885
2023-09-24 13:00:00-05:00,0.02710434455962427,True,0.10951862507905663,0.1366229696386809
2023-09-24 14:00:00-05:00,0.020385979183891807,True,0.10687516650947321,0.12726114569336502
2023-09-24 15:00:00-05:00,0.005489731775393051,True,0.07825297149961533,0.08374270327500838
2023-09-24 16:00:00-05:00,-0.0009,True,0.027192759902554094,0.026292759902554093
2023-09-24 17:00:00-05:00,-0.0009,True,0.0015991277096609193,0.0006991277096609193
2023-09-24 18:00:00-05:00,0.010289147607424269,True,-0.009460642203957615,0.0008285054034666544
2023-09-24 19:00:00-05:00,0.009025961960187236,True,-0.0069902081362133595,0.0020357538239738765
2023-09-24 20:00:00-05:00,0.004939017206377061,True,-0.0053154311762309515,-0.0003764139698538907
2023-09-24 21:00:00-05:00,-0.0009,True,0.0008999999999999991,-8.673617379884035e-19
2023-09-24 22:00:00-05:00,-0.0009,True,0.0008999999999999991,-8.673617379884035e-19
2023-09-24 23:00:00-05:00,-0.0009,True,0.0008999999999999991,-8.673617379884035e-19
2023-09-25 00:00:00-05:00,-0.0009,True,0.000900000000000002,2.0599841277224584e-18
2023-09-25 01:00:00-05:00,-0.0009,True,0.000900000000000002,2.0599841277224584e-18
2023-09-25 02:00:00-05:00,-0.0009,True,0.000900000000000002,2.0599841277224584e-18
2023-09-25 03:00:00-05:00,-0.0009,True,0.000900000000000002,2.0599841277224584e-18
2023-09-25 04:00:00-05:00,-0.0009,True,0.000900000000000002,2.0599841277224584e-18
2023-09-25 05:00:00-05:00,-0.0009,True,0.000900000000000002,2.0599841277224584e-18
2023-09-25 06:00:00-05:00,-0.0009,True,0.000900000000000002,2.0599841277224584e-18
2023-09-25 07:00:00-05:00,-0.0009,True,0.0014590697771707142,0.0005590697771707142
2023-09-25 08:00:00-05:00,-0.0009,True,0.05267651374655109,0.051776513746551095
2023-09-25 09:00:00-05:00,-0.0009,True,0.11425612295398857,0.11335612295398857
2023-09-25 10:00:00-05:00,-0.0009,True,0.12617320783788685,0.12527320783788684
2023-09-25 11:00:00-05:00,-0.0009,True,0.12518861419034114,0.12428861419034114
2023-09-25 12:00:00-05:00,0.1678327118070905,True,0.09939879792639703,0.2672315097334875
2023-09-25 13:00:00-05:00,0.24245902616817513,True,0.08524219830966878,0.3277012244778439
2023-09-25 14:00:00-05:00,0.2590541130016343,True,0.0451045859443307,0.304158698945965
2023-09-25 15:00:00-05:00,0.049592039497385804,True,0.06403183180415935,0.11362387130154515
2023-09-25 16:00:00-05:00,0.022571314139527086,True,0.022778052403194193,0.04534936654272128
2023-09-25 17:00:00-05:00,0.052790577344476945,True,-0.045787023453237256,0.007003553891239689
2023-09-25 18:00:00-05:00,0.03108867559798778,True,-0.022076163374701214,0.009012512223286567
2023-09-25 19:00:00-05:00,-0.0009,True,0.0008999999999999991,-8.673617379884035e-19
2023-09-25 20:00:00-05:00,0.020597460680834432,True,-0.012558806860009993,0.00803865382082444
2023-09-25 21:00:00-05:00,0.005917417625144984,True,-0.004823813567136353,0.0010936040580086306
2023-09-25 22:00:00-05:00,-0.0009,True,0.0008999999999999991,-8.673617379884035e-19
2023-09-25 23:00:00-05:00,-0.0009,True,0.0008999999999999991,-8.673617379884035e-19
2023-09-26 00:00:00-05:00,-0.0009,True,0.000900000000000002,2.0599841277224584e-18
2023-09-26 01:00:00-05:00,-0.0009,True,0.000900000000000002,2.0599841277224584e-18
2023-09-26 02:00:00-05:00,-0.0009,True,0.000900000000000002,2.0599841277224584e-18
2023-09-26 03:00:00-05:00,-0.0009,True,0.000900000000000002,2.0599841277224584e-18
2023-09-26 04:00:00-05:00,-0.0009,True,0.000900000000000002,2.0599841277224584e-18
2023-09-26 05:00:00-05:00,-0.0009,True,0.000900000000000002,2.0599841277224584e-18
2023-09-26 06:00:00-05:00,-0.0009,True,0.000900000000000002,2.0599841277224584e-18
2023-09-26 07:00:00-05:00,-0.0009,True,0.0014583798777220804,0.0005583798777220805
2023-09-26 08:00:00-05:00,-0.0009,True,0.04268647286956713,0.04178647286956713
2023-09-26 09:00:00-05:00,-0.0009,True,0.09365060711940103,0.09275060711940103
2023-09-26 10:00:00-05:00,-0.0009,True,0.12860567020144936,0.12770567020144935
2023-09-26 11:00:00-05:00,-0.0009,True,0.12439669373488782,0.12349669373488782
2023-09-26 12:00:00-05:00,-0.0009,True,0.12334451281316308,0.12244451281316308
2023-09-26 13:00:00-05:00,0.006393655175651492,True,0.12412990942598182,0.1305235646016333
2023-09-26 14:00:00-05:00,0.022697780907087833,True,0.11857866054250281,0.14127644144959065
2023-09-26 15:00:00-05:00,0.03007282171464117,True,0.060300146957643797,0.09037296867228496
2023-09-26 16:00:00-05:00,0.03283306746361625,True,0.0179849998900813,0.05081806735369755
2023-09-26 17:00:00-05:00,0.032340522964889644,True,-0.018468395919472497,0.013872127045417147
2023-09-26 18:00:00-05:00,0.05027568776607535,True,-0.04050648863104943,0.00976919913502592
2023-09-26 19:00:00-05:00,0.023179079487851372,True,-0.010184503594202152,0.01299457589364922
2023-09-26 20:00:00-05:00,0.05459226956424239,True,-0.046349687142104655,0.008242582422137733
2023-09-26 21:00:00-05:00,-0.0009,True,0.0008999999999999991,-8.673617379884035e-19
2023-09-26 22:00:00-05:00,-0.0009,True,0.0008999999999999991,-8.673617379884035e-19
2023-09-26 23:00:00-05:00,-0.0009,True,0.0008999999999999991,-8.673617379884035e-19
2023-09-27 00:00:00-05:00,-0.0009,True,0.000900000000000002,2.0599841277224584e-18
2023-09-27 01:00:00-05:00,-0.0009,True,0.000900000000000002,2.0599841277224584e-18
2023-09-27 02:00:00-05:00,-0.0009,True,0.000900000000000002,2.0599841277224584e-18
2023-09-27 03:00:00-05:00,-0.0009,True,0.000900000000000002,2.0599841277224584e-18
2023-09-27 04:00:00-05:00,-0.0009,True,0.000900000000000002,2.0599841277224584e-18
2023-09-27 05:00:00-05:00,-0.0009,True,0.000900000000000002,2.0599841277224584e-18
2023-09-27 06:00:00-05:00,-0.0009,True,0.000900000000000002,2.0599841277224584e-18
2023-09-27 07:00:00-05:00,-0.0009,True,0.001489361670153014,0.0005893616701530141
2023-09-27 08:00:00-05:00,-0.0009,True,0.03883712881106628,0.037937128811066284
2023-09-27 09:00:00-05:00,-0.0009,True,0.10283932110489513,0.10193932110489513
2023-09-27 10:00:00-05:00,-0.0009,True,0.1347416571497274,0.1338416571497274
2023-09-27 11:00:00-05:00,-0.0009,True,0.14249849671778012,0.1415984967177801
2023-09-27 12:00:00-05:00,-0.0009,True,0.12706163932002343,0.12616163932002342
2023-09-27 13:00:00-05:00,0.025909178724683124,True,0.15750511411948406,0.1834142928441672
2023-09-27 14:00:00-05:00,0.049618086031548096,True,0.15512571743756176,0.20474380346910986
2023-09-27 15:00:00-05:00,0.09755522652719822,True,0.09465229633658495,0.19220752286378318
2023-09-27 16:00:00-05:00,0.18801899235841474,True,-0.04085602846372077,0.14716296389469397
2023-09-27 17:00:00-05:00,0.15445017023922217,True,-0.1388878715038587,0.015562298735363467
2023-09-27 18:00:00-05:00,0.13228484752839076,True,-0.10858198894083637,0.023702858587554387
2023-09-27 19:00:00-05:00,0.11642443046807978,True,-0.0996291191889108,0.016795311279168973
2023-09-27 20:00:00-05:00,0.07907115488800037,True,-0.08154228072724119,-0.0024711258392408203
2023-09-27 21:00:00-05:00,-0.0009,True,0.0008999999999999991,-8.673617379884035e-19
2023-09-27 22:00:00-05:00,-0.0009,True,0.0008999999999999991,-8.673617379884035e-19
2023-09-27 23:00:00-05:00,-0.0009,True,0.0008999999999999991,-8.673617379884035e-19
2023-09-28 00:00:00-05:00,-0.0009,True,0.000900000000000002,2.0599841277224584e-18
2023-09-28 01:00:00-05:00,-0.0009,True,0.000900000000000002,2.0599841277224584e-18
2023-09-28 02:00:00-05:00,-0.0009,True,0.000900000000000002,2.0599841277224584e-18
2023-09-28 03:00:00-05:00,-0.0009,True,0.000900000000000002,2.0599841277224584e-18
2023-09-28 04:00:00-05:00,-0.0009,True,0.000900000000000002,2.0599841277224584e-18
2023-09-28 05:00:00-05:00,-0.0009,True,0.000900000000000002,2.0599841277224584e-18
2023-09-28 06:00:00-05:00,-0.0009,True,0.000900000000000002,2.0599841277224584e-18
2023-09-28 07:00:00-05:00,-0.0009,True,0.0015033295616651702,0.0006033295616651702
2023-09-28 08:00:00-05:00,-0.0009,True,0.04262322365953459,0.04172322365953459
2023-09-28 09:00:00-05:00,-0.0009,True,0.10084640584543476,0.09994640584543477
2023-09-28 10:00:00-05:00,-0.0009,True,0.14136286883312432,0.1404628688331243
2023-09-28 11:00:00-05:00,-0.0009,True,0.1408060843006912,0.13990608430069118
2023-09-28 12:00:00-05:00,0.157701237856083,True,0.12191682216599416,0.2796180600220772
2023-09-28 13:00:00-05:00,0.24036063551700584,True,0.10452400570324201,0.34488464122024787
2023-09-28 14:00:00-05:00,0.2601775673761346,True,0.05459265982523998,0.3147702272013746
2023-09-28 15:00:00-05:00,0.2449669087912048,True,-0.004914417658841701,0.2400524911323631
2023-09-28 16:00:00-05:00,0.19737120729043472,True,-0.06229731132458252,0.1350738959658522
2023-09-28 17:00:00-05:00,0.1404913215789585,True,-0.10638620859230048,0.03410511298665801
2023-09-28 18:00:00-05:00,0.10311148015652201,True,-0.09312569095732888,0.009985789199193129
2023-09-28 19:00:00-05:00,0.08382344719023137,True,-0.08740161183046674,-0.0035781646402353734
2023-09-28 20:00:00-05:00,0.07636932338013191,True,-0.07656097396005836,-0.00019165057992644174
2023-09-28 21:00:00-05:00,0.01122442114576461,True,-0.009015403700720537,0.0022090174450440734
2023-09-28 22:00:00-05:00,0.0052659125989689675,True,-0.00548781661505612,-0.00022190401608715264
2023-09-28 23:00:00-05:00,-0.0009,True,0.0008999999999999991,-8.673617379884035e-19
2023-09-29 00:00:00-05:00,-0.0009,True,0.000900000000000002,2.0599841277224584e-18
2023-09-29 01:00:00-05:00,-0.0009,True,0.000900000000000002,2.0599841277224584e-18
2023-09-29 02:00:00-05:00,-0.0009,True,0.000900000000000002,2.0599841277224584e-18
2023-09-29 03:00:00-05:00,-0.0009,True,0.000900000000000002,2.0599841277224584e-18
2023-09-29 04:00:00-05:00,-0.0009,True,0.000900000000000002,2.0599841277224584e-18
2023-09-29 05:00:00-05:00,-0.0009,True,0.000900000000000002,2.0599841277224584e-18
2023-09-29 06:00:00-05:00,-0.0009,True,0.000900000000000002,2.0599841277224584e-18
2023-09-29 07:00:00-05:00,-0.0009,True,0.0014583798777220804,0.0005583798777220805
2023-09-29 08:00:00-05:00,-0.0009,True,0.0416223314472008,0.040722331447200805
2023-09-29 09:00:00-05:00,-0.0009,True,0.10706096924395425,0.10616096924395425
2023-09-29 10:00:00-05:00,-0.0009,True,0.1398323433845672,0.1389323433845672
2023-09-29 11:00:00-05:00,-0.0009,True,0.14202267738766453,0.1411226773876645
2023-09-29 12:00:00-05:00,-0.0009,True,0.13820738311861042,0.1373073831186104
2023-09-29 13:00:00-05:00,-0.0009,True,0.13821843513323354,0.13731843513323352
2023-09-29 14:00:00-05:00,0.04736275326258739,True,0.12888088022419494,0.17624363348678235
2023-09-29 15:00:00-05:00,0.06420933855706286,True,0.07444849706846089,0.13865783562552375
2023-09-29 16:00:00-05:00,0.026743424950947673,True,0.02144737334088807,0.04819079829183574
2023-09-29 17:00:00-05:00,0.0918600259341593,True,-0.09047923944355198,0.0013807864906073275
2023-09-29 18:00:00-05:00,0.061890349651209375,True,-0.062250730789087196,-0.00036038113787782017
2023-09-29 19:00:00-05:00,0.057407311451924375,True,-0.05911782355270447,-0.001710512100780097
2023-09-29 20:00:00-05:00,0.028938084944387484,True,-0.021097316007017954,0.00784076893736953
2023-09-29 21:00:00-05:00,0.007147428407563142,True,-0.005677015152510583,0.0014704132550525592
2023-09-29 22:00:00-05:00,-0.0009,True,0.0008999999999999991,-8.673617379884035e-19
2023-09-29 23:00:00-05:00,-0.0009,True,0.0008999999999999991,-8.673617379884035e-19
2023-09-30 00:00:00-05:00,-0.0009,True,0.000900000000000002,2.0599841277224584e-18
2023-09-30 01:00:00-05:00,-0.0009,True,0.000907156264087223,7.156264087223034e-06
2023-09-30 02:00:00-05:00,-0.0009,True,0.0009000000000000019,1.951563910473908e-18
2023-09-30 03:00:00-05:00,-0.0009,True,0.0009000000000000019,1.951563910473908e-18
2023-09-30 04:00:00-05:00,-0.0009,True,0.0009000000000000019,1.951563910473908e-18
2023-09-30 05:00:00-05:00,-0.0009,True,0.000900000000000002,2.0599841277224584e-18
2023-09-30 06:00:00-05:00,-0.0009,True,0.000900000000000002,2.0599841277224584e-18
2023-09-30 07:00:00-05:00,-0.0009,True,0.001459696498191359,0.000559696498191359
2023-09-30 08:00:00-05:00,-0.0009,True,0.05248730997331337,0.05158730997331337
2023-09-30 09:00:00-05:00,-0.0009,True,0.10662948192719818,0.10572948192719818
2023-09-30 10:00:00-05:00,-0.0009,True,0.13669783192169013,0.13579783192169012
2023-09-30 11:00:00-05:00,-0.0009,True,0.12887069262974862,0.1279706926297486
2023-09-30 12:00:00-05:00,0.17168884705694226,True,0.12625865394723668,0.29794750100417894
2023-09-30 13:00:00-05:00,0.017433320610417934,True,0.12414769616685702,0.14158101677727494
2023-09-30 14:00:00-05:00,0.040408247366304245,True,0.13673990508452416,0.1771481524508284
2023-09-30 15:00:00-05:00,0.049783670217722856,True,0.07379121384315511,0.12357488406087797
2023-09-30 16:00:00-05:00,0.10394102223701658,True,-0.031783951151777574,0.072157071085239
2023-09-30 17:00:00-05:00,0.09406588299197359,True,-0.09202887134533136,0.002037011646642231
2023-09-30 18:00:00-05:00,0.10427013676766898,True,-0.093453934146709,0.010816202620959989
2023-09-30 19:00:00-05:00,0.007377392479226155,True,-0.007701534163880307,-0.00032414168465415196
2023-09-30 20:00:00-05:00,0.08325890990927834,True,-0.08734461359351758,-0.004085703684239245
2023-09-30 21:00:00-05:00,0.00608107047052283,True,-0.006085686469376271,-4.615998853441279e-06
2023-09-30 22:00:00-05:00,-0.0009,True,0.0008999999999999991,-8.673617379884035e-19
2023-09-30 23:00:00-05:00,-0.0009,True,0.0008999999999999991,-8.673617379884035e-19
2023-10-01 00:00:00-05:00,-0.0009,True,0.000900000000000002,2.0599841277224584e-18
2023-10-01 01:00:00-05:00,-0.0009,True,0.000900000000000002,2.0599841277224584e-18
2023-10-01 02:00:00-05:00,-0.0009,True,0.0009000000000000019,1.951563910473908e-18
2023-10-01 03:00:00-05:00,-0.0009,True,0.000900000000000002,2.0599841277224584e-18
2023-10-01 04:00:00-05:00,-0.0009,True,0.000900000000000002,2.0599841277224584e-18
2023-10-01 05:00:00-05:00,-0.0009,True,0.000900000000000002,2.0599841277224584e-18
2023-10-01 06:00:00-05:00,-0.0009,True,0.000900000000000002,2.0599841277224584e-18
2023-10-01 07:00:00-05:00,-0.0009,True,0.0010065614830834016,0.00010656148308340165
2023-10-01 08:00:00-05:00,-0.0009,True,0.040522484006349856,0.03962248400634986
2023-10-01 09:00:00-05:00,-0.0009,True,0.11305699819711476,0.11215699819711476
2023-10-01 10:00:00-05:00,-0.0009,True,0.16058323530112414,0.15968323530112413
2023-10-01 11:00:00-05:00,-0.0009,True,0.16762348137122943,0.16672348137122942
2023-10-01 12:00:00-05:00,0.21018546536569738,True,0.10639248315201395,0.3165779485177113
2023-10-01 13:00:00-05:00,0.2679862552987147,True,0.06949153733769087,0.3374777926364056
2023-10-01 14:00:00-05:00,0.26862619959538037,True,0.008664084723881476,0.27729028431926184
2023-10-01 15:00:00-05:00,0.23732693123545603,True,-0.019301768091346424,0.2180251631441096
2023-10-01 16:00:00-05:00,0.1812477894071039,True,-0.07879943556453844,0.10244835384256545
2023-10-01 17:00:00-05:00,0.10435537864628562,True,-0.10091697173801072,0.0034384069082749047
2023-10-01 18:00:00-05:00,-0.0009,True,0.0008411488044177247,-5.8851195582275266e-05
2023-10-01 19:00:00-05:00,-0.0009,True,0.0008411488044177247,-5.8851195582275266e-05
2023-10-01 20:00:00-05:00,-0.0009,True,0.0008999999999999991,-8.673617379884035e-19
2023-10-01 21:00:00-05:00,-0.0009,True,0.0008999999999999991,-8.673617379884035e-19
2023-10-01 22:00:00-05:00,-0.0009,True,0.0008999999999999991,-8.673617379884035e-19
2023-10-01 23:00:00-05:00,-0.0009,True,0.0008999999999999991,-8.673617379884035e-19
2023-10-02 00:00:00-05:00,-0.0009,True,0.0009000000000000019,1.951563910473908e-18
2023-10-02 01:00:00-05:00,-0.0009,True,0.0009000000000000019,1.951563910473908e-18
2023-10-02 02:00:00-05:00,-0.0009,True,0.0009000000000000019,1.951563910473908e-18
2023-10-02 03:00:00-05:00,-0.0009,True,0.0009000000000000019,1.951563910473908e-18
2023-10-02 04:00:00-05:00,-0.0009,True,0.0009000000000000019,1.951563910473908e-18
2023-10-02 05:00:00-05:00,-0.0009,True,0.0009000000000000019,1.951563910473908e-18
2023-10-02 06:00:00-05:00,-0.0009,True,0.0009000000000000019,1.951563910473908e-18
2023-10-02 07:00:00-05:00,-0.0009,True,0.0010730492744107673,0.00017304927441076732
2023-10-02 08:00:00-05:00,-0.0009,True,0.032776410553882085,0.03187641055388209
2023-10-02 09:00:00-05:00,-0.0009,True,0.09971523969660147,0.09881523969660147
2023-10-02 10:00:00-05:00,-0.0009,True,0.1337777659189678,0.1328777659189678
2023-10-02 11:00:00-05:00,-0.0009,True,0.1290387316183603,0.12813873161836029
2023-10-02 12:00:00-05:00,0.1963999976750818,True,0.11940007671496215,0.31580007439004393
2023-10-02 13:00:00-05:00,0.2574402370852815,True,0.09512194873590543,0.3525621858211869
2023-10-02 14:00:00-05:00,0.25992420824011386,True,0.007138700415304522,0.2670629086554184
2023-10-02 15:00:00-05:00,0.23107868978447046,True,-0.013040380692146863,0.2180383090923236
2023-10-02 16:00:00-05:00,0.17683114615760073,True,-0.07566419025617384,0.1011669559014269
2023-10-02 17:00:00-05:00,0.10420629936954086,True,-0.10121726578689133,0.002989033582649528
2023-10-02 18:00:00-05:00,-0.0009,True,0.0002733937363682357,-0.0006266062636317642
2023-10-02 19:00:00-05:00,-0.0009,True,0.0003322449319505098,-0.0005677550680494902
2023-10-02 20:00:00-05:00,-0.0009,True,0.0008999999999999991,-8.673617379884035e-19
2023-10-02 21:00:00-05:00,-0.0009,True,0.0008999999999999991,-8.673617379884035e-19
2023-10-02 22:00:00-05:00,-0.0009,True,0.0008999999999999991,-8.673617379884035e-19
2023-10-02 23:00:00-05:00,-0.0009,True,0.0008999999999999991,-8.673617379884035e-19
2023-10-03 00:00:00-05:00,-0.0009,True,0.000900000000000002,2.0599841277224584e-18
2023-10-03 01:00:00-05:00,-0.0009,True,0.000900000000000002,2.0599841277224584e-18
2023-10-03 02:00:00-05:00,-0.0009,True,0.000900000000000002,2.0599841277224584e-18
2023-10-03 03:00:00-05:00,-0.0009,True,0.000900000000000002,2.0599841277224584e-18
2023-10-03 04:00:00-05:00,-0.0009,True,0.000900000000000002,2.0599841277224584e-18
2023-10-03 05:00:00-05:00,-0.0009,True,0.000900000000000002,2.0599841277224584e-18
2023-10-03 06:00:00-05:00,-0.0009,True,0.000900000000000002,2.0599841277224584e-18
2023-10-03 07:00:00-05:00,-0.0009,True,0.0010170085064316818,0.00011700850643168179
2023-10-03 08:00:00-05:00,-0.0009,True,0.037914162637345615,0.03701416263734562
2023-10-03 09:00:00-05:00,-0.0009,True,0.10016679316175667,0.09926679316175667
2023-10-03 10:00:00-05:00,-0.0009,True,0.15084677266588303,0.14994677266588302
2023-10-03 11:00:00-05:00,-0.0009,True,0.15792928232655082,0.1570292823265508
2023-10-03 12:00:00-05:00,0.1929712984494268,True,0.10451662054681375,0.29748791899624055
2023-10-03 13:00:00-05:00,0.2583735218031712,True,0.07599888981890496,0.33437241162207615
2023-10-03 14:00:00-05:00,0.261337655755031,True,0.007214682097565226,0.2685523378525962
2023-10-03 15:00:00-05:00,0.23226508161712134,True,-0.019190355976660713,0.21307472564046062
2023-10-03 16:00:00-05:00,0.1776580908412559,True,-0.07808553847889721,0.09957255236235868
2023-10-03 17:00:00-05:00,0.10363384116327444,True,-0.10008308889706469,0.003550752266209753
2023-10-03 18:00:00-05:00,-0.0009,True,0.0002733937363682357,-0.0006266062636317642
2023-10-03 19:00:00-05:00,-0.0009,True,0.0007244961905643525,-0.00017550380943564745
2023-10-03 20:00:00-05:00,-0.0009,True,0.0008999999999999991,-8.673617379884035e-19
2023-10-03 21:00:00-05:00,-0.0009,True,0.0008999999999999991,-8.673617379884035e-19
2023-10-03 22:00:00-05:00,-0.0009,True,0.0008999999999999991,-8.673617379884035e-19
2023-10-03 23:00:00-05:00,-0.0009,True,0.0008999999999999991,-8.673617379884035e-19
2023-10-04 00:00:00-05:00,-0.0009,True,0.000900000000000002,2.0599841277224584e-18
2023-10-04 01:00:00-05:00,-0.0009,True,0.000900000000000002,2.0599841277224584e-18
2023-10-04 02:00:00-05:00,-0.0009,True,0.000900000000000002,2.0599841277224584e-18
2023-10-04 03:00:00-05:00,-0.0009,True,0.000900000000000002,2.0599841277224584e-18
2023-10-04 04:00:00-05:00,-0.0009,True,0.000900000000000002,2.0599841277224584e-18
2023-10-04 05:00:00-05:00,-0.0009,True,0.000900000000000002,2.0599841277224584e-18
2023-10-04 06:00:00-05:00,-0.0009,True,0.000900000000000002,2.0599841277224584e-18
2023-10-04 07:00:00-05:00,-0.0009,True,0.0010065614830834016,0.00010656148308340165
2023-10-04 08:00:00-05:00,-0.0009,True,0.040059856492339396,0.0391598564923394
2023-10-04 09:00:00-05:00,-0.0009,True,0.11012581550896529,0.10922581550896529
2023-10-04 10:00:00-05:00,-0.0009,True,0.15142720723742045,0.15052720723742044
2023-10-04 11:00:00-05:00,-0.0009,True,0.16668718911773758,0.16578718911773757
2023-10-04 12:00:00-05:00,0.20548541922926356,True,0.10576264488643478,0.31124806411569833
2023-10-04 13:00:00-05:00,0.2661151916649315,True,0.0689797980769604,0.33509498974189195
2023-10-04 14:00:00-05:00,0.26425034476091214,True,0.007556220975170858,0.271806565736083
2023-10-04 15:00:00-05:00,0.23243605681143226,True,-0.019601784528172513,0.21283427228325974
2023-10-04 16:00:00-05:00,0.177092547638628,True,-0.0814706679196561,0.0956218797189719
2023-10-04 17:00:00-05:00,0.10274031607502965,True,-0.09962993927995671,0.003110376795072936
2023-10-04 18:00:00-05:00,-0.0009,True,0.0006656449949820783,-0.00023435500501792163
2023-10-04 19:00:00-05:00,-0.0009,True,0.0008999999999999991,-8.673617379884035e-19
2023-10-04 20:00:00-05:00,-0.0009,True,0.0008999999999999991,-8.673617379884035e-19
2023-10-04 21:00:00-05:00,-0.0009,True,0.0008999999999999991,-8.673617379884035e-19
2023-10-04 22:00:00-05:00,-0.0009,True,0.0008999999999999991,-8.673617379884035e-19
2023-10-04 23:00:00-05:00,-0.0009,True,0.0008999999999999991,-8.673617379884035e-19
2023-10-05 00:00:00-05:00,-0.0009,True,0.000900000000000002,2.0599841277224584e-18
2023-10-05 01:00:00-05:00,-0.0009,True,0.000900000000000002,2.0599841277224584e-18
2023-10-05 02:00:00-05:00,-0.0009,True,0.000900000000000002,2.0599841277224584e-18
2023-10-05 03:00:00-05:00,-0.0009,True,0.000900000000000002,2.0599841277224584e-18
2023-10-05 04:00:00-05:00,-0.0009,True,0.000900000000000002,2.0599841277224584e-18
2023-10-05 05:00:00-05:00,-0.0009,True,0.000900000000000002,2.0599841277224584e-18
2023-10-05 06:00:00-05:00,-0.0009,True,0.000900000000000002,2.0599841277224584e-18
2023-10-05 07:00:00-05:00,-0.0009,True,0.0010065614830834016,0.00010656148308340165
2023-10-05 08:00:00-05:00,-0.0009,True,0.03759002594926758,0.03669002594926758
2023-10-05 09:00:00-05:00,-0.0009,True,0.0760702596641007,0.07517025966410071
2023-10-05 10:00:00-05:00,-0.0009,True,0.10497790340240626,0.10407790340240626
2023-10-05 11:00:00-05:00,-0.0009,True,0.10493083444858337,0.10403083444858337
2023-10-05 12:00:00-05:00,0.019898664854334523,True,0.11748058620013642,0.13737925105447094
2023-10-05 13:00:00-05:00,0.25908865234432465,True,0.06258109290150403,0.3216697452458287
2023-10-05 14:00:00-05:00,0.2611299844215481,True,0.003737360692151136,0.26486734511369925
2023-10-05 15:00:00-05:00,0.14942731271875345,True,0.05087385076984991,0.20030116348860336
2023-10-05 16:00:00-05:00,0.18012678424165543,True,-0.04954925533231604,0.13057752890933938
2023-10-05 17:00:00-05:00,0.14692157644815423,True,-0.11729233586794331,0.029629240580210922
2023-10-05 18:00:00-05:00,0.11778380162163407,True,-0.09685575644689122,0.02092804517474285
2023-10-05 19:00:00-05:00,0.044111228741850105,True,-0.03754174853115289,0.006569480210697212
2023-10-05 20:00:00-05:00,0.07405687432539353,True,-0.07474737709625176,-0.000690502770858234
2023-10-05 21:00:00-05:00,0.0333333831782252,True,-0.02366846617128354,0.009664917006941661
2023-10-05 22:00:00-05:00,0.007442475868433012,True,-0.005414716810802483,0.0020277590576305285
2023-10-05 23:00:00-05:00,-0.0009,True,0.0008999999999999991,-8.673617379884035e-19
2023-10-06 00:00:00-05:00,-0.0009,True,0.000900000000000002,2.0599841277224584e-18
2023-10-06 01:00:00-05:00,-0.0009,True,0.000900000000000002,2.0599841277224584e-18
2023-10-06 02:00:00-05:00,-0.0009,True,0.000900000000000002,2.0599841277224584e-18
2023-10-06 03:00:00-05:00,-0.0009,True,0.000900000000000002,2.0599841277224584e-18
2023-10-06 04:00:00-05:00,-0.0009,True,0.000900000000000002,2.0599841277224584e-18
2023-10-06 05:00:00-05:00,-0.0009,True,0.000900000000000002,2.0599841277224584e-18
2023-10-06 06:00:00-05:00,-0.0009,True,0.000900000000000002,2.0599841277224584e-18
2023-10-06 07:00:00-05:00,-0.0009,True,0.0010078536766129494,0.00010785367661294946
2023-10-06 08:00:00-05:00,-0.0009,True,0.03185213679388306,0.030952136793883058
2023-10-06 09:00:00-05:00,-0.0009,True,0.08227186964808965,0.08137186964808965
2023-10-06 10:00:00-05:00,-0.0009,True,0.1075696466850453,0.1066696466850453
2023-10-06 11:00:00-05:00,-0.0009,True,0.10777890383794178,0.10687890383794178
2023-10-06 12:00:00-05:00,-0.0009,True,0.10739166737202872,0.10649166737202873
2023-10-06 13:00:00-05:00,0.12522197014360456,True,0.1130548998157938,0.23827686995939834
2023-10-06 14:00:00-05:00,0.04144229327095492,True,0.1336605664967498,0.1751028597677047
2023-10-06 15:00:00-05:00,0.07748935453978187,True,0.06633736389585114,0.143826718435633
2023-10-06 16:00:00-05:00,0.12066219518918879,True,-0.04157894230271038,0.07908325288647841
2023-10-06 17:00:00-05:00,0.1265941620967188,True,-0.10043813132896653,0.026156030767752275
2023-10-06 18:00:00-05:00,0.06606460300476977,True,-0.06693528753879968,-0.0008706845340299141
2023-10-06 19:00:00-05:00,0.07674532713030884,True,-0.07693330999986772,-0.00018798286955888643
2023-10-06 20:00:00-05:00,0.06532908605159016,True,-0.06685312904842615,-0.001524042996835992
2023-10-06 21:00:00-05:00,0.023751012271690828,True,-0.02098396771253181,0.0027670445591590175
2023-10-06 22:00:00-05:00,-0.0009,True,0.0008999999999999991,-8.673617379884035e-19
2023-10-06 23:00:00-05:00,-0.0009,True,0.0008999999999999991,-8.673617379884035e-19
2023-10-07 00:00:00-05:00,-0.0009,True,0.000900000000000002,2.0599841277224584e-18
2023-10-07 01:00:00-05:00,-0.0009,True,0.000900000000000002,2.0599841277224584e-18
2023-10-07 02:00:00-05:00,-0.0009,True,0.000900000000000002,2.0599841277224584e-18
2023-10-07 03:00:00-05:00,-0.0009,True,0.000900000000000002,2.0599841277224584e-18
2023-10-07 04:00:00-05:00,-0.0009,True,0.000900000000000002,2.0599841277224584e-18
2023-10-07 05:00:00-05:00,-0.0009,True,0.000900000000000002,2.0599841277224584e-18
2023-10-07 06:00:00-05:00,-0.0009,True,0.000900000000000002,2.0599841277224584e-18
2023-10-07 07:00:00-05:00,-0.0009,True,0.0010169969541312252,0.00011699695413122527
2023-10-07 08:00:00-05:00,-0.0009,True,0.03842169813715,0.03752169813715
2023-10-07 09:00:00-05:00,-0.0009,True,0.08418342079513047,0.08328342079513047
2023-10-07 10:00:00-05:00,-0.0009,True,0.13291812063263295,0.13201812063263293
2023-10-07 11:00:00-05:00,-0.0009,True,0.15328365161297103,0.15238365161297102
2023-10-07 12:00:00-05:00,0.10740720881148702,True,0.11558618827216083,0.22299339708364785
2023-10-07 13:00:00-05:00,-0.0009,True,0.15890012648299984,0.15800012648299983
2023-10-07 14:00:00-05:00,-0.0009,True,0.13997530638162903,0.13907530638162902
2023-10-07 15:00:00-05:00,-0.0009,True,0.1103215501875925,0.1094215501875925
2023-10-07 16:00:00-05:00,-0.0009,True,0.023985209341187107,0.023085209341187105
2023-10-07 17:00:00-05:00,-0.0009,True,0.0015991277096609193,0.0006991277096609193
2023-10-07 18:00:00-05:00,0.12054489889926438,True,-0.10475915562621067,0.01578574327305371
2023-10-07 19:00:00-05:00,-0.0009,True,0.0008999999999999991,-8.673617379884035e-19
2023-10-07 20:00:00-05:00,-0.0009,True,0.0008999999999999991,-8.673617379884035e-19
2023-10-07 21:00:00-05:00,-0.0009,True,0.0008999999999999991,-8.673617379884035e-19
2023-10-07 22:00:00-05:00,-0.0009,True,0.0008999999999999991,-8.673617379884035e-19
2023-10-07 23:00:00-05:00,-0.0009,True,0.0008999999999999991,-8.673617379884035e-19
2023-10-08 00:00:00-05:00,-0.0009,True,0.0009006267210206467,6.267210206467155e-07
2023-10-08 01:00:00-05:00,-0.0009,True,0.0009006267210206467,6.267210206467155e-07
2023-10-08 02:00:00-05:00,-0.0009,True,0.0009006267210206467,6.267210206467155e-07
2023-10-08 03:00:00-05:00,-0.0009,True,0.0009006267210206467,6.267210206467155e-07
2023-10-08 04:00:00-05:00,-0.0009,True,0.0009006267210206467,6.267210206467155e-07
2023-10-08 05:00:00-05:00,-0.0009,True,0.0009006267210206467,6.267210206467155e-07
2023-10-08 06:00:00-05:00,-0.0009,True,0.000900000000000002,2.0599841277224584e-18
2023-10-08 07:00:00-05:00,-0.0009,True,0.001056077859830012,0.000156077859830012
2023-10-08 08:00:00-05:00,-0.0009,True,0.051659718133692537,0.05075971813369254
2023-10-08 09:00:00-05:00,-0.0009,True,0.1294793308839192,0.12857933088391918
2023-10-08 10:00:00-05:00,-0.0009,True,0.22548875569042992,0.2245887556904299
2023-10-08 11:00:00-05:00,-0.0009,True,0.2843638214285371,0.2834638214285371
2023-10-08 12:00:00-05:00,0.19731681816319593,True,0.1391378036626259,0.33645462182582186
2023-10-08 13:00:00-05:00,0.2736028906859463,True,0.08733955823644068,0.36094244892238697
2023-10-08 14:00:00-05:00,0.280142001526215,True,0.013939247297565046,0.29408124882378006
2023-10-08 15:00:00-05:00,0.09499639278206279,True,0.10820854313230127,0.20320493591436406
2023-10-08 16:00:00-05:00,0.04770189706920516,True,0.0011602542395741829,0.04886215130877934
2023-10-08 17:00:00-05:00,0.12240750833589467,True,-0.09423136759636208,0.02817614073953259
2023-10-08 18:00:00-05:00,0.12632782194974332,True,-0.10670644225537192,0.019621379694371402
2023-10-08 19:00:00-05:00,-0.0009,True,0.0002606694476205471,-0.0006393305523794529
2023-10-08 20:00:00-05:00,0.0768570859982702,True,-0.07617959932647646,0.0006774866717937367
2023-10-08 21:00:00-05:00,0.04941761839653336,True,-0.04975924571614209,-0.00034162731960873244
2023-10-08 22:00:00-05:00,-0.0009,True,0.0008999999999999991,-8.673617379884035e-19
2023-10-08 23:00:00-05:00,-0.0009,True,0.0008999999999999991,-8.673617379884035e-19
2023-10-09 00:00:00-05:00,-0.0009,True,0.0009006267210206467,6.267210206467155e-07
2023-10-09 01:00:00-05:00,-0.0009,True,0.0009006267210206467,6.267210206467155e-07
2023-10-09 02:00:00-05:00,-0.0009,True,0.0009006267210206467,6.267210206467155e-07
2023-10-09 03:00:00-05:00,-0.0009,True,0.0009006267210206467,6.267210206467155e-07
2023-10-09 04:00:00-05:00,-0.0009,True,0.0009006267210206467,6.267210206467155e-07
2023-10-09 05:00:00-05:00,-0.0009,True,0.000900000000000002,2.0599841277224584e-18
2023-10-09 06:00:00-05:00,-0.0009,True,0.000900000000000002,2.0599841277224584e-18
2023-10-09 07:00:00-05:00,-0.0009,True,0.001005767341598032,0.00010576734159803208
2023-10-09 08:00:00-05:00,-0.0009,True,0.052565016090804474,0.051665016090804476
2023-10-09 09:00:00-05:00,-0.0009,True,0.12201722957306499,0.12111722957306499
2023-10-09 10:00:00-05:00,-0.0009,True,0.2115587279119899,0.2106587279119899
2023-10-09 11:00:00-05:00,-0.0009,True,0.2736494689026891,0.2727494689026891
2023-10-09 12:00:00-05:00,0.027518315993959673,True,0.195151751781794,0.22267006777575368
2023-10-09 13:00:00-05:00,0.03554629864810949,True,0.20106646641257353,0.23661276506068302
2023-10-09 14:00:00-05:00,0.27512561369718985,True,0.011740855602967084,0.2868664693001569
2023-10-09 15:00:00-05:00,0.24437702849313395,True,-0.009610642668645196,0.23476638582448875
2023-10-09 16:00:00-05:00,0.17878964537559278,True,-0.03984661363040296,0.13894303174518982
2023-10-09 17:00:00-05:00,0.11123894658953605,True,-0.10040094716834463,0.010837999421191416
2023-10-09 18:00:00-05:00,-0.0009,True,-3.4335421558161265e-05,-0.0009343354215581612
2023-10-09 19:00:00-05:00,-0.0009,True,2.451577402411313e-05,-0.0008754842259758868
2023-10-09 20:00:00-05:00,0.062415579360955424,True,-0.06185929147730406,0.000556287883651363
2023-10-09 21:00:00-05:00,-0.0009,True,0.0008999999999999991,-8.673617379884035e-19
2023-10-09 22:00:00-05:00,-0.0009,True,0.0008999999999999991,-8.673617379884035e-19
2023-10-09 23:00:00-05:00,-0.0009,True,0.0008999999999999991,-8.673617379884035e-19
2023-10-10 00:00:00-05:00,-0.0009,True,0.0009006267210206467,6.267210206467155e-07
2023-10-10 01:00:00-05:00,-0.0009,True,0.000900000000000002,2.0599841277224584e-18
2023-10-10 02:00:00-05:00,-0.0009,True,0.000900000000000002,2.0599841277224584e-18
2023-10-10 03:00:00-05:00,-0.0009,True,0.000900000000000002,2.0599841277224584e-18
2023-10-10 04:00:00-05:00,-0.0009,True,0.000900000000000002,2.0599841277224584e-18
2023-10-10 05:00:00-05:00,-0.0009,True,0.0009006267210206467,6.267210206467155e-07
2023-10-10 06:00:00-05:00,-0.0009,True,0.000900000000000002,2.0599841277224584e-18
2023-10-10 07:00:00-05:00,-0.0009,True,0.001011232470139304,0.00011123247013930396
2023-10-10 08:00:00-05:00,-0.0009,True,0.05278557553197106,0.05188557553197106
2023-10-10 09:00:00-05:00,-0.0009,True,0.11688890978517306,0.11598890978517307
2023-10-10 10:00:00-05:00,-0.0009,True,0.20914266824581457,0.20824266824581456
2023-10-10 11:00:00-05:00,-0.0009,True,0.2801876285073606,0.2792876285073606
2023-10-10 12:00:00-05:00,-0.0009,True,0.1850315958888265,0.1841315958888265
2023-10-10 13:00:00-05:00,0.024357669612459668,True,0.1543856170161127,0.17874328662857236
2023-10-10 14:00:00-05:00,0.264004058052077,True,0.012657695465934558,0.27666175351801153
2023-10-10 15:00:00-05:00,0.23625599610180037,True,-0.0059594564442687,0.23029653965753166
2023-10-10 16:00:00-05:00,0.18081783045659391,True,-0.07682265601128561,0.1039951744453083
2023-10-10 17:00:00-05:00,0.110753760923652,True,-0.09980382142150943,0.01094993950214257
2023-10-10 18:00:00-05:00,-0.0009,True,0.0008999999999999991,-8.673617379884035e-19
2023-10-10 19:00:00-05:00,-0.0009,True,2.451577402411313e-05,-0.0008754842259758868
2023-10-10 20:00:00-05:00,-0.0009,True,0.0007244961905643525,-0.00017550380943564745
2023-10-10 21:00:00-05:00,-0.0009,True,0.0008999999999999991,-8.673617379884035e-19
2023-10-10 22:00:00-05:00,-0.0009,True,0.0008999999999999991,-8.673617379884035e-19
2023-10-10 23:00:00-05:00,-0.0009,True,0.0008999999999999991,-8.673617379884035e-19
2023-10-11 00:00:00-05:00,-0.0009,True,0.0009006267210206467,6.267210206467155e-07
2023-10-11 01:00:00-05:00,-0.0009,True,0.0009006267210206467,6.267210206467155e-07
2023-10-11 02:00:00-05:00,-0.0009,True,0.0009006267210206467,6.267210206467155e-07
2023-10-11 03:00:00-05:00,-0.0009,True,0.0009006267210206467,6.267210206467155e-07
2023-10-11 04:00:00-05:00,-0.0009,True,0.0009006267210206467,6.267210206467155e-07
2023-10-11 05:00:00-05:00,-0.0009,True,0.000900000000000002,2.0599841277224584e-18
2023-10-11 06:00:00-05:00,-0.0009,True,0.000900000000000002,2.0599841277224584e-18
2023-10-11 07:00:00-05:00,-0.0009,True,0.001000582578764439,0.00010058257876443904
2023-10-11 08:00:00-05:00,-0.0009,True,0.05109973576646261,0.05019973576646261
2023-10-11 09:00:00-05:00,-0.0009,True,0.12642151646468017,0.12552151646468016
2023-10-11 10:00:00-05:00,-0.0009,True,0.17973588897166146,0.17883588897166144
2023-10-11 11:00:00-05:00,-0.0009,True,0.27749615088160035,0.27659615088160033
2023-10-11 12:00:00-05:00,0.20932776284929158,True,0.13553211470478185,0.34485987755407344
2023-10-11 13:00:00-05:00,0.2753242986722181,True,0.06612118977165692,0.341445488443875
2023-10-11 14:00:00-05:00,0.27426992105864867,True,0.00206593843663743,0.2763358594952861
2023-10-11 15:00:00-05:00,0.23868704358897946,True,-0.014694409972431552,0.22399263361654792
2023-10-11 16:00:00-05:00,0.17669359812135085,True,-0.08495595733057552,0.09173764079077533
2023-10-11 17:00:00-05:00,0.10045505957608343,True,-0.10062717469903351,-0.00017211512295008113
2023-10-11 18:00:00-05:00,-0.0009,True,0.0008411488044177247,-5.8851195582275266e-05
2023-10-11 19:00:00-05:00,-0.0009,True,0.0008999999999999991,-8.673617379884035e-19
2023-10-11 20:00:00-05:00,-0.0009,True,0.0008999999999999991,-8.673617379884035e-19
2023-10-11 21:00:00-05:00,0.02697705978083141,True,-0.025389539507143254,0.0015875202736881575
2023-10-11 22:00:00-05:00,-0.0009,True,0.0008999999999999991,-8.673617379884035e-19
2023-10-11 23:00:00-05:00,-0.0009,True,0.0008999999999999991,-8.673617379884035e-19
2023-10-12 00:00:00-05:00,-0.0009,True,0.0009006267210206467,6.267210206467155e-07
2023-10-12 01:00:00-05:00,-0.0009,True,0.0009006267210206467,6.267210206467155e-07
2023-10-12 02:00:00-05:00,-0.0009,True,0.0009006267210206467,6.267210206467155e-07
2023-10-12 03:00:00-05:00,-0.0009,True,0.0009006267210206467,6.267210206467155e-07
2023-10-12 04:00:00-05:00,-0.0009,True,0.0009006267210206467,6.267210206467155e-07
2023-10-12 05:00:00-05:00,-0.0009,True,0.0009006267210206467,6.267210206467155e-07
2023-10-12 06:00:00-05:00,-0.0009,True,0.0009006267210206467,6.267210206467155e-07
2023-10-12 07:00:00-05:00,-0.0009,True,0.0010828146722433494,0.00018281467224334942
2023-10-12 08:00:00-05:00,-0.0009,True,0.058071887658155,0.057171887658155
2023-10-12 09:00:00-05:00,-0.0009,True,0.13988814618924664,0.13898814618924663
2023-10-12 10:00:00-05:00,-0.0009,True,0.21373502172232725,0.21283502172232724
2023-10-12 11:00:00-05:00,-0.0009,True,0.2473473092959876,0.2464473092959876
2023-10-12 12:00:00-05:00,0.009405937651164454,True,0.24214185095324417,0.25154778860440863
2023-10-12 13:00:00-05:00,0.2629388530973693,True,0.0885037693789598,0.3514426224763291
2023-10-12 14:00:00-05:00,0.09548096995946663,True,0.15325590883337192,0.24873687879283857
2023-10-12 15:00:00-05:00,0.22822462196283616,True,-0.014235537706779522,0.21398908425605664
2023-10-12 16:00:00-05:00,0.17232041532817513,True,-0.08014212900156564,0.09217828632660949
2023-10-12 17:00:00-05:00,0.10415345303242103,True,-0.10054868639636011,0.0036047666360609215
2023-10-12 18:00:00-05:00,-0.0009,True,0.0006656449949820783,-0.00023435500501792163
2023-10-12 19:00:00-05:00,-0.0009,True,0.0008999999999999991,-8.673617379884035e-19
2023-10-12 20:00:00-05:00,-0.0009,True,0.0008999999999999991,-8.673617379884035e-19
2023-10-12 21:00:00-05:00,-0.0009,True,0.0008999999999999991,-8.673617379884035e-19
2023-10-12 22:00:00-05:00,-0.0009,True,0.0008999999999999991,-8.673617379884035e-19
2023-10-12 23:00:00-05:00,-0.0009,True,0.0008999999999999991,-8.673617379884035e-19
2023-10-13 00:00:00-05:00,-0.0009,True,0.0009006267210206467,6.267210206467155e-07
2023-10-13 01:00:00-05:00,-0.0009,True,0.0009006267210206467,6.267210206467155e-07
2023-10-13 02:00:00-05:00,-0.0009,True,0.0009006267210206467,6.267210206467155e-07
2023-10-13 03:00:00-05:00,-0.0009,True,0.0009006267210206467,6.267210206467155e-07
2023-10-13 04:00:00-05:00,-0.0009,True,0.0009006267210206467,6.267210206467155e-07
2023-10-13 05:00:00-05:00,-0.0009,True,0.0009006267210206467,6.267210206467155e-07
2023-10-13 06:00:00-05:00,-0.0009,True,0.0009006267210206467,6.267210206467155e-07
2023-10-13 07:00:00-05:00,-0.0009,True,0.0010044177815332956,0.00010441778153329564
2023-10-13 08:00:00-05:00,-0.0009,True,0.04150089354417854,0.04060089354417854
2023-10-13 09:00:00-05:00,-0.0009,True,0.13192201326254507,0.13102201326254506
2023-10-13 10:00:00-05:00,-0.0009,True,0.19324840959385103,0.19234840959385102
2023-10-13 11:00:00-05:00,-0.0009,True,0.1966794886877085,0.19577948868770848
2023-10-13 12:00:00-05:00,0.005523685229577995,True,0.1872367562075341,0.1927604414371121
2023-10-13 13:00:00-05:00,0.25940646325145533,True,0.1158845934163017,0.37529105666775703
2023-10-13 14:00:00-05:00,0.2662139948240422,True,0.006774251010941026,0.2729882458349832
2023-10-13 15:00:00-05:00,0.23394908307065335,True,-0.01833336802350812,0.21561571504714522
2023-10-13 16:00:00-05:00,0.17395352225839927,True,-0.08525078886873141,0.08870273338966786
2023-10-13 17:00:00-05:00,0.09911183804851323,True,-0.10500044538808144,-0.005888607339568211
2023-10-13 18:00:00-05:00,-0.0009,True,0.0008411488044177247,-5.8851195582275266e-05
2023-10-13 19:00:00-05:00,-0.0009,True,0.0008999999999999991,-8.673617379884035e-19
2023-10-13 20:00:00-05:00,-0.0009,True,0.0008999999999999991,-8.673617379884035e-19
2023-10-13 21:00:00-05:00,-0.0009,True,0.0008999999999999991,-8.673617379884035e-19
2023-10-13 22:00:00-05:00,-0.0009,True,0.0008999999999999991,-8.673617379884035e-19
2023-10-13 23:00:00-05:00,-0.0009,True,0.0008999999999999991,-8.673617379884035e-19
2023-10-14 00:00:00-05:00,-0.0009,True,0.0009006267210206467,6.267210206467155e-07
2023-10-14 01:00:00-05:00,-0.0009,True,0.0009006267210206467,6.267210206467155e-07
2023-10-14 02:00:00-05:00,-0.0009,True,0.0009006267210206467,6.267210206467155e-07
2023-10-14 03:00:00-05:00,-0.0009,True,0.0009006267210206467,6.267210206467155e-07
2023-10-14 04:00:00-05:00,-0.0009,True,0.0009006267210206467,6.267210206467155e-07
2023-10-14 05:00:00-05:00,-0.0009,True,0.0009006267210206467,6.267210206467155e-07
2023-10-14 06:00:00-05:00,-0.0009,True,0.0009006267210206467,6.267210206467155e-07
2023-10-14 07:00:00-05:00,-0.0009,True,0.001024949640157281,0.00012494964015728098
2023-10-14 08:00:00-05:00,-0.0009,True,0.034732682013418954,0.033832682013418956
2023-10-14 09:00:00-05:00,-0.0009,True,0.1028262153948334,0.1019262153948334
2023-10-14 10:00:00-05:00,-0.0009,True,0.1498181388358073,0.1489181388358073
2023-10-14 11:00:00-05:00,-0.0009,True,0.13503357176968228,0.13413357176968227
2023-10-14 12:00:00-05:00,-0.0009,True,0.12076737529339328,0.11986737529339328
2023-10-14 13:00:00-05:00,-0.0009,True,0.11399721492046982,0.11309721492046983
2023-10-14 14:00:00-05:00,-0.0009,True,0.0962872553804756,0.0953872553804756
2023-10-14 15:00:00-05:00,0.011618921473403513,True,0.08954277601755468,0.1011616974909582
2023-10-14 16:00:00-05:00,0.010272052402137438,True,0.02082702530786108,0.031099077709998518
2023-10-14 17:00:00-05:00,0.06975323215542868,True,-0.06925830261082809,0.0004949295446005919
2023-10-14 18:00:00-05:00,0.018157654691083457,True,-0.016926786583026484,0.0012308681080569726
2023-10-14 19:00:00-05:00,0.02018073316891016,True,-0.018143896475614568,0.0020368366932955913
2023-10-14 20:00:00-05:00,-0.0009,True,0.0008999999999999991,-8.673617379884035e-19
2023-10-14 21:00:00-05:00,-0.0009,True,0.0008999999999999991,-8.673617379884035e-19
2023-10-14 22:00:00-05:00,-0.0009,True,0.0008999999999999991,-8.673617379884035e-19
2023-10-14 23:00:00-05:00,-0.0009,True,0.0008999999999999991,-8.673617379884035e-19
2023-10-15 00:00:00-05:00,-0.0009,True,0.0010322605077329372,0.00013226050773293722
2023-10-15 01:00:00-05:00,-0.0009,True,0.0009621112881618774,6.211128816187739e-05
2023-10-15 02:00:00-05:00,-0.0009,True,0.0009621112881618774,6.211128816187739e-05
2023-10-15 03:00:00-05:00,-0.0009,True,0.0009756192845395196,7.561928453951963e-05
2023-10-15 04:00:00-05:00,-0.0009,True,0.0009621112881618773,6.211128816187728e-05
2023-10-15 05:00:00-05:00,-0.0009,True,0.0009621112881618773,6.211128816187728e-05
2023-10-15 06:00:00-05:00,-0.0009,True,0.001119947032196762,0.00021994703219676203
2023-10-15 07:00:00-05:00,-0.0009,True,0.001323195108777196,0.0004231951087771959
2023-10-15 08:00:00-05:00,-0.0009,True,0.06255855562335609,0.06165855562335609
2023-10-15 09:00:00-05:00,-0.0009,True,0.14499461958522164,0.14409461958522163
2023-10-15 10:00:00-05:00,-0.0009,True,0.22286061318533812,0.2219606131853381
2023-10-15 11:00:00-05:00,-0.0009,True,0.28535923641699495,0.28445923641699494
2023-10-15 12:00:00-05:00,0.19685693457515457,True,0.13778628004114937,0.334643214616304
2023-10-15 13:00:00-05:00,0.2736545697654544,True,0.06872732172211352,0.3423818914875679
2023-10-15 14:00:00-05:00,0.2767590680002686,True,0.0070117743537611125,0.2837708423540297
2023-10-15 15:00:00-05:00,0.24137619550577327,True,-0.009375193337703518,0.23200100216806976
2023-10-15 16:00:00-05:00,0.14434350099715315,True,-0.04340501216783037,0.10093848882932278
2023-10-15 17:00:00-05:00,0.10246643824614363,True,-0.10448666892137917,-0.002020230675235546
2023-10-15 18:00:00-05:00,-0.0009,True,0.0008411488044177247,-5.8851195582275266e-05
2023-10-15 19:00:00-05:00,0.06351533483260037,True,-0.06390278265505889,-0.00038744782245851705
2023-10-15 20:00:00-05:00,0.06114843524136612,True,-0.061353529475887625,-0.00020509423452150233
2023-10-15 21:00:00-05:00,-0.0009,True,0.0008999999999999991,-8.673617379884035e-19
2023-10-15 22:00:00-05:00,-0.0009,True,0.0008999999999999991,-8.673617379884035e-19
2023-10-15 23:00:00-05:00,-0.0009,True,0.0008999999999999991,-8.673617379884035e-19
2023-10-16 00:00:00-05:00,-0.0009,True,0.0009006267210206467,6.267210206467155e-07
2023-10-16 01:00:00-05:00,-0.0009,True,0.0009006267210206467,6.267210206467155e-07
2023-10-16 02:00:00-05:00,-0.0009,True,0.000900000000000002,2.0599841277224584e-18
2023-10-16 03:00:00-05:00,-0.0009,True,0.000900000000000002,2.0599841277224584e-18
2023-10-16 04:00:00-05:00,-0.0009,True,0.000900000000000002,2.0599841277224584e-18
2023-10-16 05:00:00-05:00,-0.0009,True,0.000900000000000002,2.0599841277224584e-18
2023-10-16 06:00:00-05:00,-0.0009,True,0.000900000000000002,2.0599841277224584e-18
2023-10-16 07:00:00-05:00,-0.0009,True,0.0011594758908716161,0.0002594758908716162
2023-10-16 08:00:00-05:00,-0.0009,True,0.05620828296712546,0.05530828296712546
2023-10-16 09:00:00-05:00,-0.0009,True,0.13540295763435922,0.1345029576343592
2023-10-16 10:00:00-05:00,-0.0009,True,0.2183766358524494,0.2174766358524494
2023-10-16 11:00:00-05:00,-0.0009,True,0.26684904207254073,0.2659490420725407
2023-10-16 12:00:00-05:00,0.19648019543744102,True,0.15580928465293079,0.3522894800903718
2023-10-16 13:00:00-05:00,0.27162233661042856,True,0.07542190019755615,0.3470442368079847
2023-10-16 14:00:00-05:00,0.11289112292189868,True,0.11011325976159986,0.22300438268349854
2023-10-16 15:00:00-05:00,0.1328709991704183,True,0.05532951874542814,0.18820051791584644
2023-10-16 16:00:00-05:00,0.11677480443807939,True,-0.029503491395086047,0.08727131304299335
2023-10-16 17:00:00-05:00,0.11515852588279447,True,-0.10469471943933857,0.010463806443455903
2023-10-16 18:00:00-05:00,0.11050584042586556,True,-0.10409477612875172,0.0064110642971138415
2023-10-16 19:00:00-05:00,0.08509483520028327,True,-0.08883893902100916,-0.0037441038207258887
2023-10-16 20:00:00-05:00,0.06527899387519469,True,-0.06448494841502256,0.0007940454601721297
2023-10-16 21:00:00-05:00,0.01601555193554981,True,-0.015415322852471379,0.000600229083078432
2023-10-16 22:00:00-05:00,-0.0009,True,0.0008999999999999991,-8.673617379884035e-19
2023-10-16 23:00:00-05:00,-0.0009,True,0.0008999999999999991,-8.673617379884035e-19
2023-10-17 00:00:00-05:00,-0.0009,True,0.000900000000000002,2.0599841277224584e-18
2023-10-17 01:00:00-05:00,-0.0009,True,0.000900000000000002,2.0599841277224584e-18
2023-10-17 02:00:00-05:00,-0.0009,True,0.0009006267210206467,6.267210206467155e-07
2023-10-17 03:00:00-05:00,-0.0009,True,0.0009006267210206467,6.267210206467155e-07
2023-10-17 04:00:00-05:00,-0.0009,True,0.0009006267210206467,6.267210206467155e-07
2023-10-17 05:00:00-05:00,-0.0009,True,0.0009006267210206467,6.267210206467155e-07
2023-10-17 06:00:00-05:00,-0.0009,True,0.000900000000000002,2.0599841277224584e-18
2023-10-17 07:00:00-05:00,-0.0009,True,0.000999132642273088,9.913264227308805e-05
2023-10-17 08:00:00-05:00,-0.0009,True,0.04908646722633068,0.04818646722633068
2023-10-17 09:00:00-05:00,-0.0009,True,0.12684087680688552,0.1259408768068855
2023-10-17 10:00:00-05:00,-0.0009,True,0.17049256641996,0.16959256641995998
2023-10-17 11:00:00-05:00,-0.0009,True,0.20038889760807643,0.19948889760807642
2023-10-17 12:00:00-05:00,0.18410617895786197,True,0.12862554296903927,0.31273172192690124
2023-10-17 13:00:00-05:00,0.25963570721388046,True,0.07005780030046044,0.3296935075143409
2023-10-17 14:00:00-05:00,0.26251914421177447,True,0.003963820790239753,0.26648296500201424
2023-10-17 15:00:00-05:00,0.2293687186266322,True,-0.02046068780675904,0.20890803081987314
2023-10-17 16:00:00-05:00,0.15022665708154062,True,-0.03581240329482165,0.11441425378671896
2023-10-17 17:00:00-05:00,0.021169937081258063,True,-0.019778361382010647,0.001391575699247416
2023-10-17 18:00:00-05:00,0.11444633252760356,True,-0.10175136153443899,0.012694970993164564
2023-10-17 19:00:00-05:00,-0.0009,True,0.0008999999999999991,-8.673617379884035e-19
2023-10-17 20:00:00-05:00,-0.0009,True,0.0008999999999999991,-8.673617379884035e-19
2023-10-17 21:00:00-05:00,-0.0009,True,0.0008999999999999991,-8.673617379884035e-19
2023-10-17 22:00:00-05:00,-0.0009,True,0.0008999999999999991,-8.673617379884035e-19
2023-10-17 23:00:00-05:00,-0.0009,True,0.0008999999999999991,-8.673617379884035e-19
2023-10-18 00:00:00-05:00,-0.0009,True,0.0009006267210206467,6.267210206467155e-07
2023-10-18 01:00:00-05:00,-0.0009,True,0.0009006267210206467,6.267210206467155e-07
2023-10-18 02:00:00-05:00,-0.0009,True,0.0009006267210206467,6.267210206467155e-07
2023-10-18 03:00:00-05:00,-0.0009,True,0.0009006267210206467,6.267210206467155e-07
2023-10-18 04:00:00-05:00,-0.0009,True,0.000900000000000002,2.0599841277224584e-18
2023-10-18 05:00:00-05:00,-0.0009,True,0.000900000000000002,2.0599841277224584e-18
2023-10-18 06:00:00-05:00,-0.0009,True,0.000900000000000002,2.0599841277224584e-18
2023-10-18 07:00:00-05:00,-0.0009,True,0.0014600808147005413,0.0005600808147005413
2023-10-18 08:00:00-05:00,-0.0009,True,0.06738989873464775,0.06648989873464775
2023-10-18 09:00:00-05:00,-0.0009,True,0.1289114494487051,0.1280114494487051
2023-10-18 10:00:00-05:00,-0.0009,True,0.18142916478256363,0.18052916478256362
2023-10-18 11:00:00-05:00,-0.0009,True,0.24314163592146476,0.24224163592146475
2023-10-18 12:00:00-05:00,0.17414539951117664,True,0.12515951249467316,0.2993049120058498
2023-10-18 13:00:00-05:00,0.2558770650476162,True,0.09927726117531174,0.355154326222928
2023-10-18 14:00:00-05:00,0.25909109884710596,True,0.006131662836727244,0.2652227616838332
2023-10-18 15:00:00-05:00,0.22862169743505203,True,-0.019575435153955215,0.20904626228109682
2023-10-18 16:00:00-05:00,0.17162218911332092,True,-0.0819960150025534,0.08962617411076752
2023-10-18 17:00:00-05:00,0.11097531493627046,True,-0.10078459239878373,0.010190722537486721
2023-10-18 18:00:00-05:00,0.09357182384355232,True,-0.08897670076935174,0.004595123074200583
2023-10-18 19:00:00-05:00,0.055444382791928856,True,-0.053802187583952624,0.0016421952079762325
2023-10-18 20:00:00-05:00,0.04393958879179766,True,-0.04401994080591938,-8.035201412172344e-05
2023-10-18 21:00:00-05:00,-0.0009,True,0.0008999999999999991,-8.673617379884035e-19
2023-10-18 22:00:00-05:00,-0.0009,True,0.0008999999999999991,-8.673617379884035e-19
2023-10-18 23:00:00-05:00,-0.0009,True,0.0008999999999999991,-8.673617379884035e-19
2023-10-19 00:00:00-05:00,-0.0009,True,0.0009006267210206467,6.267210206467155e-07
2023-10-19 01:00:00-05:00,-0.0009,True,0.0009006267210206467,6.267210206467155e-07
2023-10-19 02:00:00-05:00,-0.0009,True,0.0009006267210206467,6.267210206467155e-07
2023-10-19 03:00:00-05:00,-0.0009,True,0.0009006267210206467,6.267210206467155e-07
2023-10-19 04:00:00-05:00,-0.0009,True,0.0009006267210206467,6.267210206467155e-07
2023-10-19 05:00:00-05:00,-0.0009,True,0.0009006267210206467,6.267210206467155e-07
2023-10-19 06:00:00-05:00,-0.0009,True,0.0009006267210206467,6.267210206467155e-07
2023-10-19 07:00:00-05:00,-0.0009,True,0.0015095596403346225,0.0006095596403346225
2023-10-19 08:00:00-05:00,-0.0009,True,0.061629140915294416,0.06072914091529442
2023-10-19 09:00:00-05:00,-0.0009,True,0.10106884121011664,0.10016884121011664
2023-10-19 10:00:00-05:00,-0.0009,True,0.1387242026885466,0.1378242026885466
2023-10-19 11:00:00-05:00,-0.0009,True,0.1666996161154162,0.1657996161154162
2023-10-19 12:00:00-05:00,0.1679218639671006,True,0.12324292875083344,0.29116479271793405
2023-10-19 13:00:00-05:00,0.2504716534647404,True,0.11168287054626702,0.3621545240110074
2023-10-19 14:00:00-05:00,0.2564068986527245,True,0.005949055132992046,0.2623559537857165
2023-10-19 15:00:00-05:00,0.22560621327129343,True,-0.019096164233505034,0.2065100490377884
2023-10-19 16:00:00-05:00,0.16885910981046043,True,-0.07723037239672209,0.09162873741373834
2023-10-19 17:00:00-05:00,0.16390921342183615,True,-0.1443513187122688,0.01955789470956734
2023-10-19 18:00:00-05:00,-0.0009,True,0.0002606694476205471,-0.0006393305523794529
2023-10-19 19:00:00-05:00,-0.0009,True,0.0007244961905643525,-0.00017550380943564745
2023-10-19 20:00:00-05:00,0.030063418567815654,True,-0.025861222016928823,0.004202196550886831
2023-10-19 21:00:00-05:00,-0.0009,True,0.0008999999999999991,-8.673617379884035e-19
2023-10-19 22:00:00-05:00,-0.0009,True,0.0008999999999999991,-8.673617379884035e-19
2023-10-19 23:00:00-05:00,-0.0009,True,0.0008999999999999991,-8.673617379884035e-19
2023-10-20 00:00:00-05:00,-0.0009,True,0.000900000000000002,2.0599841277224584e-18
2023-10-20 01:00:00-05:00,-0.0009,True,0.000900000000000002,2.0599841277224584e-18
2023-10-20 02:00:00-05:00,-0.0009,True,0.000900000000000002,2.0599841277224584e-18
2023-10-20 03:00:00-05:00,-0.0009,True,0.000900000000000002,2.0599841277224584e-18
2023-10-20 04:00:00-05:00,-0.0009,True,0.000900000000000002,2.0599841277224584e-18
2023-10-20 05:00:00-05:00,-0.0009,True,0.000900000000000002,2.0599841277224584e-18
2023-10-20 06:00:00-05:00,-0.0009,True,0.000900000000000002,2.0599841277224584e-18
2023-10-20 07:00:00-05:00,-0.0009,True,0.0014696454071211537,0.0005696454071211538
2023-10-20 08:00:00-05:00,-0.0009,True,0.043067914546333644,0.042167914546333646
2023-10-20 09:00:00-05:00,-0.0009,True,0.07345550925803282,0.07255550925803282
2023-10-20 10:00:00-05:00,-0.0009,True,0.07820335994514427,0.07730335994514427
2023-10-20 11:00:00-05:00,-0.0009,True,0.08891796210939655,0.08801796210939655
2023-10-20 12:00:00-05:00,0.14336408591042513,True,0.10147777875337491,0.24484186466380004
2023-10-20 13:00:00-05:00,0.01609822562503655,True,0.0872570111770443,0.10335523680208086
2023-10-20 14:00:00-05:00,0.06330047104545357,True,0.13253915309920003,0.1958396241446536
2023-10-20 15:00:00-05:00,0.10709888703949069,True,0.06013031998759603,0.1672292070270867
2023-10-20 16:00:00-05:00,0.10348767266449117,True,-0.03087331220730709,0.07261436045718409
2023-10-20 17:00:00-05:00,0.1671711817217765,True,-0.14388441410244063,0.023286767619335874
2023-10-20 18:00:00-05:00,0.10860184235411402,True,-0.09671629693610231,0.011885545418011706
2023-10-20 19:00:00-05:00,-0.0009,True,0.0002606694476205471,-0.0006393305523794529
2023-10-20 20:00:00-05:00,0.056203261953172934,True,-0.05500971005370357,0.0011935518994693611
2023-10-20 21:00:00-05:00,0.017463845675234242,True,-0.01673356044720189,0.0007302852280323506
2023-10-20 22:00:00-05:00,-0.0009,True,0.0008999999999999991,-8.673617379884035e-19
2023-10-20 23:00:00-05:00,-0.0009,True,0.0008999999999999991,-8.673617379884035e-19
2023-10-21 00:00:00-05:00,-0.0009,True,0.001119947032196762,0.00021994703219676203
2023-10-21 01:00:00-05:00,-0.0009,True,0.0011374843370895269,0.0002374843370895269
2023-10-21 02:00:00-05:00,-0.0009,True,0.0011374843370895269,0.0002374843370895269
2023-10-21 03:00:00-05:00,-0.0009,True,0.0011374843370895269,0.0002374843370895269
2023-10-21 04:00:00-05:00,-0.0009,True,0.0012777827762316474,0.00037778277623164744
2023-10-21 05:00:00-05:00,-0.0009,True,0.0012777827762316474,0.00037778277623164744
2023-10-21 06:00:00-05:00,-0.0009,True,0.0012777827762316474,0.00037778277623164744
2023-10-21 07:00:00-05:00,-0.0009,True,0.0016611453276549496,0.0007611453276549496
2023-10-21 08:00:00-05:00,-0.0009,True,0.05880452872686244,0.05790452872686244
2023-10-21 09:00:00-05:00,-0.0009,True,0.11255520200957352,0.11165520200957352
2023-10-21 10:00:00-05:00,-0.0009,True,0.13094135427125234,0.13004135427125232
2023-10-21 11:00:00-05:00,-0.0009,True,0.13038744927583404,0.12948744927583403
2023-10-21 12:00:00-05:00,-0.0009,True,0.12914152826910125,0.12824152826910123
2023-10-21 13:00:00-05:00,0.11184166556283075,True,0.13524647117744462,0.24708813674027535
2023-10-21 14:00:00-05:00,0.24885230839107617,True,0.015806915612532522,0.2646592240036087
2023-10-21 15:00:00-05:00,0.22482598070515938,True,-0.0034422184546982065,0.2213837622504612
2023-10-21 16:00:00-05:00,0.12330014118616091,True,-0.03245260065144885,0.09084754053471206
2023-10-21 17:00:00-05:00,0.1658705397967577,True,-0.1414387355386547,0.024431804258103013
2023-10-21 18:00:00-05:00,-0.0009,True,0.0008999999999999991,-8.673617379884035e-19
2023-10-21 19:00:00-05:00,0.006581075060623502,True,-0.005584095753162973,0.0009969793074605295
2023-10-21 20:00:00-05:00,-0.0009,True,0.0008999999999999991,-8.673617379884035e-19
2023-10-21 21:00:00-05:00,-0.0009,True,0.0008999999999999991,-8.673617379884035e-19
2023-10-21 22:00:00-05:00,-0.0009,True,0.0008999999999999991,-8.673617379884035e-19
2023-10-21 23:00:00-05:00,-0.0009,True,0.0008999999999999991,-8.673617379884035e-19
2023-10-22 00:00:00-05:00,-0.0009,True,0.0009006267210206467,6.267210206467155e-07
2023-10-22 01:00:00-05:00,-0.0009,True,0.0009006267210206467,6.267210206467155e-07
2023-10-22 02:00:00-05:00,-0.0009,True,0.0009006267210206467,6.267210206467155e-07
2023-10-22 03:00:00-05:00,-0.0009,True,0.0009006267210206467,6.267210206467155e-07
2023-10-22 04:00:00-05:00,-0.0009,True,0.0009006267210206467,6.267210206467155e-07
2023-10-22 05:00:00-05:00,-0.0009,True,0.000900000000000002,2.0599841277224584e-18
2023-10-22 06:00:00-05:00,-0.0009,True,0.000900000000000002,2.0599841277224584e-18
2023-10-22 07:00:00-05:00,-0.0009,True,0.0014452655231505906,0.0005452655231505906
2023-10-22 08:00:00-05:00,-0.0009,True,0.06533794397217271,0.06443794397217271
2023-10-22 09:00:00-05:00,-0.0009,True,0.13502330456158226,0.13412330456158225
2023-10-22 10:00:00-05:00,-0.0009,True,0.18785557381303458,0.18695557381303457
2023-10-22 11:00:00-05:00,-0.0009,True,0.18667361698578921,0.1857736169857892
2023-10-22 12:00:00-05:00,-0.0009,True,0.17395632040038417,0.17305632040038416
2023-10-22 13:00:00-05:00,-0.0009,True,0.1782323831987378,0.1773323831987378
2023-10-22 14:00:00-05:00,0.07704266423611447,True,0.14490379231261358,0.22194645654872805
2023-10-22 15:00:00-05:00,0.06668901700581194,True,0.07072888525496338,0.13741790226077533
2023-10-22 16:00:00-05:00,0.17643580442558462,True,-0.04004794228282689,0.13638786214275772
2023-10-22 17:00:00-05:00,0.12052271600862292,True,-0.10723306262057887,0.013289653388044054
2023-10-22 18:00:00-05:00,-0.0009,True,0.0008411488044177247,-5.8851195582275266e-05
2023-10-22 19:00:00-05:00,-0.0009,True,0.0008999999999999991,-8.673617379884035e-19
2023-10-22 20:00:00-05:00,-0.0009,True,0.0008999999999999991,-8.673617379884035e-19
2023-10-22 21:00:00-05:00,-0.0009,True,0.0008999999999999991,-8.673617379884035e-19
2023-10-22 22:00:00-05:00,-0.0009,True,0.0008999999999999991,-8.673617379884035e-19
2023-10-22 23:00:00-05:00,-0.0009,True,0.0008999999999999991,-8.673617379884035e-19
2023-10-23 00:00:00-05:00,-0.0009,True,0.0009006267210206467,6.267210206467155e-07
2023-10-23 01:00:00-05:00,-0.0009,True,0.0009006267210206467,6.267210206467155e-07
2023-10-23 02:00:00-05:00,-0.0009,True,0.000900000000000002,2.0599841277224584e-18
2023-10-23 03:00:00-05:00,-0.0009,True,0.000900000000000002,2.0599841277224584e-18
2023-10-23 04:00:00-05:00,-0.0009,True,0.000900000000000002,2.0599841277224584e-18
2023-10-23 05:00:00-05:00,-0.0009,True,0.000900000000000002,2.0599841277224584e-18
2023-10-23 06:00:00-05:00,-0.0009,True,0.000900000000000002,2.0599841277224584e-18
2023-10-23 07:00:00-05:00,-0.0009,True,0.0014085281320164239,0.0005085281320164239
2023-10-23 08:00:00-05:00,-0.0009,True,0.07005272309699292,0.06915272309699293
2023-10-23 09:00:00-05:00,-0.0009,True,0.1179443833160218,0.11704438331602181
2023-10-23 10:00:00-05:00,-0.0009,True,0.1342137652932209,0.1333137652932209
2023-10-23 11:00:00-05:00,-0.0009,True,0.13316932172548435,0.13226932172548433
2023-10-23 12:00:00-05:00,0.183435625743152,True,0.135118807288415,0.318554433031567
2023-10-23 13:00:00-05:00,0.2674574149137283,True,0.0765752481763266,0.3440326630900549
2023-10-23 14:00:00-05:00,0.2700619385192443,True,0.0013254404829400354,0.27138737900218435
2023-10-23 15:00:00-05:00,0.23374421477727114,True,-0.025587413880003365,0.2081568008972678
2023-10-23 16:00:00-05:00,0.16808205837838722,True,-0.0897490572550239,0.07833300112336332
2023-10-23 17:00:00-05:00,0.11671169175407813,True,-0.1125081451990109,0.004203546555067231
2023-10-23 18:00:00-05:00,-0.0009,True,0.0008411488044177247,-5.8851195582275266e-05
2023-10-23 19:00:00-05:00,-0.0009,True,0.0008999999999999991,-8.673617379884035e-19
2023-10-23 20:00:00-05:00,-0.0009,True,0.0008999999999999991,-8.673617379884035e-19
2023-10-23 21:00:00-05:00,-0.0009,True,0.0008999999999999991,-8.673617379884035e-19
2023-10-23 22:00:00-05:00,-0.0009,True,0.0008999999999999991,-8.673617379884035e-19
2023-10-23 23:00:00-05:00,-0.0009,True,0.0008999999999999991,-8.673617379884035e-19
2023-10-24 00:00:00-05:00,-0.0009,True,0.0009006267210206467,6.267210206467155e-07
2023-10-24 01:00:00-05:00,-0.0009,True,0.0009006267210206466,6.26721020646607e-07
2023-10-24 02:00:00-05:00,-0.0009,True,0.0009006267210206467,6.267210206467155e-07
2023-10-24 03:00:00-05:00,-0.0009,True,0.0009006267210206467,6.267210206467155e-07
2023-10-24 04:00:00-05:00,-0.0009,True,0.0009006267210206467,6.267210206467155e-07
2023-10-24 05:00:00-05:00,-0.0009,True,0.000900000000000002,2.0599841277224584e-18
2023-10-24 06:00:00-05:00,-0.0009,True,0.000900000000000002,2.0599841277224584e-18
2023-10-24 07:00:00-05:00,-0.0009,True,0.001466831385880111,0.0005668313858801111
2023-10-24 08:00:00-05:00,-0.0009,True,0.049833619022235806,0.04893361902223581
2023-10-24 09:00:00-05:00,-0.0009,True,0.13127875463316888,0.13037875463316886
2023-10-24 10:00:00-05:00,-0.0009,True,0.21617143107297024,0.21527143107297023
2023-10-24 11:00:00-05:00,-0.0009,True,0.23838740830735708,0.23748740830735707
2023-10-24 12:00:00-05:00,0.15932970671722077,True,0.20001889266442863,0.3593485993816494
2023-10-24 13:00:00-05:00,0.24886582724981712,True,0.16268283698932573,0.4115486642391428
2023-10-24 14:00:00-05:00,0.2565235458195516,True,0.0026257584163491706,0.25914930423590077
2023-10-24 15:00:00-05:00,0.2244138885250072,True,-0.024662062091906013,0.1997518264331012
2023-10-24 16:00:00-05:00,0.16652586315437556,True,-0.0791647389063814,0.08736112424799417
2023-10-24 17:00:00-05:00,0.1369003740160563,True,-0.10504013771094424,0.03186023630511205
2023-10-24 18:00:00-05:00,-0.0009,True,0.0008999999999999991,-8.673617379884035e-19
2023-10-24 19:00:00-05:00,-0.0009,True,0.0008999999999999991,-8.673617379884035e-19
2023-10-24 20:00:00-05:00,-0.0009,True,0.0008999999999999991,-8.673617379884035e-19
2023-10-24 21:00:00-05:00,-0.0009,True,0.0008999999999999991,-8.673617379884035e-19
2023-10-24 22:00:00-05:00,-0.0009,True,0.0008999999999999991,-8.673617379884035e-19
2023-10-24 23:00:00-05:00,-0.0009,True,0.0008999999999999991,-8.673617379884035e-19
2023-10-25 00:00:00-05:00,-0.0009,True,0.0009006267210206467,6.267210206467155e-07
2023-10-25 01:00:00-05:00,-0.0009,True,0.0009006267210206467,6.267210206467155e-07
2023-10-25 02:00:00-05:00,-0.0009,True,0.0009006267210206467,6.267210206467155e-07
2023-10-25 03:00:00-05:00,-0.0009,True,0.000900000000000002,2.0599841277224584e-18
2023-10-25 04:00:00-05:00,-0.0009,True,0.000900000000000002,2.0599841277224584e-18
2023-10-25 05:00:00-05:00,-0.0009,True,0.000900000000000002,2.0599841277224584e-18
2023-10-25 06:00:00-05:00,-0.0009,True,0.000900000000000002,2.0599841277224584e-18
2023-10-25 07:00:00-05:00,-0.0009,True,0.0014957083768093403,0.0005957083768093404
2023-10-25 08:00:00-05:00,-0.0009,True,0.06177810077254418,0.06087810077254418
2023-10-25 09:00:00-05:00,-0.0009,True,0.11574978429347453,0.11484978429347453
2023-10-25 10:00:00-05:00,-0.0009,True,0.15502604666783681,0.1541260466678368
2023-10-25 11:00:00-05:00,-0.0009,True,0.21130967845371637,0.21040967845371636
2023-10-25 12:00:00-05:00,0.15944283830018366,True,0.1591951613061818,0.31863799960636546
2023-10-25 13:00:00-05:00,0.14178828801747717,True,0.15462977756543647,0.2964180655829136
2023-10-25 14:00:00-05:00,0.13549363644148904,True,0.1107916214568352,0.24628525789832423
2023-10-25 15:00:00-05:00,0.15670738443360127,True,0.06935233927205937,0.22605972370566063
2023-10-25 16:00:00-05:00,0.16077460726253825,True,-0.07751723390188546,0.0832573733606528
2023-10-25 17:00:00-05:00,0.13865818748644496,True,-0.1048193278739008,0.03383885961254415
2023-10-25 18:00:00-05:00,-0.0009,True,0.0008999999999999991,-8.673617379884035e-19
2023-10-25 19:00:00-05:00,-0.0009,True,0.0008999999999999991,-8.673617379884035e-19
2023-10-25 20:00:00-05:00,-0.0009,True,0.0008999999999999991,-8.673617379884035e-19
2023-10-25 21:00:00-05:00,-0.0009,True,0.0008999999999999991,-8.673617379884035e-19
2023-10-25 22:00:00-05:00,-0.0009,True,0.0008999999999999991,-8.673617379884035e-19
2023-10-25 23:00:00-05:00,-0.0009,True,0.0008999999999999991,-8.673617379884035e-19
2023-10-26 00:00:00-05:00,-0.0009,True,0.0009006267210206467,6.267210206467155e-07
2023-10-26 01:00:00-05:00,-0.0009,True,0.0009006267210206467,6.267210206467155e-07
2023-10-26 02:00:00-05:00,-0.0009,True,0.0009006267210206467,6.267210206467155e-07
2023-10-26 03:00:00-05:00,-0.0009,True,0.0009006267210206467,6.267210206467155e-07
2023-10-26 04:00:00-05:00,-0.0009,True,0.0009006267210206467,6.267210206467155e-07
2023-10-26 05:00:00-05:00,-0.0009,True,0.0009006267210206467,6.267210206467155e-07
2023-10-26 06:00:00-05:00,-0.0009,True,0.0009006267210206467,6.267210206467155e-07
2023-10-26 07:00:00-05:00,-0.0009,True,0.0014619600233264187,0.0005619600233264187
2023-10-26 08:00:00-05:00,-0.0009,True,0.05729484073835299,0.05639484073835299
2023-10-26 09:00:00-05:00,-0.0009,True,0.10643747808807627,0.10553747808807627
2023-10-26 10:00:00-05:00,-0.0009,True,0.15758333171454206,0.15668333171454205
2023-10-26 11:00:00-05:00,-0.0009,True,0.16996460246713796,0.16906460246713795
2023-10-26 12:00:00-05:00,0.15536803046751152,True,0.13796632044631615,0.29333435091382765
2023-10-26 13:00:00-05:00,0.2425592951772326,True,0.1115617412475809,0.3541210364248135
2023-10-26 14:00:00-05:00,0.2476527418517854,True,0.004435865661440254,0.25208860751322565
2023-10-26 15:00:00-05:00,0.21383623931519868,True,-0.022357420524070474,0.1914788187911282
2023-10-26 16:00:00-05:00,0.15675755009190045,True,-0.0792659851871982,0.07749156490470226
2023-10-26 17:00:00-05:00,0.22211306200306358,True,-0.1987000844721442,0.023412977530919366
2023-10-26 18:00:00-05:00,0.04624960406102187,True,-0.04137102062345895,0.004878583437562915
2023-10-26 19:00:00-05:00,-0.0009,True,0.0008999999999999991,-8.673617379884035e-19
2023-10-26 20:00:00-05:00,-0.0009,True,0.0008999999999999991,-8.673617379884035e-19
2023-10-26 21:00:00-05:00,-0.0009,True,0.0008999999999999991,-8.673617379884035e-19
2023-10-26 22:00:00-05:00,-0.0009,True,0.0008999999999999991,-8.673617379884035e-19
2023-10-26 23:00:00-05:00,-0.0009,True,0.0008999999999999991,-8.673617379884035e-19
2023-10-27 00:00:00-05:00,-0.0009,True,0.000900000000000002,2.0599841277224584e-18
2023-10-27 01:00:00-05:00,-0.0009,True,0.000900000000000002,2.0599841277224584e-18
2023-10-27 02:00:00-05:00,-0.0009,True,0.000900000000000002,2.0599841277224584e-18
2023-10-27 03:00:00-05:00,-0.0009,True,0.000900000000000002,2.0599841277224584e-18
2023-10-27 04:00:00-05:00,-0.0009,True,0.000900000000000002,2.0599841277224584e-18
2023-10-27 05:00:00-05:00,-0.0009,True,0.000900000000000002,2.0599841277224584e-18
2023-10-27 06:00:00-05:00,-0.0009,True,0.000900000000000002,2.0599841277224584e-18
2023-10-27 07:00:00-05:00,-0.0009,True,0.001459696498191359,0.000559696498191359
2023-10-27 08:00:00-05:00,-0.0009,True,0.05009901188356619,0.04919901188356619
2023-10-27 09:00:00-05:00,-0.0009,True,0.0955693779703955,0.0946693779703955
2023-10-27 10:00:00-05:00,-0.0009,True,0.11786498973101768,0.11696498973101768
2023-10-27 11:00:00-05:00,-0.0009,True,0.12143053138983852,0.12053053138983852
2023-10-27 12:00:00-05:00,-0.0009,True,0.1516962402739112,0.1507962402739112
2023-10-27 13:00:00-05:00,0.14081604176726406,True,0.12425286792380331,0.2650689096910674
2023-10-27 14:00:00-05:00,0.10356750155165574,True,0.137436679650639,0.24100418120229472
2023-10-27 15:00:00-05:00,0.16540068695315424,True,0.060010533635284816,0.22541122058843904
2023-10-27 16:00:00-05:00,0.11021619662337741,True,-0.030995291874962402,0.079220904748415
2023-10-27 17:00:00-05:00,0.0304106632207891,True,-0.0252811552095855,0.0051295080112035984
2023-10-27 18:00:00-05:00,0.08007560633199426,True,-0.07961390739321048,0.0004616989387837833
2023-10-27 19:00:00-05:00,0.01649080466235579,True,-0.01603128160847751,0.0004595230538782802
2023-10-27 20:00:00-05:00,0.05179144660559431,True,-0.051978481183416775,-0.00018703457782246607
2023-10-27 21:00:00-05:00,0.022372840406002185,True,-0.02112704975553586,0.0012457906504663233
2023-10-27 22:00:00-05:00,-0.0009,True,0.0008999999999999991,-8.673617379884035e-19
2023-10-27 23:00:00-05:00,-0.0009,True,0.0008999999999999991,-8.673617379884035e-19
2023-10-28 00:00:00-05:00,-0.0009,True,0.000900000000000002,2.0599841277224584e-18
2023-10-28 01:00:00-05:00,-0.0009,True,0.000900000000000002,2.0599841277224584e-18
2023-10-28 02:00:00-05:00,-0.0009,True,0.000900000000000002,2.0599841277224584e-18
2023-10-28 03:00:00-05:00,-0.0009,True,0.000900000000000002,2.0599841277224584e-18
2023-10-28 04:00:00-05:00,-0.0009,True,0.000900000000000002,2.0599841277224584e-18
2023-10-28 05:00:00-05:00,-0.0009,True,0.000900000000000002,2.0599841277224584e-18
2023-10-28 06:00:00-05:00,-0.0009,True,0.000900000000000002,2.0599841277224584e-18
2023-10-28 07:00:00-05:00,-0.0009,True,0.0014676743065611857,0.0005676743065611857
2023-10-28 08:00:00-05:00,-0.0009,True,0.049414280753407744,0.048514280753407746
2023-10-28 09:00:00-05:00,-0.0009,True,0.11326136594595329,0.11236136594595329
2023-10-28 10:00:00-05:00,-0.0009,True,0.14695770859912727,0.14605770859912726
2023-10-28 11:00:00-05:00,-0.0009,True,0.15555240116762856,0.15465240116762854
2023-10-28 12:00:00-05:00,0.11943387256216355,True,0.15771084236340738,0.2771447149255709
2023-10-28 13:00:00-05:00,0.21899628145411432,True,0.11011682878201685,0.32911311023613116
2023-10-28 14:00:00-05:00,0.23023528778550134,True,0.013588422934855196,0.24382371072035652
2023-10-28 15:00:00-05:00,0.2020915896047786,True,-0.006047220228097893,0.1960443693766807
2023-10-28 16:00:00-05:00,0.14857897963352779,True,-0.07665956232653057,0.07191941730699722
2023-10-28 17:00:00-05:00,0.16178368926251163,True,-0.14208656131318262,0.019697127949329013
2023-10-28 18:00:00-05:00,-0.0009,True,0.0008999999999999991,-8.673617379884035e-19
2023-10-28 19:00:00-05:00,-0.0009,True,0.0008999999999999991,-8.673617379884035e-19
2023-10-28 20:00:00-05:00,0.04578361674407096,True,-0.04333242178663084,0.002451194957440117
2023-10-28 21:00:00-05:00,-0.0009,True,0.0008999999999999991,-8.673617379884035e-19
2023-10-28 22:00:00-05:00,-0.0009,True,0.0008999999999999991,-8.673617379884035e-19
2023-10-28 23:00:00-05:00,-0.0009,True,0.0008999999999999991,-8.673617379884035e-19
2023-10-29 00:00:00-05:00,-0.0009,True,0.000900000000000002,2.0599841277224584e-18
2023-10-29 01:00:00-05:00,-0.0009,True,0.000900000000000002,2.0599841277224584e-18
2023-10-29 02:00:00-05:00,-0.0009,True,0.000900000000000002,2.0599841277224584e-18
2023-10-29 03:00:00-05:00,-0.0009,True,0.000900000000000002,2.0599841277224584e-18
2023-10-29 04:00:00-05:00,-0.0009,True,0.000900000000000002,2.0599841277224584e-18
2023-10-29 05:00:00-05:00,-0.0009,True,0.0009000000000000019,1.951563910473908e-18
2023-10-29 06:00:00-05:00,-0.0009,True,0.000900000000000002,2.0599841277224584e-18
2023-10-29 07:00:00-05:00,-0.0009,True,0.001505824819842515,0.0006058248198425151
2023-10-29 08:00:00-05:00,-0.0009,True,0.0412143383959625,0.040314338395962504
2023-10-29 09:00:00-05:00,-0.0009,True,0.0961519039401093,0.09525190394010931
2023-10-29 10:00:00-05:00,-0.0009,True,0.12430058685346268,0.12340058685346268
2023-10-29 11:00:00-05:00,-0.0009,True,0.12650217227451294,0.12560217227451292
2023-10-29 12:00:00-05:00,-0.0009,True,0.12572409931968415,0.12482409931968415
2023-10-29 13:00:00-05:00,0.006806569481133182,True,0.1266674894923051,0.13347405897343828
2023-10-29 14:00:00-05:00,0.04071787175919057,True,0.11998676824111325,0.16070464000030382
2023-10-29 15:00:00-05:00,0.09660171958119443,True,0.07099199830129646,0.1675937178824909
2023-10-29 16:00:00-05:00,0.07621641229103616,True,-0.03964450972483102,0.03657190256620514
2023-10-29 17:00:00-05:00,0.046984181352623375,True,-0.04065858530489864,0.006325596047724737
2023-10-29 18:00:00-05:00,0.07537402843237961,True,-0.07546446997392756,-9.044154154794204e-05
2023-10-29 19:00:00-05:00,0.04303541843363336,True,-0.041222116564575514,0.0018133018690578429
2023-10-29 20:00:00-05:00,0.04332492444073918,True,-0.03936887830854972,0.0039560461321894655
2023-10-29 21:00:00-05:00,0.01062726710033876,True,-0.00826543941713309,0.0023618276832056695
2023-10-29 22:00:00-05:00,-0.0009,True,0.0008999999999999991,-8.673617379884035e-19
2023-10-29 23:00:00-05:00,-0.0009,True,0.0008999999999999991,-8.673617379884035e-19
2023-10-30 00:00:00-05:00,-0.0009,True,0.000900000000000002,2.0599841277224584e-18
2023-10-30 01:00:00-05:00,-0.0009,True,0.000900000000000002,2.0599841277224584e-18
2023-10-30 02:00:00-05:00,-0.0009,True,0.000900000000000002,2.0599841277224584e-18
2023-10-30 03:00:00-05:00,-0.0009,True,0.000900000000000002,2.0599841277224584e-18
2023-10-30 04:00:00-05:00,-0.0009,True,0.000900000000000002,2.0599841277224584e-18
2023-10-30 05:00:00-05:00,-0.0009,True,0.000900000000000002,2.0599841277224584e-18
2023-10-30 06:00:00-05:00,-0.0009,True,0.000900000000000002,2.0599841277224584e-18
2023-10-30 07:00:00-05:00,-0.0009,True,0.0014776232154909805,0.0005776232154909805
2023-10-30 08:00:00-05:00,-0.0009,True,0.03871201391131315,0.037812013911313155
2023-10-30 09:00:00-05:00,-0.0009,True,0.08614617630796431,0.08524617630796431
2023-10-30 10:00:00-05:00,-0.0009,True,0.12100595078444648,0.12010595078444648
2023-10-30 11:00:00-05:00,-0.0009,True,0.12027531953615357,0.11937531953615357
2023-10-30 12:00:00-05:00,0.10172166089976147,True,0.120151573406785,0.22187323430654649
2023-10-30 13:00:00-05:00,0.20869164738556142,True,0.0987160207293444,0.30740766811490583
2023-10-30 14:00:00-05:00,0.012622831259069576,True,0.11253214870908579,0.12515497996815536
2023-10-30 15:00:00-05:00,0.055238235238821376,True,0.07968607798141206,0.13492431322023343
2023-10-30 16:00:00-05:00,0.15145916565919124,True,-0.07347869698633083,0.0779804686728604
2023-10-30 17:00:00-05:00,0.17602067390169598,True,-0.14299261079616654,0.03302806310552944
2023-10-30 18:00:00-05:00,-0.0009,True,0.0008999999999999991,-8.673617379884035e-19
2023-10-30 19:00:00-05:00,0.06509325719434951,True,-0.06447650588887079,0.0006167513054787244
2023-10-30 20:00:00-05:00,-0.0009,True,0.0008999999999999991,-8.673617379884035e-19
2023-10-30 21:00:00-05:00,-0.0009,True,0.0008999999999999991,-8.673617379884035e-19
2023-10-30 22:00:00-05:00,-0.0009,True,0.0008999999999999991,-8.673617379884035e-19
2023-10-30 23:00:00-05:00,-0.0009,True,0.0008999999999999991,-8.673617379884035e-19
2023-10-31 00:00:00-05:00,-0.0009,True,0.0009006267210206467,6.267210206467155e-07
2023-10-31 01:00:00-05:00,-0.0009,True,0.0009006267210206467,6.267210206467155e-07
2023-10-31 02:00:00-05:00,-0.0009,True,0.0009006267210206467,6.267210206467155e-07
2023-10-31 03:00:00-05:00,-0.0009,True,0.0009006267210206467,6.267210206467155e-07
2023-10-31 04:00:00-05:00,-0.0009,True,0.0009006267210206467,6.267210206467155e-07
2023-10-31 05:00:00-05:00,-0.0009,True,0.0009006267210206467,6.267210206467155e-07
2023-10-31 06:00:00-05:00,-0.0009,True,0.0009006267210206467,6.267210206467155e-07
2023-10-31 07:00:00-05:00,-0.0009,True,0.0014039405081831893,0.0005039405081831894
2023-10-31 08:00:00-05:00,-0.0009,True,0.07078112271744956,0.06988112271744956
2023-10-31 09:00:00-05:00,-0.0009,True,0.12131583681785355,0.12041583681785355
2023-10-31 10:00:00-05:00,-0.0009,True,0.1596177269973339,0.15871772699733389
2023-10-31 11:00:00-05:00,-0.0009,True,0.16297732346866045,0.16207732346866044
2023-10-31 12:00:00-05:00,-0.0009,True,0.16467326326781986,0.16377326326781985
2023-10-31 13:00:00-05:00,0.04422938699669227,True,0.16620760686662484,0.2104369938633171
2023-10-31 14:00:00-05:00,0.11552491031839619,True,0.1282483256192045,0.2437732359376007
2023-10-31 15:00:00-05:00,0.16300729161663444,True,0.06607873710991222,0.22908602872654665
2023-10-31 16:00:00-05:00,0.16596511085218663,True,-0.040433778434515615,0.125531332417671
2023-10-31 17:00:00-05:00,0.24307967135985661,True,-0.22956987423248232,0.013509797127374296
2023-10-31 18:00:00-05:00,0.10300759873790517,True,-0.09981474813229728,0.0031928506056078942
2023-10-31 19:00:00-05:00,0.042974821051767524,True,-0.039481203063106325,0.003493617988661199
2023-10-31 20:00:00-05:00,0.02508236319995195,True,-0.023172554980227345,0.0019098082197246055
2023-10-31 21:00:00-05:00,0.015386174948405735,True,-0.013619800048078536,0.0017663749003271993
2023-10-31 22:00:00-05:00,-0.0009,True,0.0008999999999999991,-8.673617379884035e-19
2023-10-31 23:00:00-05:00,-0.0009,True,0.0008999999999999991,-8.673617379884035e-19
2023-11-01 00:00:00-05:00,-0.0009,True,0.000900000000000002,2.0599841277224584e-18
2023-11-01 01:00:00-05:00,-0.0009,True,0.000900000000000002,2.0599841277224584e-18
2023-11-01 02:00:00-05:00,-0.0009,True,0.0009000000000000019,1.951563910473908e-18
2023-11-01 03:00:00-05:00,-0.0009,True,0.0009000000000000019,1.951563910473908e-18
2023-11-01 04:00:00-05:00,-0.0009,True,0.0009000000000000019,1.951563910473908e-18
2023-11-01 05:00:00-05:00,-0.0009,True,0.000900000000000002,2.0599841277224584e-18
2023-11-01 06:00:00-05:00,-0.0009,True,0.000900000000000002,2.0599841277224584e-18
2023-11-01 07:00:00-05:00,-0.0009,True,0.0009118119062128858,1.1811906212885791e-05
2023-11-01 08:00:00-05:00,-0.0009,True,0.052403298805377876,0.05150329880537788
2023-11-01 09:00:00-05:00,-0.0009,True,0.15105591306496313,0.15015591306496312
2023-11-01 10:00:00-05:00,-0.0009,True,0.2303455565327698,0.2294455565327698
2023-11-01 11:00:00-05:00,-0.0009,True,0.2974504804967286,0.2965504804967286
2023-11-01 12:00:00-05:00,0.0809827797056201,True,0.23721904244846967,0.31820182215408976
2023-11-01 13:00:00-05:00,0.21796998186008118,True,0.12669414834296128,0.34466413020304243
2023-11-01 14:00:00-05:00,0.25079983181027554,True,0.01894610776114329,0.26974593957141885
2023-11-01 15:00:00-05:00,0.23282518463398053,True,-0.014933041368278256,0.21789214326570228
2023-11-01 16:00:00-05:00,0.174952896381825,True,-0.0850604697202277,0.08989242666159732
2023-11-01 17:00:00-05:00,0.18677484602765224,True,-0.16967927824736015,0.017095567780292087
2023-11-01 18:00:00-05:00,-0.0009,True,0.0008999999999999991,-8.673617379884035e-19
2023-11-01 19:00:00-05:00,-0.0009,True,0.0008999999999999991,-8.673617379884035e-19
2023-11-01 20:00:00-05:00,-0.0009,True,0.0008999999999999991,-8.673617379884035e-19
2023-11-01 21:00:00-05:00,-0.0009,True,0.0008999999999999991,-8.673617379884035e-19
2023-11-01 22:00:00-05:00,-0.0009,True,0.0008999999999999991,-8.673617379884035e-19
2023-11-01 23:00:00-05:00,-0.0009,True,0.0008999999999999991,-8.673617379884035e-19
2023-11-02 00:00:00-05:00,-0.0009,True,0.000900000000000002,2.0599841277224584e-18
2023-11-02 01:00:00-05:00,-0.0009,True,0.000900000000000002,2.0599841277224584e-18
2023-11-02 02:00:00-05:00,-0.0009,True,0.000900000000000002,2.0599841277224584e-18
2023-11-02 03:00:00-05:00,-0.0009,True,0.000900000000000002,2.0599841277224584e-18
2023-11-02 04:00:00-05:00,-0.0009,True,0.000900000000000002,2.0599841277224584e-18
2023-11-02 05:00:00-05:00,-0.0009,True,0.000900000000000002,2.0599841277224584e-18
2023-11-02 06:00:00-05:00,-0.0009,True,0.0009000000000000018,1.8431436932253575e-18
2023-11-02 07:00:00-05:00,-0.0009,True,0.001202990310443899,0.00030299031044389905
2023-11-02 08:00:00-05:00,-0.0009,True,0.05572174971848756,0.054821749718487564
2023-11-02 09:00:00-05:00,-0.0009,True,0.15701212121810804,0.15611212121810802
2023-11-02 10:00:00-05:00,-0.0009,True,0.22443856431406953,0.22353856431406952
2023-11-02 11:00:00-05:00,-0.0009,True,0.3298642221644464,0.3289642221644464
2023-11-02 12:00:00-05:00,0.14122724379457813,True,0.2456615317113688,0.3868887755059469
2023-11-02 13:00:00-05:00,0.25130315859068475,True,0.10915922155052753,0.3604623801412123
2023-11-02 14:00:00-05:00,0.2596082463245418,True,0.00598212300696304,0.26559036933150487
2023-11-02 15:00:00-05:00,0.22728028764935976,True,-0.023825186291591974,0.2034551013577678
2023-11-02 16:00:00-05:00,0.16857550652088327,True,-0.08509112724634757,0.0834843792745357
2023-11-02 17:00:00-05:00,0.16733081896194718,True,-0.1442882129107016,0.023042606051245584
2023-11-02 18:00:00-05:00,-0.0009,True,0.0008999999999999991,-8.673617379884035e-19
2023-11-02 19:00:00-05:00,-0.0009,True,0.0008999999999999991,-8.673617379884035e-19
2023-11-02 20:00:00-05:00,0.05315439458112329,True,-0.0524309512144278,0.0007234433666954906
2023-11-02 21:00:00-05:00,-0.0009,True,0.0008999999999999991,-8.673617379884035e-19
2023-11-02 22:00:00-05:00,-0.0009,True,0.0008999999999999991,-8.673617379884035e-19
2023-11-02 23:00:00-05:00,-0.0009,True,0.0008999999999999991,-8.673617379884035e-19
2023-11-03 00:00:00-05:00,-0.0009,True,0.0009212538981190537,2.1253898119053677e-05
2023-11-03 01:00:00-05:00,-0.0009,True,0.0009212538981190537,2.1253898119053677e-05
2023-11-03 02:00:00-05:00,-0.0009,True,0.0009106269490595277,1.0626949059527706e-05
2023-11-03 03:00:00-05:00,-0.0009,True,0.0009106269490595277,1.0626949059527706e-05
2023-11-03 04:00:00-05:00,-0.0009,True,0.0009425077962381057,4.250779623810573e-05
2023-11-03 05:00:00-05:00,-0.0009,True,0.0009425077962381057,4.250779623810573e-05
2023-11-03 06:00:00-05:00,-0.0009,True,0.0009531347452976316,5.313474529763159e-05
2023-11-03 07:00:00-05:00,-0.0009,True,0.0012455589269467567,0.0003455589269467567
2023-11-03 08:00:00-05:00,-0.0009,True,0.05305920752345363,0.052159207523453634
2023-11-03 09:00:00-05:00,-0.0009,True,0.15394920479169769,0.15304920479169767
2023-11-03 10:00:00-05:00,-0.0009,True,0.22392996700683057,0.22302996700683056
2023-11-03 11:00:00-05:00,-0.0009,True,0.26308597391087285,0.26218597391087284
2023-11-03 12:00:00-05:00,0.1356597680160556,True,0.21806885043698518,0.35372861845304077
2023-11-03 13:00:00-05:00,0.24630845891154515,True,0.13899351690876138,0.38530197582030656
2023-11-03 14:00:00-05:00,0.25697517437907136,True,0.00604712039000207,0.2630222947690734
2023-11-03 15:00:00-05:00,0.22356456795214316,True,-0.023942972779387152,0.19962159517275602
2023-11-03 16:00:00-05:00,0.16507320095709888,True,-0.08189715003688468,0.0831760509202142
2023-11-03 17:00:00-05:00,0.16073543883172894,True,-0.1411548628223635,0.01958057600936544
2023-11-03 18:00:00-05:00,-0.0009,True,0.0008999999999999991,-8.673617379884035e-19
2023-11-03 19:00:00-05:00,-0.0009,True,0.0008999999999999991,-8.673617379884035e-19
2023-11-03 20:00:00-05:00,-0.0009,True,0.0008999999999999991,-8.673617379884035e-19
2023-11-03 21:00:00-05:00,-0.0009,True,0.0008999999999999991,-8.673617379884035e-19
2023-11-03 22:00:00-05:00,-0.0009,True,0.0008999999999999991,-8.673617379884035e-19
2023-11-03 23:00:00-05:00,-0.0009,True,0.0008999999999999991,-8.673617379884035e-19
2023-11-04 00:00:00-05:00,-0.0009,True,0.000900000000000002,2.0599841277224584e-18
2023-11-04 01:00:00-05:00,-0.0009,True,0.000900000000000002,2.0599841277224584e-18
2023-11-04 02:00:00-05:00,-0.0009,True,0.000900000000000002,2.0599841277224584e-18
2023-11-04 03:00:00-05:00,-0.0009,True,0.000900000000000002,2.0599841277224584e-18
2023-11-04 04:00:00-05:00,-0.0009,True,0.000900000000000002,2.0599841277224584e-18
2023-11-04 05:00:00-05:00,-0.0009,True,0.000900000000000002,2.0599841277224584e-18
2023-11-04 06:00:00-05:00,-0.0009,True,0.000900000000000002,2.0599841277224584e-18
2023-11-04 07:00:00-05:00,-0.0009,True,0.0009283479221452078,2.8347922145207814e-05
2023-11-04 08:00:00-05:00,-0.0009,True,0.05124132053686851,0.05034132053686851
2023-11-04 09:00:00-05:00,-0.0009,True,0.12149310381774443,0.12059310381774443
2023-11-04 10:00:00-05:00,-0.0009,True,0.17156350793931266,0.17066350793931265
2023-11-04 11:00:00-05:00,-0.0009,True,0.2841056141874748,0.2832056141874748
2023-11-04 12:00:00-05:00,-0.0009,True,0.3114061272077636,0.3105061272077636
2023-11-04 13:00:00-05:00,0.10503342583533137,True,0.16785277035173438,0.2728861961870658
2023-11-04 14:00:00-05:00,0.04974320419213851,True,0.1840364440894579,0.23377964828159642
2023-11-04 15:00:00-05:00,0.07417969386156462,True,0.11197667523196327,0.1861563690935279
2023-11-04 16:00:00-05:00,0.09889841577764284,True,-0.03056198727079025,0.06833642850685259
2023-11-04 17:00:00-05:00,0.11776697887967462,True,-0.09333366461857995,0.02443331426109467
2023-11-04 18:00:00-05:00,-0.0009,True,0.0008999999999999991,-8.673617379884035e-19
2023-11-04 19:00:00-05:00,0.04995192462927128,True,-0.049025682437389924,0.0009262421918813588
2023-11-04 20:00:00-05:00,0.04143335658934738,True,-0.04102398184570644,0.00040937474364093757
2023-11-04 21:00:00-05:00,0.01675171973645327,True,-0.015799577798148477,0.0009521419383047951
2023-11-04 22:00:00-05:00,-0.0009,True,0.0008999999999999991,-8.673617379884035e-19
2023-11-04 23:00:00-05:00,-0.0009,True,0.0008999999999999991,-8.673617379884035e-19
2023-11-05 00:00:00-05:00,-0.0009,True,0.0009006267210206467,6.267210206467155e-07
2023-11-05 01:00:00-05:00,-0.0009,True,0.0009006267210206467,6.267210206467155e-07
2023-11-05 02:00:00-05:00,-0.0009,True,0.000900000000000002,2.0599841277224584e-18
2023-11-05 03:00:00-05:00,-0.0009,True,0.000900000000000002,2.0599841277224584e-18
2023-11-05 04:00:00-05:00,-0.0009,True,0.000900000000000002,2.0599841277224584e-18
2023-11-05 05:00:00-05:00,-0.0009,True,0.000900000000000002,2.0599841277224584e-18
2023-11-05 06:00:00-05:00,-0.0009,True,0.000900000000000002,2.0599841277224584e-18
2023-11-05 07:00:00-05:00,-0.0009,True,0.001015355495272389,0.000115355495272389
2023-11-05 08:00:00-05:00,-0.0009,True,0.051372662390780574,0.050472662390780576
2023-11-05 09:00:00-05:00,-0.0009,True,0.13046160887379188,0.12956160887379187
2023-11-05 10:00:00-05:00,-0.0009,True,0.20676483780189212,0.2058648378018921
2023-11-05 11:00:00-05:00,-0.0009,True,0.29168751695583167,0.29078751695583166
2023-11-05 12:00:00-05:00,0.07699408951695293,True,0.22617972774372216,0.3031738172606751
2023-11-05 13:00:00-05:00,0.035119078816743844,True,0.17848829736294555,0.2136073761796894
2023-11-05 14:00:00-05:00,0.22903950938283946,True,0.017071874366409924,0.24611138374924937
2023-11-05 15:00:00-05:00,0.20623954920079635,True,-0.01179971006283937,0.19443983913795698
2023-11-05 16:00:00-05:00,0.15659041306307328,True,-0.08426292986505135,0.07232748319802193
2023-11-05 17:00:00-05:00,0.1589536246265496,True,-0.1430003531441291,0.01595327148242051
2023-11-05 18:00:00-05:00,-0.0009,True,0.0007244961905643525,-0.00017550380943564745
2023-11-05 19:00:00-05:00,-0.0009,True,0.0008999999999999991,-8.673617379884035e-19
2023-11-05 20:00:00-05:00,0.05151254491028271,True,-0.05152131181273447,-8.766902451759484e-06
2023-11-05 21:00:00-05:00,-0.0009,True,0.0008999999999999991,-8.673617379884035e-19
2023-11-05 22:00:00-05:00,-0.0009,True,0.0008999999999999991,-8.673617379884035e-19
2023-11-05 23:00:00-05:00,-0.0009,True,0.0008999999999999991,-8.673617379884035e-19
2023-11-06 00:00:00-05:00,-0.0009,True,0.0009006267210206466,6.26721020646607e-07
2023-11-06 01:00:00-05:00,-0.0009,True,0.0009006267210206467,6.267210206467155e-07
2023-11-06 02:00:00-05:00,-0.0009,True,0.0009006267210206467,6.267210206467155e-07
2023-11-06 03:00:00-05:00,-0.0009,True,0.000900000000000002,2.0599841277224584e-18
2023-11-06 04:00:00-05:00,-0.0009,True,0.000900000000000002,2.0599841277224584e-18
2023-11-06 05:00:00-05:00,-0.0009,True,0.000900000000000002,2.0599841277224584e-18
2023-11-06 06:00:00-05:00,-0.0009,True,0.000900000000000002,2.0599841277224584e-18
2023-11-06 07:00:00-05:00,-0.0009,True,0.0010855579237944995,0.0001855579237944995
2023-11-06 08:00:00-05:00,-0.0009,True,0.041150309754175024,0.040250309754175026
2023-11-06 09:00:00-05:00,-0.0009,True,0.11706361541840378,0.11616361541840378
2023-11-06 10:00:00-05:00,-0.0009,True,0.15626584825172796,0.15536584825172794
2023-11-06 11:00:00-05:00,-0.0009,True,0.1584904263601142,0.1575904263601142
2023-11-06 12:00:00-05:00,0.10274778978915527,True,0.16538873058666526,0.26813652037582053
2023-11-06 13:00:00-05:00,0.042068447652764726,True,0.14661238165914367,0.18868082931190838
2023-11-06 14:00:00-05:00,0.2391102911909484,True,0.018514449907806322,0.2576247410987547
2023-11-06 15:00:00-05:00,0.2099618317336179,True,-0.010633968918219317,0.19932786281539858
2023-11-06 16:00:00-05:00,0.15956506429496461,True,-0.08114328547158813,0.07842177882337649
2023-11-06 17:00:00-05:00,0.16104396393197565,True,-0.14542256138697263,0.015621402545003021
2023-11-06 18:00:00-05:00,-0.0009,True,0.0002606694476205471,-0.0006393305523794529
2023-11-06 19:00:00-05:00,-0.0009,True,0.0007244961905643525,-0.00017550380943564745
2023-11-06 20:00:00-05:00,0.057433966515185036,True,-0.059641866503627225,-0.0022078999884421885
2023-11-06 21:00:00-05:00,0.016852652336300507,True,-0.016745206070261687,0.00010744626603882007
2023-11-06 22:00:00-05:00,-0.0009,True,0.0008999999999999991,-8.673617379884035e-19
2023-11-06 23:00:00-05:00,-0.0009,True,0.0008999999999999991,-8.673617379884035e-19
2023-11-07 00:00:00-05:00,-0.0009,True,0.0009006267210206467,6.267210206467155e-07
2023-11-07 01:00:00-05:00,-0.0009,True,0.000900000000000002,2.0599841277224584e-18
2023-11-07 02:00:00-05:00,-0.0009,True,0.000900000000000002,2.0599841277224584e-18
2023-11-07 03:00:00-05:00,-0.0009,True,0.000900000000000002,2.0599841277224584e-18
2023-11-07 04:00:00-05:00,-0.0009,True,0.000900000000000002,2.0599841277224584e-18
2023-11-07 05:00:00-05:00,-0.0009,True,0.000900000000000002,2.0599841277224584e-18
2023-11-07 06:00:00-05:00,-0.0009,True,0.000900000000000002,2.0599841277224584e-18
2023-11-07 07:00:00-05:00,-0.0009,True,0.0009732177815034822,7.321778150348225e-05
2023-11-07 08:00:00-05:00,-0.0009,True,0.04897202672360467,0.04807202672360467
2023-11-07 09:00:00-05:00,-0.0009,True,0.10248026072095856,0.10158026072095856
2023-11-07 10:00:00-05:00,-0.0009,True,0.10416021930216848,0.10326021930216848
2023-11-07 11:00:00-05:00,-0.0009,True,0.09901245027871877,0.09811245027871877
2023-11-07 12:00:00-05:00,-0.0009,True,0.09941744781963305,0.09851744781963305
2023-11-07 13:00:00-05:00,-0.0009,True,0.10141453380401046,0.10051453380401046
2023-11-07 14:00:00-05:00,-0.0009,True,0.10944320682371228,0.10854320682371228
2023-11-07 15:00:00-05:00,0.03322875025035863,True,0.10069354907267307,0.1339222993230317
2023-11-07 16:00:00-05:00,0.023329773630146936,True,0.02265934764476577,0.045989121274912705
2023-11-07 17:00:00-05:00,0.025525729653302576,True,-0.023379235959237597,0.0021464936940649784
2023-11-07 18:00:00-05:00,0.033911796411761154,True,-0.030334819192300584,0.00357697721946057
2023-11-07 19:00:00-05:00,-0.0009,True,0.0008999999999999991,-8.673617379884035e-19
2023-11-07 20:00:00-05:00,0.03895249032265441,True,-0.03860103051274617,0.0003514598099082361
2023-11-07 21:00:00-05:00,-0.0009,True,0.0008999999999999991,-8.673617379884035e-19
2023-11-07 22:00:00-05:00,-0.0009,True,0.0008999999999999991,-8.673617379884035e-19
2023-11-07 23:00:00-05:00,-0.0009,True,0.0008999999999999991,-8.673617379884035e-19
2023-11-08 00:00:00-05:00,-0.0009,True,0.0009006267210206467,6.267210206467155e-07
2023-11-08 01:00:00-05:00,-0.0009,True,0.0009006267210206467,6.267210206467155e-07
2023-11-08 02:00:00-05:00,-0.0009,True,0.0009006267210206467,6.267210206467155e-07
2023-11-08 03:00:00-05:00,-0.0009,True,0.0009006267210206467,6.267210206467155e-07
2023-11-08 04:00:00-05:00,-0.0009,True,0.0009006267210206467,6.267210206467155e-07
2023-11-08 05:00:00-05:00,-0.0009,True,0.0009006267210206467,6.267210206467155e-07
2023-11-08 06:00:00-05:00,-0.0009,True,0.000900000000000002,2.0599841277224584e-18
2023-11-08 07:00:00-05:00,-0.0009,True,0.0010297376790049297,0.00012973767900492975
2023-11-08 08:00:00-05:00,-0.0009,True,0.053596146646218965,0.052696146646218966
2023-11-08 09:00:00-05:00,-0.0009,True,0.13650469804463042,0.1356046980446304
2023-11-08 10:00:00-05:00,-0.0009,True,0.20395817948797235,0.20305817948797233
2023-11-08 11:00:00-05:00,-0.0009,True,0.26419558139698107,0.26329558139698106
2023-11-08 12:00:00-05:00,0.08306288241524364,True,0.2179400898941315,0.3010029723093751
2023-11-08 13:00:00-05:00,0.21383186177723446,True,0.1314007918059659,0.3452326535832003
2023-11-08 14:00:00-05:00,0.23679197061549237,True,0.02087776440594478,0.25766973502143714
2023-11-08 15:00:00-05:00,0.21366304996857383,True,-0.01382321336676266,0.19983983660181118
2023-11-08 16:00:00-05:00,0.16669072613531458,True,-0.059987939108350916,0.10670278702696366
2023-11-08 17:00:00-05:00,0.20220399323446323,True,-0.1831089668049118,0.019095026429551437
2023-11-08 18:00:00-05:00,-0.0009,True,0.0008999999999999991,-8.673617379884035e-19
2023-11-08 19:00:00-05:00,-0.0009,True,0.0008999999999999991,-8.673617379884035e-19
2023-11-08 20:00:00-05:00,-0.0009,True,0.0008999999999999991,-8.673617379884035e-19
2023-11-08 21:00:00-05:00,0.008818806975975143,True,-0.007483863731810912,0.0013349432441642313
2023-11-08 22:00:00-05:00,-0.0009,True,0.0008999999999999991,-8.673617379884035e-19
2023-11-08 23:00:00-05:00,-0.0009,True,0.0008999999999999991,-8.673617379884035e-19
2023-11-09 00:00:00-05:00,-0.0009,True,0.000900000000000002,2.0599841277224584e-18
2023-11-09 01:00:00-05:00,-0.0009,True,0.000900000000000002,2.0599841277224584e-18
2023-11-09 02:00:00-05:00,-0.0009,True,0.000900000000000002,2.0599841277224584e-18
2023-11-09 03:00:00-05:00,-0.0009,True,0.000900000000000002,2.0599841277224584e-18
2023-11-09 04:00:00-05:00,-0.0009,True,0.000900000000000002,2.0599841277224584e-18
2023-11-09 05:00:00-05:00,-0.0009,True,0.000900000000000002,2.0599841277224584e-18
2023-11-09 06:00:00-05:00,-0.0009,True,0.000900000000000002,2.0599841277224584e-18
2023-11-09 07:00:00-05:00,-0.0009,True,0.0011671982634051713,0.00026719826340517133
2023-11-09 08:00:00-05:00,-0.0009,True,0.042418961659573505,0.04151896165957351
2023-11-09 09:00:00-05:00,-0.0009,True,0.11741262477909425,0.11651262477909426
2023-11-09 10:00:00-05:00,-0.0009,True,0.15690820270611083,0.15600820270611082
2023-11-09 11:00:00-05:00,-0.0009,True,0.15324202865427755,0.15234202865427754
2023-11-09 12:00:00-05:00,0.04786362216166672,True,0.11395972674854837,0.1618233489102151
2023-11-09 13:00:00-05:00,0.188544359088367,True,0.10545546934194196,0.293999828430309
2023-11-09 14:00:00-05:00,0.21730472812065538,True,0.05906334974427234,0.27636807786492773
2023-11-09 15:00:00-05:00,0.19496010497054095,True,-0.001393073885397381,0.19356703108514356
2023-11-09 16:00:00-05:00,0.15100819937941745,True,-0.07625692091811903,0.07475127846129842
2023-11-09 17:00:00-05:00,0.1546977620151491,True,-0.13998528178334557,0.01471248023180352
2023-11-09 18:00:00-05:00,-0.0009,True,0.0002606694476205471,-0.0006393305523794529
2023-11-09 19:00:00-05:00,0.005043243377196278,True,-0.005237598001848781,-0.00019435462465250321
2023-11-09 20:00:00-05:00,-0.0009,True,0.0008999999999999991,-8.673617379884035e-19
2023-11-09 21:00:00-05:00,-0.0009,True,0.0008999999999999991,-8.673617379884035e-19
2023-11-09 22:00:00-05:00,-0.0009,True,0.0008999999999999991,-8.673617379884035e-19
2023-11-09 23:00:00-05:00,-0.0009,True,0.0008999999999999991,-8.673617379884035e-19
2023-11-10 00:00:00-05:00,-0.0009,True,0.000900000000000002,2.0599841277224584e-18
2023-11-10 01:00:00-05:00,-0.0009,True,0.0009006267210206467,6.267210206467155e-07
2023-11-10 02:00:00-05:00,-0.0009,True,0.0009006267210206467,6.267210206467155e-07
2023-11-10 03:00:00-05:00,-0.0009,True,0.0009006267210206467,6.267210206467155e-07
2023-11-10 04:00:00-05:00,-0.0009,True,0.000900000000000002,2.0599841277224584e-18
2023-11-10 05:00:00-05:00,-0.0009,True,0.000900000000000002,2.0599841277224584e-18
2023-11-10 06:00:00-05:00,-0.0009,True,0.000900000000000002,2.0599841277224584e-18
2023-11-10 07:00:00-05:00,-0.0009,True,0.0009892550256994908,8.925502569949082e-05
2023-11-10 08:00:00-05:00,-0.0009,True,0.050474242872295356,0.04957424287229536
2023-11-10 09:00:00-05:00,-0.0009,True,0.1296719743098402,0.1287719743098402
2023-11-10 10:00:00-05:00,-0.0009,True,0.20629505253078892,0.2053950525307889
2023-11-10 11:00:00-05:00,-0.0009,True,0.29488013070658975,0.29398013070658974
2023-11-10 12:00:00-05:00,-0.0009,True,0.278516163578476,0.27761616357847596
2023-11-10 13:00:00-05:00,-0.0009,True,0.24509057053359443,0.24419057053359441
2023-11-10 14:00:00-05:00,0.02041213821823734,True,0.1611326238907308,0.18154476210896814
2023-11-10 15:00:00-05:00,-0.0009,True,0.18517881424381066,0.18427881424381065
2023-11-10 16:00:00-05:00,0.026382358383617657,True,0.016915591874430966,0.043297950258048626
2023-11-10 17:00:00-05:00,0.017917579883297678,True,-0.01764792369491653,0.00026965618838114755
2023-11-10 18:00:00-05:00,0.0053090544049326305,True,-0.005131961885192707,0.0001770925197399232
2023-11-10 19:00:00-05:00,0.013530236150167982,True,-0.014017119206661275,-0.00048688305649329314
2023-11-10 20:00:00-05:00,0.013514345251672015,True,-0.014030513950695206,-0.0005161686990231909
2023-11-10 21:00:00-05:00,-0.0009,True,0.0008999999999999991,-8.673617379884035e-19
2023-11-10 22:00:00-05:00,-0.0009,True,0.0008999999999999991,-8.673617379884035e-19
2023-11-10 23:00:00-05:00,-0.0009,True,0.0008999999999999991,-8.673617379884035e-19
2023-11-11 00:00:00-05:00,-0.0009,True,0.000900000000000002,2.0599841277224584e-18
2023-11-11 01:00:00-05:00,-0.0009,True,0.000900000000000002,2.0599841277224584e-18
2023-11-11 02:00:00-05:00,-0.0009,True,0.000900000000000002,2.0599841277224584e-18
2023-11-11 03:00:00-05:00,-0.0009,True,0.000900000000000002,2.0599841277224584e-18
2023-11-11 04:00:00-05:00,-0.0009,True,0.000900000000000002,2.0599841277224584e-18
2023-11-11 05:00:00-05:00,-0.0009,True,0.000900000000000002,2.0599841277224584e-18
2023-11-11 06:00:00-05:00,-0.0009,True,0.000900000000000002,2.0599841277224584e-18
2023-11-11 07:00:00-05:00,-0.0009,True,0.0009130077150842808,1.3007715084280844e-05
2023-11-11 08:00:00-05:00,-0.0009,True,0.054817227357408814,0.053917227357408816
2023-11-11 09:00:00-05:00,-0.0009,True,0.1383842098363755,0.1374842098363755
2023-11-11 10:00:00-05:00,-0.0009,True,0.23489629452700533,0.23399629452700532
2023-11-11 11:00:00-05:00,-0.0009,True,0.303203358294068,0.302303358294068
2023-11-11 12:00:00-05:00,-0.0009,True,0.30097595367689334,0.3000759536768933
2023-11-11 13:00:00-05:00,0.08736684733806972,True,0.15561368996196995,0.24298053730003966
2023-11-11 14:00:00-05:00,0.13803227861579376,True,0.14247306213355646,0.2805053407493502
2023-11-11 15:00:00-05:00,0.18179296231835448,True,0.03514789122018291,0.2169408535385374
2023-11-11 16:00:00-05:00,0.16010961396088189,True,-0.08107346748606353,0.07903614647481835
2023-11-11 17:00:00-05:00,0.14297580195101822,True,-0.11145472882216388,0.03152107312885434
2023-11-11 18:00:00-05:00,-0.0009,True,0.0008999999999999991,-8.673617379884035e-19
2023-11-11 19:00:00-05:00,0.012315531055192945,True,-0.01133127754482115,0.0009842535103717943
2023-11-11 20:00:00-05:00,0.01622004755971939,True,-0.015457888199090514,0.0007621593606288758
2023-11-11 21:00:00-05:00,-0.0009,True,0.0008999999999999991,-8.673617379884035e-19
2023-11-11 22:00:00-05:00,-0.0009,True,0.0008999999999999991,-8.673617379884035e-19
2023-11-11 23:00:00-05:00,-0.0009,True,0.0008999999999999991,-8.673617379884035e-19
2023-11-12 00:00:00-05:00,-0.0009,True,0.0009531347452976316,5.313474529763159e-05
2023-11-12 01:00:00-05:00,-0.0009,True,0.0009531347452976316,5.313474529763159e-05
2023-11-12 02:00:00-05:00,-0.0009,True,0.0009531347452976316,5.313474529763159e-05
2023-11-12 03:00:00-05:00,-0.0009,True,0.0009531347452976316,5.313474529763159e-05
2023-11-12 04:00:00-05:00,-0.0009,True,0.0009425077962381057,4.250779623810573e-05
2023-11-12 05:00:00-05:00,-0.0009,True,0.0009425077962381057,4.250779623810573e-05
2023-11-12 06:00:00-05:00,-0.0009,True,0.0009425077962381057,4.250779623810573e-05
2023-11-12 07:00:00-05:00,-0.0009,True,0.001264678641712212,0.000364678641712212
2023-11-12 08:00:00-05:00,-0.0009,True,0.04436175798465191,0.04346175798465191
2023-11-12 09:00:00-05:00,-0.0009,True,0.14951913618634813,0.14861913618634812
2023-11-12 10:00:00-05:00,-0.0009,True,0.17549801862112585,0.17459801862112584
2023-11-12 11:00:00-05:00,-0.0009,True,0.17317756270621928,0.17227756270621927
2023-11-12 12:00:00-05:00,-0.0009,True,0.17338200989912222,0.1724820098991222
2023-11-12 13:00:00-05:00,0.1100066021887684,True,0.14704681865313116,0.2570534208418995
2023-11-12 14:00:00-05:00,0.09107175813133178,True,0.16835283688164415,0.25942459501297593
2023-11-12 15:00:00-05:00,0.13944509913607522,True,0.06943079954262611,0.20887589867870132
2023-11-12 16:00:00-05:00,0.13482673738280562,True,-0.03203524776929541,0.10279148961351021
2023-11-12 17:00:00-05:00,0.21277471732875283,True,-0.18773600899755943,0.0250387083311934
2023-11-12 18:00:00-05:00,-0.0009,True,0.0008999999999999991,-8.673617379884035e-19
2023-11-12 19:00:00-05:00,-0.0009,True,0.0008999999999999991,-8.673617379884035e-19
2023-11-12 20:00:00-05:00,-0.0009,True,0.0008999999999999991,-8.673617379884035e-19
2023-11-12 21:00:00-05:00,-0.0009,True,0.0008999999999999991,-8.673617379884035e-19
2023-11-12 22:00:00-05:00,-0.0009,True,0.0008999999999999991,-8.673617379884035e-19
2023-11-12 23:00:00-05:00,-0.0009,True,0.0008999999999999991,-8.673617379884035e-19
2023-11-13 00:00:00-05:00,-0.0009,True,0.0009212538981190537,2.1253898119053677e-05
2023-11-13 01:00:00-05:00,-0.0009,True,0.0009212538981190537,2.1253898119053677e-05
2023-11-13 02:00:00-05:00,-0.0009,True,0.0009212538981190537,2.1253898119053677e-05
2023-11-13 03:00:00-05:00,-0.0009,True,0.0009212538981190537,2.1253898119053677e-05
2023-11-13 04:00:00-05:00,-0.0009,True,0.0009212538981190537,2.1253898119053677e-05
2023-11-13 05:00:00-05:00,-0.0009,True,0.0009212538981190537,2.1253898119053677e-05
2023-11-13 06:00:00-05:00,-0.0009,True,0.0009212538981190537,2.1253898119053677e-05
2023-11-13 07:00:00-05:00,-0.0009,True,0.0012658626163462308,0.0003658626163462308
2023-11-13 08:00:00-05:00,-0.0009,True,0.047367407007613646,0.04646740700761365
2023-11-13 09:00:00-05:00,-0.0009,True,0.1514482643354439,0.15054826433544388
2023-11-13 10:00:00-05:00,-0.0009,True,0.22693339891723455,0.22603339891723453
2023-11-13 11:00:00-05:00,-0.0009,True,0.2694684831412841,0.26856848314128406
2023-11-13 12:00:00-05:00,0.07850696618221564,True,0.21419500847366416,0.29270197465587977
2023-11-13 13:00:00-05:00,0.22098039674134873,True,0.13868769170966286,0.3596680884510116
2023-11-13 14:00:00-05:00,0.24036137101158578,True,0.031065967698877338,0.2714273387104631
2023-11-13 15:00:00-05:00,0.2119759596814897,True,-0.024914735374040656,0.18706122430744904
2023-11-13 16:00:00-05:00,0.16007142801364632,True,-0.08229623301600024,0.07777519499764608
2023-11-13 17:00:00-05:00,0.13310628737085398,True,-0.10715100874477348,0.02595527862608049
2023-11-13 18:00:00-05:00,-0.0009,True,0.0008999999999999991,-8.673617379884035e-19
2023-11-13 19:00:00-05:00,-0.0009,True,0.0008999999999999991,-8.673617379884035e-19
2023-11-13 20:00:00-05:00,-0.0009,True,0.0008999999999999991,-8.673617379884035e-19
2023-11-13 21:00:00-05:00,-0.0009,True,0.0008999999999999991,-8.673617379884035e-19
2023-11-13 22:00:00-05:00,-0.0009,True,0.0008999999999999991,-8.673617379884035e-19
2023-11-13 23:00:00-05:00,-0.0009,True,0.0008999999999999991,-8.673617379884035e-19
2023-11-14 00:00:00-05:00,-0.0009,True,0.000900000000000002,2.0599841277224584e-18
2023-11-14 01:00:00-05:00,-0.0009,True,0.000900000000000002,2.0599841277224584e-18
2023-11-14 02:00:00-05:00,-0.0009,True,0.000900000000000002,2.0599841277224584e-18
2023-11-14 03:00:00-05:00,-0.0009,True,0.000900000000000002,2.0599841277224584e-18
2023-11-14 04:00:00-05:00,-0.0009,True,0.000900000000000002,2.0599841277224584e-18
2023-11-14 05:00:00-05:00,-0.0009,True,0.000900000000000002,2.0599841277224584e-18
2023-11-14 06:00:00-05:00,-0.0009,True,0.000900000000000002,2.0599841277224584e-18
2023-11-14 07:00:00-05:00,-0.0009,True,0.0009066815237776687,6.6815237776687245e-06
2023-11-14 08:00:00-05:00,-0.0009,True,0.06415115792663183,0.06325115792663183
2023-11-14 09:00:00-05:00,-0.0009,True,0.14562949682485957,0.14472949682485955
2023-11-14 10:00:00-05:00,-0.0009,True,0.2268797657063092,0.22597976570630918
2023-11-14 11:00:00-05:00,-0.0009,True,0.27761715685653804,0.276717156856538
2023-11-14 12:00:00-05:00,0.0779988995852864,True,0.23977225405423153,0.3177711536395179
2023-11-14 13:00:00-05:00,0.2196104173829858,True,0.10947583619211375,0.3290862535750996
2023-11-14 14:00:00-05:00,0.23924989754241055,True,0.030664486430463284,0.2699143839728738
2023-11-14 15:00:00-05:00,0.21096808788247115,True,-0.024555051667800146,0.186413036214671
2023-11-14 16:00:00-05:00,0.15793594077052198,True,-0.08922938657200354,0.06870655419851844
2023-11-14 17:00:00-05:00,0.1201147852440068,True,-0.1133414262466534,0.006773358997353401
2023-11-14 18:00:00-05:00,-0.0009,True,0.0008999999999999991,-8.673617379884035e-19
2023-11-14 19:00:00-05:00,-0.0009,True,0.0008999999999999991,-8.673617379884035e-19
2023-11-14 20:00:00-05:00,-0.0009,True,0.0008999999999999991,-8.673617379884035e-19
2023-11-14 21:00:00-05:00,-0.0009,True,0.0008999999999999991,-8.673617379884035e-19
2023-11-14 22:00:00-05:00,-0.0009,True,0.0008999999999999991,-8.673617379884035e-19
2023-11-14 23:00:00-05:00,-0.0009,True,0.0008999999999999991,-8.673617379884035e-19
2023-11-15 00:00:00-05:00,-0.0009,True,0.0009531347452976316,5.313474529763159e-05
2023-11-15 01:00:00-05:00,-0.0009,True,0.0009531347452976316,5.313474529763159e-05
2023-11-15 02:00:00-05:00,-0.0009,True,0.0009531347452976316,5.313474529763159e-05
2023-11-15 03:00:00-05:00,-0.0009,True,0.0009531347452976316,5.313474529763159e-05
2023-11-15 04:00:00-05:00,-0.0009,True,0.0009531347452976316,5.313474529763159e-05
2023-11-15 05:00:00-05:00,-0.0009,True,0.0009531347452976316,5.313474529763159e-05
2023-11-15 06:00:00-05:00,-0.0009,True,0.0009531347452976316,5.313474529763159e-05
2023-11-15 07:00:00-05:00,-0.0009,True,0.0012813119262641928,0.0003813119262641928
2023-11-15 08:00:00-05:00,-0.0009,True,0.047307165665593294,0.046407165665593296
2023-11-15 09:00:00-05:00,-0.0009,True,0.13684106655458325,0.13594106655458324
2023-11-15 10:00:00-05:00,-0.0009,True,0.19130906387279384,0.19040906387279383
2023-11-15 11:00:00-05:00,-0.0009,True,0.20582733329451589,0.20492733329451587
2023-11-15 12:00:00-05:00,-0.0009,True,0.19760376984937458,0.19670376984937457
2023-11-15 13:00:00-05:00,0.07442507792345121,True,0.16595554036024038,0.2403806182836916
2023-11-15 14:00:00-05:00,0.1783915831446502,True,0.09277667745417773,0.2711682605988279
2023-11-15 15:00:00-05:00,0.1723933773437008,True,0.03588736378115476,0.20828074112485556
2023-11-15 16:00:00-05:00,0.14808346951977003,True,-0.02582986543594295,0.12225360408382707
2023-11-15 17:00:00-05:00,0.1908679392551386,True,-0.17027186430947835,0.020596074945660237
2023-11-15 18:00:00-05:00,-0.0009,True,0.0008999999999999991,-8.673617379884035e-19
2023-11-15 19:00:00-05:00,0.048408227005801024,True,-0.04895453931340068,-0.0005463123075996543
2023-11-15 20:00:00-05:00,0.04146287224274827,True,-0.040928602144729063,0.0005342700980192072
2023-11-15 21:00:00-05:00,0.011837566121240197,True,-0.009882137054165133,0.001955429067075064
2023-11-15 22:00:00-05:00,-0.0009,True,0.0008999999999999991,-8.673617379884035e-19
2023-11-15 23:00:00-05:00,-0.0009,True,0.0008999999999999991,-8.673617379884035e-19
2023-11-16 00:00:00-05:00,-0.0009,True,0.000900000000000002,2.0599841277224584e-18
2023-11-16 01:00:00-05:00,-0.0009,True,0.000900000000000002,2.0599841277224584e-18
2023-11-16 02:00:00-05:00,-0.0009,True,0.000900000000000002,2.0599841277224584e-18
2023-11-16 03:00:00-05:00,-0.0009,True,0.000900000000000002,2.0599841277224584e-18
2023-11-16 04:00:00-05:00,-0.0009,True,0.000900000000000002,2.0599841277224584e-18
2023-11-16 05:00:00-05:00,-0.0009,True,0.000900000000000002,2.0599841277224584e-18
2023-11-16 06:00:00-05:00,-0.0009,True,0.000900000000000002,2.0599841277224584e-18
2023-11-16 07:00:00-05:00,-0.0009,True,0.0009523398701730527,5.233987017305274e-05
2023-11-16 08:00:00-05:00,-0.0009,True,0.05375431854757726,0.05285431854757726
2023-11-16 09:00:00-05:00,-0.0009,True,0.1322184019520529,0.13131840195205288
2023-11-16 10:00:00-05:00,-0.0009,True,0.219694418510702,0.218794418510702
2023-11-16 11:00:00-05:00,-0.0009,True,0.25984676378702126,0.25894676378702125
2023-11-16 12:00:00-05:00,0.054521955293614956,True,0.24787574628214787,0.30239770157576285
2023-11-16 13:00:00-05:00,0.20446191533739388,True,0.12111481557455116,0.32557673091194506
2023-11-16 14:00:00-05:00,0.22833786894960909,True,0.02779064850194806,0.2561285174515571
2023-11-16 15:00:00-05:00,0.20239137607426017,True,-0.021650512874795077,0.18074086319946508
2023-11-16 16:00:00-05:00,0.15384789187975256,True,-0.08238259510676103,0.07146529677299153
2023-11-16 17:00:00-05:00,0.12192411677044578,True,-0.10626159227826071,0.015662524492185068
2023-11-16 18:00:00-05:00,-0.0009,True,0.0008999999999999991,-8.673617379884035e-19
2023-11-16 19:00:00-05:00,0.03374912217643493,True,-0.030525180115264797,0.003223942061170132
2023-11-16 20:00:00-05:00,-0.0009,True,0.0008999999999999991,-8.673617379884035e-19
2023-11-16 21:00:00-05:00,-0.0009,True,0.0008999999999999991,-8.673617379884035e-19
2023-11-16 22:00:00-05:00,-0.0009,True,0.0008999999999999991,-8.673617379884035e-19
2023-11-16 23:00:00-05:00,-0.0009,True,0.0008999999999999991,-8.673617379884035e-19
2023-11-17 00:00:00-05:00,-0.0009,True,0.000900000000000002,2.0599841277224584e-18
2023-11-17 01:00:00-05:00,-0.0009,True,0.000900000000000002,2.0599841277224584e-18
2023-11-17 02:00:00-05:00,-0.0009,True,0.000900000000000002,2.0599841277224584e-18
2023-11-17 03:00:00-05:00,-0.0009,True,0.000900000000000002,2.0599841277224584e-18
2023-11-17 04:00:00-05:00,-0.0009,True,0.000900000000000002,2.0599841277224584e-18
2023-11-17 05:00:00-05:00,-0.0009,True,0.000900000000000002,2.0599841277224584e-18
2023-11-17 06:00:00-05:00,-0.0009,True,0.000900000000000002,2.0599841277224584e-18
2023-11-17 07:00:00-05:00,-0.0009,True,0.001182089543333587,0.000282089543333587
2023-11-17 08:00:00-05:00,-0.0009,True,0.052107553733254604,0.051207553733254606
2023-11-17 09:00:00-05:00,-0.0009,True,0.10308113725974799,0.10218113725974799
2023-11-17 10:00:00-05:00,-0.0009,True,0.14456730097786066,0.14366730097786065
2023-11-17 11:00:00-05:00,-0.0009,True,0.17284918909856503,0.17194918909856502
2023-11-17 12:00:00-05:00,0.050960567722406966,True,0.18470547850300204,0.235666046225409
2023-11-17 13:00:00-05:00,0.06656696519470157,True,0.11244360866837538,0.17901057386307695
2023-11-17 14:00:00-05:00,0.10235587774330158,True,0.133472795707599,0.23582867345090058
2023-11-17 15:00:00-05:00,0.1388374180201646,True,0.06479624271411148,0.20363366073427608
2023-11-17 16:00:00-05:00,0.14201001088411827,True,-0.03806625452106962,0.10394375636304864
2023-11-17 17:00:00-05:00,0.16458821624086573,True,-0.14119435844430947,0.023393857796556256
2023-11-17 18:00:00-05:00,0.060157814893262135,True,-0.06348868272619586,-0.0033308678329337232
2023-11-17 19:00:00-05:00,0.0549724028610145,True,-0.05488468449391514,8.771836709935837e-05
2023-11-17 20:00:00-05:00,0.03812620284829083,True,-0.03837393812764734,-0.0002477352793565091
2023-11-17 21:00:00-05:00,0.005368219801919849,True,-0.005407963054133004,-3.9743252213154945e-05
2023-11-17 22:00:00-05:00,-0.0009,True,0.0008999999999999991,-8.673617379884035e-19
2023-11-17 23:00:00-05:00,-0.0009,True,0.0008999999999999991,-8.673617379884035e-19
2023-11-18 00:00:00-05:00,-0.0009,True,0.000900000000000002,2.0599841277224584e-18
2023-11-18 01:00:00-05:00,-0.0009,True,0.000900000000000002,2.0599841277224584e-18
2023-11-18 02:00:00-05:00,-0.0009,True,0.000900000000000002,2.0599841277224584e-18
2023-11-18 03:00:00-05:00,-0.0009,True,0.000900000000000002,2.0599841277224584e-18
2023-11-18 04:00:00-05:00,-0.0009,True,0.000900000000000002,2.0599841277224584e-18
2023-11-18 05:00:00-05:00,-0.0009,True,0.000900000000000002,2.0599841277224584e-18
2023-11-18 06:00:00-05:00,-0.0009,True,0.000900000000000002,2.0599841277224584e-18
2023-11-18 07:00:00-05:00,-0.0009,True,0.001365498343784027,0.000465498343784027
2023-11-18 08:00:00-05:00,-0.0009,True,0.050351996464389384,0.049451996464389386
2023-11-18 09:00:00-05:00,-0.0009,True,0.10485274742271468,0.10395274742271468
2023-11-18 10:00:00-05:00,-0.0009,True,0.1224400315304572,0.1215400315304572
2023-11-18 11:00:00-05:00,-0.0009,True,0.16483682928161006,0.16393682928161005
2023-11-18 12:00:00-05:00,-0.0009,True,0.25132140983852125,0.25042140983852124
2023-11-18 13:00:00-05:00,0.19058706071063722,True,0.1343500746144238,0.324937135325061
2023-11-18 14:00:00-05:00,0.22912322864835807,True,0.04081015372384713,0.2699333823722052
2023-11-18 15:00:00-05:00,0.20822403866426434,True,-0.013023266565446848,0.19520077209881748
2023-11-18 16:00:00-05:00,0.15955664423609003,True,-0.09088922235846109,0.06866742187762895
2023-11-18 17:00:00-05:00,0.11516447208513544,True,-0.11325673466515884,0.0019077374199766017
2023-11-18 18:00:00-05:00,-0.0009,True,0.0008999999999999991,-8.673617379884035e-19
2023-11-18 19:00:00-05:00,-0.0009,True,0.0008999999999999991,-8.673617379884035e-19
2023-11-18 20:00:00-05:00,-0.0009,True,0.0008999999999999991,-8.673617379884035e-19
2023-11-18 21:00:00-05:00,-0.0009,True,0.0008999999999999991,-8.673617379884035e-19
2023-11-18 22:00:00-05:00,-0.0009,True,0.0008999999999999991,-8.673617379884035e-19
2023-11-18 23:00:00-05:00,-0.0009,True,0.0008999999999999991,-8.673617379884035e-19
2023-11-19 00:00:00-05:00,-0.0009,True,0.000900000000000002,2.0599841277224584e-18
2023-11-19 01:00:00-05:00,-0.0009,True,0.000900000000000002,2.0599841277224584e-18
2023-11-19 02:00:00-05:00,-0.0009,True,0.000900000000000002,2.0599841277224584e-18
2023-11-19 03:00:00-05:00,-0.0009,True,0.000900000000000002,2.0599841277224584e-18
2023-11-19 04:00:00-05:00,-0.0009,True,0.000900000000000002,2.0599841277224584e-18
2023-11-19 05:00:00-05:00,-0.0009,True,0.000900000000000002,2.0599841277224584e-18
2023-11-19 06:00:00-05:00,-0.0009,True,0.000900000000000002,2.0599841277224584e-18
2023-11-19 07:00:00-05:00,-0.0009,True,0.0013029113974661816,0.00040291139746618165
2023-11-19 08:00:00-05:00,-0.0009,True,0.06587993128811578,0.06497993128811579
2023-11-19 09:00:00-05:00,-0.0009,True,0.13403932095085005,0.13313932095085004
2023-11-19 10:00:00-05:00,-0.0009,True,0.19056478208006136,0.18966478208006135
2023-11-19 11:00:00-05:00,-0.0009,True,0.248442430288534,0.24754243028853398
2023-11-19 12:00:00-05:00,-0.0009,True,0.2618493820789623,0.2609493820789623
2023-11-19 13:00:00-05:00,0.21063988539251635,True,0.12342145153515537,0.3340613369276717
2023-11-19 14:00:00-05:00,0.23250035336577377,True,0.031211558272334697,0.2637119116381085
2023-11-19 15:00:00-05:00,0.2053686536640655,True,-0.020803038034160823,0.1845656156299047
2023-11-19 16:00:00-05:00,0.15446928960336404,True,-0.08602549959355855,0.06844379000980548
2023-11-19 17:00:00-05:00,0.11261775768999562,True,-0.11094445133735384,0.0016733063526417763
2023-11-19 18:00:00-05:00,-0.0009,True,0.0008999999999999991,-8.673617379884035e-19
2023-11-19 19:00:00-05:00,-0.0009,True,0.0008999999999999991,-8.673617379884035e-19
2023-11-19 20:00:00-05:00,-0.0009,True,0.0008999999999999991,-8.673617379884035e-19
2023-11-19 21:00:00-05:00,-0.0009,True,0.0008999999999999991,-8.673617379884035e-19
2023-11-19 22:00:00-05:00,-0.0009,True,0.0008999999999999991,-8.673617379884035e-19
2023-11-19 23:00:00-05:00,-0.0009,True,0.0008999999999999991,-8.673617379884035e-19
2023-11-20 00:00:00-05:00,-0.0009,True,0.000900000000000002,2.0599841277224584e-18
2023-11-20 01:00:00-05:00,-0.0009,True,0.000900000000000002,2.0599841277224584e-18
2023-11-20 02:00:00-05:00,-0.0009,True,0.000900000000000002,2.0599841277224584e-18
2023-11-20 03:00:00-05:00,-0.0009,True,0.000900000000000002,2.0599841277224584e-18
2023-11-20 04:00:00-05:00,-0.0009,True,0.000900000000000002,2.0599841277224584e-18
2023-11-20 05:00:00-05:00,-0.0009,True,0.0009000000000000019,1.951563910473908e-18
2023-11-20 06:00:00-05:00,-0.0009,True,0.0009000000000000019,1.951563910473908e-18
2023-11-20 07:00:00-05:00,-0.0009,True,0.0014005484579138984,0.0005005484579138984
2023-11-20 08:00:00-05:00,-0.0009,True,0.048918895071465976,0.04801889507146598
2023-11-20 09:00:00-05:00,-0.0009,True,0.10028642037047114,0.09938642037047114
2023-11-20 10:00:00-05:00,-0.0009,True,0.11978485890998306,0.11888485890998306
2023-11-20 11:00:00-05:00,-0.0009,True,0.141583329567544,0.14068332956754398
2023-11-20 12:00:00-05:00,-0.0009,True,0.14119422752423838,0.14029422752423837
2023-11-20 13:00:00-05:00,0.21902870053861645,True,0.15159328789715823,0.37062198843577465
2023-11-20 14:00:00-05:00,0.2406349975760841,True,0.030746088371772215,0.2713810859478563
2023-11-20 15:00:00-05:00,0.16613423396520233,True,0.044664841381473606,0.21079907534667594
2023-11-20 16:00:00-05:00,0.16937123507242005,True,-0.033546943994528615,0.13582429107789143
2023-11-20 17:00:00-05:00,0.19814200839551444,True,-0.1764750752756658,0.02166693311984863
2023-11-20 18:00:00-05:00,0.045633581267795535,True,-0.03798471299948757,0.007648868268307962
2023-11-20 19:00:00-05:00,0.0581715204260575,True,-0.061488308507055486,-0.003316788080997987
2023-11-20 20:00:00-05:00,-0.0009,True,0.0008999999999999991,-8.673617379884035e-19
2023-11-20 21:00:00-05:00,0.007572165367174581,True,-0.003592481050059682,0.003979684317114899
2023-11-20 22:00:00-05:00,-0.0009,True,0.0008999999999999991,-8.673617379884035e-19
2023-11-20 23:00:00-05:00,-0.0009,True,0.0008999999999999991,-8.673617379884035e-19
2023-11-21 00:00:00-05:00,-0.0009,True,0.0009212538981190537,2.1253898119053677e-05
2023-11-21 01:00:00-05:00,-0.0009,True,0.0009212538981190537,2.1253898119053677e-05
2023-11-21 02:00:00-05:00,-0.0009,True,0.0009212538981190537,2.1253898119053677e-05
2023-11-21 03:00:00-05:00,-0.0009,True,0.0009531347452976316,5.313474529763159e-05
2023-11-21 04:00:00-05:00,-0.0009,True,0.0009106269490595277,1.0626949059527706e-05
2023-11-21 05:00:00-05:00,-0.0009,True,0.0009106269490595277,1.0626949059527706e-05
2023-11-21 06:00:00-05:00,-0.0009,True,0.0009106269490595277,1.0626949059527706e-05
2023-11-21 07:00:00-05:00,-0.0009,True,0.0016029897054883604,0.0007029897054883604
2023-11-21 08:00:00-05:00,-0.0009,True,0.05626319235393856,0.055363192353938565
2023-11-21 09:00:00-05:00,-0.0009,True,0.13546082292580514,0.13456082292580512
2023-11-21 10:00:00-05:00,-0.0009,True,0.17717967254933484,0.17627967254933483
2023-11-21 11:00:00-05:00,-0.0009,True,0.18970779178536504,0.18880779178536503
2023-11-21 12:00:00-05:00,-0.0009,True,0.1914791331805867,0.1905791331805867
2023-11-21 13:00:00-05:00,0.015053845695963113,True,0.20711267150187695,0.22216651719784006
2023-11-21 14:00:00-05:00,0.03577008149539865,True,0.11560835985616678,0.15137844135156542
2023-11-21 15:00:00-05:00,0.010531464237938491,True,0.10542943728041963,0.11596090151835813
2023-11-21 16:00:00-05:00,-0.0009,True,0.016562635372688615,0.015662635372688614
2023-11-21 17:00:00-05:00,-0.0009,True,0.0015991277096609193,0.0006991277096609193
2023-11-21 18:00:00-05:00,-0.0009,True,0.0008999999999999991,-8.673617379884035e-19
2023-11-21 19:00:00-05:00,-0.0009,True,0.0008999999999999991,-8.673617379884035e-19
2023-11-21 20:00:00-05:00,-0.0009,True,0.0008999999999999991,-8.673617379884035e-19
2023-11-21 21:00:00-05:00,-0.0009,True,0.0008999999999999991,-8.673617379884035e-19
2023-11-21 22:00:00-05:00,-0.0009,True,0.0008999999999999991,-8.673617379884035e-19
2023-11-21 23:00:00-05:00,-0.0009,True,0.0008999999999999991,-8.673617379884035e-19
2023-11-22 00:00:00-05:00,-0.0009,True,0.000900000000000002,2.0599841277224584e-18
2023-11-22 01:00:00-05:00,-0.0009,True,0.000900000000000002,2.0599841277224584e-18
2023-11-22 02:00:00-05:00,-0.0009,True,0.000900000000000002,2.0599841277224584e-18
2023-11-22 03:00:00-05:00,-0.0009,True,0.000900000000000002,2.0599841277224584e-18
2023-11-22 04:00:00-05:00,-0.0009,True,0.000900000000000002,2.0599841277224584e-18
2023-11-22 05:00:00-05:00,-0.0009,True,0.000900000000000002,2.0599841277224584e-18
2023-11-22 06:00:00-05:00,-0.0009,True,0.000900000000000002,2.0599841277224584e-18
2023-11-22 07:00:00-05:00,-0.0009,True,0.001467047585540541,0.000567047585540541
2023-11-22 08:00:00-05:00,-0.0009,True,0.05761209753306543,0.056712097533065435
2023-11-22 09:00:00-05:00,-0.0009,True,0.11087077119785879,0.1099707711978588
2023-11-22 10:00:00-05:00,-0.0009,True,0.12763353498635502,0.126733534986355
2023-11-22 11:00:00-05:00,-0.0009,True,0.1451175404334104,0.1442175404334104
2023-11-22 12:00:00-05:00,-0.0009,True,0.15376778180876635,0.15286778180876634
2023-11-22 13:00:00-05:00,0.18484586733691727,True,0.13241905200332152,0.3172649193402388
2023-11-22 14:00:00-05:00,0.11273833237559591,True,0.15016929107297375,0.26290762344856966
2023-11-22 15:00:00-05:00,0.19693608306229327,True,-0.0020245255607270556,0.19491155750156622
2023-11-22 16:00:00-05:00,0.02327581731133235,True,0.021010317371032733,0.044286134682365086
2023-11-22 17:00:00-05:00,0.1220637899834174,True,-0.10419081941774261,0.017872970565674787
2023-11-22 18:00:00-05:00,0.09071636192058734,True,-0.09444670963175619,-0.003730347711168855
2023-11-22 19:00:00-05:00,0.06245617752610563,True,-0.06179554053707261,0.0006606369890330213
2023-11-22 20:00:00-05:00,0.03989051648771975,True,-0.039405664399326114,0.0004848520883936336
2023-11-22 21:00:00-05:00,0.0055367243406312635,True,-0.005620198015393588,-8.347367476232471e-05
2023-11-22 22:00:00-05:00,-0.0009,True,0.0008999999999999991,-8.673617379884035e-19
2023-11-22 23:00:00-05:00,-0.0009,True,0.0008999999999999991,-8.673617379884035e-19
2023-11-23 00:00:00-05:00,-0.0009,True,0.000900000000000002,2.0599841277224584e-18
2023-11-23 01:00:00-05:00,-0.0009,True,0.000900000000000002,2.0599841277224584e-18
2023-11-23 02:00:00-05:00,-0.0009,True,0.000900000000000002,2.0599841277224584e-18
2023-11-23 03:00:00-05:00,-0.0009,True,0.000900000000000002,2.0599841277224584e-18
2023-11-23 04:00:00-05:00,-0.0009,True,0.000900000000000002,2.0599841277224584e-18
2023-11-23 05:00:00-05:00,-0.0009,True,0.000900000000000002,2.0599841277224584e-18
2023-11-23 06:00:00-05:00,-0.0009,True,0.000900000000000002,2.0599841277224584e-18
2023-11-23 07:00:00-05:00,-0.0009,True,0.0013121499897514432,0.00041214998975144324
2023-11-23 08:00:00-05:00,-0.0009,True,0.0719586260450601,0.07105862604506011
2023-11-23 09:00:00-05:00,-0.0009,True,0.13935953723671507,0.13845953723671506
2023-11-23 10:00:00-05:00,-0.0009,True,0.1751240776605233,0.17422407766052328
2023-11-23 11:00:00-05:00,-0.0009,True,0.1757817670481818,0.17488176704818179
2023-11-23 12:00:00-05:00,-0.0009,True,0.15762852667582683,0.15672852667582682
2023-11-23 13:00:00-05:00,0.19140521444329897,True,0.12902737196113137,0.32043258640443034
2023-11-23 14:00:00-05:00,0.2255358988428283,True,0.03390690220397546,0.25944280104680373
2023-11-23 15:00:00-05:00,0.2043914958929011,True,-0.015802906436094732,0.18858858945680637
2023-11-23 16:00:00-05:00,0.15770796093907388,True,-0.08666059189672902,0.07104736904234486
2023-11-23 17:00:00-05:00,0.11354311533539115,True,-0.10736018022204766,0.006182935113343488
2023-11-23 18:00:00-05:00,-0.0009,True,0.0008999999999999991,-8.673617379884035e-19
2023-11-23 19:00:00-05:00,-0.0009,True,0.0008999999999999991,-8.673617379884035e-19
2023-11-23 20:00:00-05:00,-0.0009,True,0.0008999999999999991,-8.673617379884035e-19
2023-11-23 21:00:00-05:00,-0.0009,True,0.0008999999999999991,-8.673617379884035e-19
2023-11-23 22:00:00-05:00,-0.0009,True,0.0008999999999999991,-8.673617379884035e-19
2023-11-23 23:00:00-05:00,-0.0009,True,0.0008999999999999991,-8.673617379884035e-19
2023-11-24 00:00:00-05:00,-0.0009,True,0.000900000000000002,2.0599841277224584e-18
2023-11-24 01:00:00-05:00,-0.0009,True,0.000900000000000002,2.0599841277224584e-18
2023-11-24 02:00:00-05:00,-0.0009,True,0.000900000000000002,2.0599841277224584e-18
2023-11-24 03:00:00-05:00,-0.0009,True,0.000900000000000002,2.0599841277224584e-18
2023-11-24 04:00:00-05:00,-0.0009,True,0.000900000000000002,2.0599841277224584e-18
2023-11-24 05:00:00-05:00,-0.0009,True,0.000900000000000002,2.0599841277224584e-18
2023-11-24 06:00:00-05:00,-0.0009,True,0.000900000000000002,2.0599841277224584e-18
2023-11-24 07:00:00-05:00,-0.0009,True,0.0013325189813100926,0.00043251898131009265
2023-11-24 08:00:00-05:00,-0.0009,True,0.06649621906694307,0.06559621906694307
2023-11-24 09:00:00-05:00,-0.0009,True,0.11354351364357558,0.11264351364357558
2023-11-24 10:00:00-05:00,-0.0009,True,0.14595808004976824,0.14505808004976822
2023-11-24 11:00:00-05:00,-0.0009,True,0.14552176975310246,0.14462176975310245
2023-11-24 12:00:00-05:00,-0.0009,True,0.14442252497654415,0.14352252497654414
2023-11-24 13:00:00-05:00,0.17216350221951002,True,0.11137578348569885,0.28353928570520887
2023-11-24 14:00:00-05:00,0.08277599773704675,True,0.13154284287983958,0.21431884061688633
2023-11-24 15:00:00-05:00,0.13582336987630889,True,0.06368800414603441,0.1995113740223433
2023-11-24 16:00:00-05:00,0.1379864115328659,True,-0.036421776990590675,0.10156463454227521
2023-11-24 17:00:00-05:00,0.12287413427038027,True,-0.108255875516338,0.014618258754042268
2023-11-24 18:00:00-05:00,0.07543937810442966,True,-0.07571674862592256,-0.0002773705214929034
2023-11-24 19:00:00-05:00,0.022151082079823584,True,-0.021898067654455445,0.00025301442536813934
2023-11-24 20:00:00-05:00,0.03917094607672088,True,-0.03825335872769362,0.000917587349027256
2023-11-24 21:00:00-05:00,0.010233563982252716,True,-0.010268451866037732,-3.488788378501646e-05
2023-11-24 22:00:00-05:00,-0.0009,True,0.0008999999999999991,-8.673617379884035e-19
2023-11-24 23:00:00-05:00,-0.0009,True,0.0008999999999999991,-8.673617379884035e-19
2023-11-25 00:00:00-05:00,-0.0009,True,0.000900000000000002,2.0599841277224584e-18
2023-11-25 01:00:00-05:00,-0.0009,True,0.000900000000000002,2.0599841277224584e-18
2023-11-25 02:00:00-05:00,-0.0009,True,0.0009000000000000019,1.951563910473908e-18
2023-11-25 03:00:00-05:00,-0.0009,True,0.0009000000000000019,1.951563910473908e-18
2023-11-25 04:00:00-05:00,-0.0009,True,0.0009000000000000019,1.951563910473908e-18
2023-11-25 05:00:00-05:00,-0.0009,True,0.0009000000000000019,1.951563910473908e-18
2023-11-25 06:00:00-05:00,-0.0009,True,0.0009000000000000019,1.951563910473908e-18
2023-11-25 07:00:00-05:00,-0.0009,True,0.0014883986355106232,0.0005883986355106233
2023-11-25 08:00:00-05:00,-0.0009,True,0.0518477560117839,0.050947756011783904
2023-11-25 09:00:00-05:00,-0.0009,True,0.16312975714586753,0.16222975714586751
2023-11-25 10:00:00-05:00,-0.0009,True,0.24315871519520374,0.24225871519520373
2023-11-25 11:00:00-05:00,-0.0009,True,0.2616682676807789,0.2607682676807789
2023-11-25 12:00:00-05:00,-0.0009,True,0.26235271928574183,0.2614527192857418
2023-11-25 13:00:00-05:00,0.03906020996511557,True,0.19988997071700157,0.23895018068211715
2023-11-25 14:00:00-05:00,0.10688684943869936,True,0.15980187378432656,0.26668872322302595
2023-11-25 15:00:00-05:00,0.13448147410807146,True,0.07357426958467203,0.2080557436927435
2023-11-25 16:00:00-05:00,0.16502684099694537,True,-0.086395527611726,0.07863131338521936
2023-11-25 17:00:00-05:00,0.1157604952361036,True,-0.10908260337885885,0.006677891857244753
2023-11-25 18:00:00-05:00,-0.0009,True,0.0008999999999999991,-8.673617379884035e-19
2023-11-25 19:00:00-05:00,-0.0009,True,0.0008999999999999991,-8.673617379884035e-19
2023-11-25 20:00:00-05:00,-0.0009,True,0.0008999999999999991,-8.673617379884035e-19
2023-11-25 21:00:00-05:00,-0.0009,True,0.0008999999999999991,-8.673617379884035e-19
2023-11-25 22:00:00-05:00,-0.0009,True,0.0008999999999999991,-8.673617379884035e-19
2023-11-25 23:00:00-05:00,-0.0009,True,0.0008999999999999991,-8.673617379884035e-19
2023-11-26 00:00:00-05:00,-0.0009,True,0.000900000000000002,2.0599841277224584e-18
2023-11-26 01:00:00-05:00,-0.0009,True,0.000900000000000002,2.0599841277224584e-18
2023-11-26 02:00:00-05:00,-0.0009,True,0.000900000000000002,2.0599841277224584e-18
2023-11-26 03:00:00-05:00,-0.0009,True,0.000900000000000002,2.0599841277224584e-18
2023-11-26 04:00:00-05:00,-0.0009,True,0.000900000000000002,2.0599841277224584e-18
2023-11-26 05:00:00-05:00,-0.0009,True,0.000900000000000002,2.0599841277224584e-18
2023-11-26 06:00:00-05:00,-0.0009,True,0.000900000000000002,2.0599841277224584e-18
2023-11-26 07:00:00-05:00,-0.0009,True,0.0013686595937505597,0.00046865959375055975
2023-11-26 08:00:00-05:00,-0.0009,True,0.04821651361987768,0.04731651361987768
2023-11-26 09:00:00-05:00,-0.0009,True,0.08748069841197703,0.08658069841197703
2023-11-26 10:00:00-05:00,-0.0009,True,0.10256745388459823,0.10166745388459823
2023-11-26 11:00:00-05:00,-0.0009,True,0.1025813748929492,0.1016813748929492
2023-11-26 12:00:00-05:00,-0.0009,True,0.09465085312319094,0.09375085312319094
2023-11-26 13:00:00-05:00,0.18233820109582552,True,0.1151074325255901,0.29744563362141563
2023-11-26 14:00:00-05:00,0.21962074637729448,True,0.05308898602784845,0.27270973240514296
2023-11-26 15:00:00-05:00,0.199766843484632,True,-0.004366013682253185,0.19540082980237883
2023-11-26 16:00:00-05:00,0.04359811404198185,True,0.012987791146963799,0.05658590518894565
2023-11-26 17:00:00-05:00,0.0765400059031628,True,-0.0743021496842931,0.0022378562188696965
2023-11-26 18:00:00-05:00,0.016836915581696314,True,-0.01117211036229511,0.005664805219401204
2023-11-26 19:00:00-05:00,-0.0009,True,0.0008999999999999991,-8.673617379884035e-19
2023-11-26 20:00:00-05:00,-0.0009,True,0.0008999999999999991,-8.673617379884035e-19
2023-11-26 21:00:00-05:00,-0.0009,True,0.0008999999999999991,-8.673617379884035e-19
2023-11-26 22:00:00-05:00,-0.0009,True,0.0008999999999999991,-8.673617379884035e-19
2023-11-26 23:00:00-05:00,-0.0009,True,0.0008999999999999991,-8.673617379884035e-19
2023-11-27 00:00:00-05:00,-0.0009,True,0.000900000000000002,2.0599841277224584e-18
2023-11-27 01:00:00-05:00,-0.0009,True,0.000900000000000002,2.0599841277224584e-18
2023-11-27 02:00:00-05:00,-0.0009,True,0.000900000000000002,2.0599841277224584e-18
2023-11-27 03:00:00-05:00,-0.0009,True,0.000900000000000002,2.0599841277224584e-18
2023-11-27 04:00:00-05:00,-0.0009,True,0.000900000000000002,2.0599841277224584e-18
2023-11-27 05:00:00-05:00,-0.0009,True,0.000900000000000002,2.0599841277224584e-18
2023-11-27 06:00:00-05:00,-0.0009,True,0.000900000000000002,2.0599841277224584e-18
2023-11-27 07:00:00-05:00,-0.0009,True,0.001310258326226396,0.0004102583262263961
2023-11-27 08:00:00-05:00,-0.0009,True,0.06941313725620428,0.06851313725620428
2023-11-27 09:00:00-05:00,-0.0009,True,0.13936037842109153,0.13846037842109152
2023-11-27 10:00:00-05:00,-0.0009,True,0.1921541679424679,0.19125416794246788
2023-11-27 11:00:00-05:00,-0.0009,True,0.2097613488539964,0.20886134885399638
2023-11-27 12:00:00-05:00,-0.0009,True,0.21455218027511044,0.21365218027511043
2023-11-27 13:00:00-05:00,0.17236576412065555,True,0.13953464728282142,0.31190041140347696
2023-11-27 14:00:00-05:00,0.22060365739069335,True,0.044775000014522975,0.2653786574052163
2023-11-27 15:00:00-05:00,0.20658602858944974,True,0.00250395487734343,0.20908998346679317
2023-11-27 16:00:00-05:00,0.10823996336024286,True,-0.02798983653126414,0.08025012682897872
2023-11-27 17:00:00-05:00,0.129182136228152,True,-0.10721642328492091,0.02196571294323109
2023-11-27 18:00:00-05:00,0.09613578908666971,True,-0.09760516719854286,-0.001469378111873143
2023-11-27 19:00:00-05:00,0.043673718023174726,True,-0.042940591375189525,0.0007331266479852008
2023-11-27 20:00:00-05:00,-0.0009,True,0.0008999999999999991,-8.673617379884035e-19
2023-11-27 21:00:00-05:00,0.007499038451409568,True,-0.0042797467384923125,0.0032192917129172556
2023-11-27 22:00:00-05:00,-0.0009,True,0.0008999999999999991,-8.673617379884035e-19
2023-11-27 23:00:00-05:00,-0.0009,True,0.0008999999999999991,-8.673617379884035e-19
2023-11-28 00:00:00-05:00,-0.0009,True,0.000900000000000002,2.0599841277224584e-18
2023-11-28 01:00:00-05:00,-0.0009,True,0.000900000000000002,2.0599841277224584e-18
2023-11-28 02:00:00-05:00,-0.0009,True,0.000900000000000002,2.0599841277224584e-18
2023-11-28 03:00:00-05:00,-0.0009,True,0.000900000000000002,2.0599841277224584e-18
2023-11-28 04:00:00-05:00,-0.0009,True,0.000900000000000002,2.0599841277224584e-18
2023-11-28 05:00:00-05:00,-0.0009,True,0.000900000000000002,2.0599841277224584e-18
2023-11-28 06:00:00-05:00,-0.0009,True,0.000900000000000002,2.0599841277224584e-18
2023-11-28 07:00:00-05:00,-0.0009,True,0.001315196487620607,0.0004151964876206069
2023-11-28 08:00:00-05:00,-0.0009,True,0.07039941483264162,0.06949941483264162
2023-11-28 09:00:00-05:00,-0.0009,True,0.16348918545639923,0.16258918545639922
2023-11-28 10:00:00-05:00,-0.0009,True,0.28034889509915706,0.27944889509915705
2023-11-28 11:00:00-05:00,-0.0009,True,0.3448953239684684,0.3439953239684684
2023-11-28 12:00:00-05:00,-0.0009,True,0.34679225359930593,0.3458922535993059
2023-11-28 13:00:00-05:00,0.0070073115317204285,True,0.32125170388009655,0.32825901541181696
2023-11-28 14:00:00-05:00,0.22813218650047876,True,0.04879031037581509,0.27692249687629383
2023-11-28 15:00:00-05:00,0.1292645628529934,True,0.08016492451553074,0.20942948736852413
2023-11-28 16:00:00-05:00,0.041139117656730166,True,0.0027103862445020986,0.04384950390123227
2023-11-28 17:00:00-05:00,0.128773668182958,True,-0.10372136342307853,0.025052304759879462
2023-11-28 18:00:00-05:00,0.0863877136871989,True,-0.09620271354055443,-0.00981499985335553
2023-11-28 19:00:00-05:00,0.0827975310393667,True,-0.09050427606956704,-0.007706745030200343
2023-11-28 20:00:00-05:00,-0.0009,True,0.0008999999999999991,-8.673617379884035e-19
2023-11-28 21:00:00-05:00,-0.0009,True,0.0008999999999999991,-8.673617379884035e-19
2023-11-28 22:00:00-05:00,-0.0009,True,0.0008999999999999991,-8.673617379884035e-19
2023-11-28 23:00:00-05:00,-0.0009,True,0.0008999999999999991,-8.673617379884035e-19
2023-11-29 00:00:00-05:00,-0.0009,True,0.0009292363729181819,2.923637291818188e-05
2023-11-29 01:00:00-05:00,-0.0009,True,0.0009292363729181819,2.923637291818188e-05
2023-11-29 02:00:00-05:00,-0.0009,True,0.0009292363729181819,2.923637291818188e-05
2023-11-29 03:00:00-05:00,-0.0009,True,0.0009292363729181819,2.923637291818188e-05
2023-11-29 04:00:00-05:00,-0.0009,True,0.0009292363729181819,2.923637291818188e-05
2023-11-29 05:00:00-05:00,-0.0009,True,0.0009292363729181819,2.923637291818188e-05
2023-11-29 06:00:00-05:00,-0.0009,True,0.0009292363729181819,2.923637291818188e-05
2023-11-29 07:00:00-05:00,-0.0009,True,0.0014645339027156662,0.0005645339027156662
2023-11-29 08:00:00-05:00,-0.0009,True,0.06949802277505751,0.06859802277505751
2023-11-29 09:00:00-05:00,-0.0009,True,0.16627881321527127,0.16537881321527126
2023-11-29 10:00:00-05:00,-0.0009,True,0.28577047590471755,0.28487047590471753
2023-11-29 11:00:00-05:00,-0.0009,True,0.3569776269183803,0.3560776269183803
2023-11-29 12:00:00-05:00,-0.0009,True,0.36573508154911244,0.3648350815491124
2023-11-29 13:00:00-05:00,0.1974027581809239,True,0.16142881264175146,0.35883157082267536
2023-11-29 14:00:00-05:00,0.23640332856657623,True,0.045635503887593895,0.2820388324541701
2023-11-29 15:00:00-05:00,0.2151562599964196,True,-0.009554809073412227,0.20560145092300738
2023-11-29 16:00:00-05:00,0.1720558224758445,True,-0.08329018735980703,0.08876563511603747
2023-11-29 17:00:00-05:00,0.12456235823823693,True,-0.10515404273377543,0.019408315504461496
2023-11-29 18:00:00-05:00,-0.0009,True,0.0008999999999999991,-8.673617379884035e-19
2023-11-29 19:00:00-05:00,-0.0009,True,0.0008999999999999991,-8.673617379884035e-19
2023-11-29 20:00:00-05:00,-0.0009,True,0.0008999999999999991,-8.673617379884035e-19
2023-11-29 21:00:00-05:00,0.008509638937091807,True,-0.0060518008289937265,0.0024578381080980803
2023-11-29 22:00:00-05:00,-0.0009,True,0.0008999999999999991,-8.673617379884035e-19
2023-11-29 23:00:00-05:00,-0.0009,True,0.0008999999999999991,-8.673617379884035e-19
2023-11-30 00:00:00-05:00,-0.0009,True,0.0009292363729181819,2.923637291818188e-05
2023-11-30 01:00:00-05:00,-0.0009,True,0.000900000000000002,2.0599841277224584e-18
2023-11-30 02:00:00-05:00,-0.0009,True,0.000900000000000002,2.0599841277224584e-18
2023-11-30 03:00:00-05:00,-0.0009,True,0.000900000000000002,2.0599841277224584e-18
2023-11-30 04:00:00-05:00,-0.0009,True,0.000900000000000002,2.0599841277224584e-18
2023-11-30 05:00:00-05:00,-0.0009,True,0.000900000000000002,2.0599841277224584e-18
2023-11-30 06:00:00-05:00,-0.0009,True,0.000900000000000002,2.0599841277224584e-18
2023-11-30 07:00:00-05:00,-0.0009,True,0.0013325189813100926,0.00043251898131009265
2023-11-30 08:00:00-05:00,-0.0009,True,0.06529620050817052,0.06439620050817052
2023-11-30 09:00:00-05:00,-0.0009,True,0.15525006810871742,0.1543500681087174
2023-11-30 10:00:00-05:00,-0.0009,True,0.269021757278203,0.268121757278203
2023-11-30 11:00:00-05:00,-0.0009,True,0.3405582636007642,0.3396582636007642
2023-11-30 12:00:00-05:00,-0.0009,True,0.3266662514432558,0.32576625144325577
2023-11-30 13:00:00-05:00,0.1934444271892588,True,0.1411452708601044,0.3345896980493632
2023-11-30 14:00:00-05:00,0.1530803855814485,True,0.09891709657924927,0.2519974821606978
2023-11-30 15:00:00-05:00,0.17780376174829793,True,0.03651522897246274,0.21431899072076066
2023-11-30 16:00:00-05:00,0.1601679924538514,True,-0.06249601733722149,0.09767197511662992
2023-11-30 17:00:00-05:00,0.1673613129937044,True,-0.14069289376411612,0.02666841922958829
2023-11-30 18:00:00-05:00,0.049944432795493,True,-0.04695397259454852,0.0029904602009444836
2023-11-30 19:00:00-05:00,0.0428995964859118,True,-0.04005931540083923,0.002840281085072574
2023-11-30 20:00:00-05:00,0.022717140239890903,True,-0.020442207463540963,0.0022749327763499395
2023-11-30 21:00:00-05:00,0.006519964803372312,True,-0.005850056622446086,0.0006699081809262257
2023-11-30 22:00:00-05:00,-0.0009,True,0.0008999999999999991,-8.673617379884035e-19
2023-11-30 23:00:00-05:00,-0.0009,True,0.0008999999999999991,-8.673617379884035e-19
2023-12-01 00:00:00-05:00,-0.0009,True,0.000900000000000002,2.0599841277224584e-18
2023-12-01 01:00:00-05:00,-0.0009,True,0.000900000000000002,2.0599841277224584e-18
2023-12-01 02:00:00-05:00,-0.0009,True,0.000900000000000002,2.0599841277224584e-18
2023-12-01 03:00:00-05:00,-0.0009,True,0.000900000000000002,2.0599841277224584e-18
2023-12-01 04:00:00-05:00,-0.0009,True,0.000900000000000002,2.0599841277224584e-18
2023-12-01 05:00:00-05:00,-0.0009,True,0.000900000000000002,2.0599841277224584e-18
2023-12-01 06:00:00-05:00,-0.0009,True,0.000900000000000002,2.0599841277224584e-18
2023-12-01 07:00:00-05:00,-0.0009,True,0.0009222589295611658,2.2258929561165823e-05
2023-12-01 08:00:00-05:00,-0.0009,True,0.05106014164108061,0.05016014164108061
2023-12-01 09:00:00-05:00,-0.0009,True,0.12092361401576675,0.12002361401576675
2023-12-01 10:00:00-05:00,-0.0009,True,0.16445338850912655,0.16355338850912654
2023-12-01 11:00:00-05:00,-0.0009,True,0.18808232100288438,0.18718232100288437
2023-12-01 12:00:00-05:00,-0.0009,True,0.18249937054594362,0.1815993705459436
2023-12-01 13:00:00-05:00,-0.0009,True,0.18492301642706654,0.18402301642706653
2023-12-01 14:00:00-05:00,0.013539283867773517,True,0.17179907921451829,0.1853383630822918
2023-12-01 15:00:00-05:00,0.022080110815897214,True,0.1142558382645367,0.13633594908043392
2023-12-01 16:00:00-05:00,0.018058397112697973,True,0.021063464620620635,0.03912186173331861
2023-12-01 17:00:00-05:00,0.005486266817662761,True,-0.004622755771162545,0.000863511046500216
2023-12-01 18:00:00-05:00,-0.0009,True,0.0008999999999999991,-8.673617379884035e-19
2023-12-01 19:00:00-05:00,-0.0009,True,0.0008999999999999991,-8.673617379884035e-19
2023-12-01 20:00:00-05:00,-0.0009,True,0.0008999999999999991,-8.673617379884035e-19
2023-12-01 21:00:00-05:00,-0.0009,True,0.0008999999999999991,-8.673617379884035e-19
2023-12-01 22:00:00-05:00,-0.0009,True,0.0008999999999999991,-8.673617379884035e-19
2023-12-01 23:00:00-05:00,-0.0009,True,0.0008999999999999991,-8.673617379884035e-19
2023-12-02 00:00:00-05:00,-0.0009,True,0.000900000000000002,2.0599841277224584e-18
2023-12-02 01:00:00-05:00,-0.0009,True,0.000900000000000002,2.0599841277224584e-18
2023-12-02 02:00:00-05:00,-0.0009,True,0.000900000000000002,2.0599841277224584e-18
2023-12-02 03:00:00-05:00,-0.0009,True,0.000900000000000002,2.0599841277224584e-18
2023-12-02 04:00:00-05:00,-0.0009,True,0.000900000000000002,2.0599841277224584e-18
2023-12-02 05:00:00-05:00,-0.0009,True,0.000900000000000002,2.0599841277224584e-18
2023-12-02 06:00:00-05:00,-0.0009,True,0.000900000000000002,2.0599841277224584e-18
2023-12-02 07:00:00-05:00,-0.0009,True,0.0011485567862388744,0.0002485567862388744
2023-12-02 08:00:00-05:00,-0.0009,True,0.04779071717131583,0.046890717171315835
2023-12-02 09:00:00-05:00,-0.0009,True,0.11804592835635302,0.11714592835635303
2023-12-02 10:00:00-05:00,-0.0009,True,0.20502463976133956,0.20412463976133954
2023-12-02 11:00:00-05:00,-0.0009,True,0.2897063433546406,0.2888063433546406
2023-12-02 12:00:00-05:00,-0.0009,True,0.29693166098391605,0.29603166098391603
2023-12-02 13:00:00-05:00,0.010110949500669777,True,0.28125017048106465,0.2913611199817344
2023-12-02 14:00:00-05:00,0.008856035168966402,True,0.2559643894183898,0.26482042458735616
2023-12-02 15:00:00-05:00,-0.0009,True,0.18425838177134948,0.18335838177134947
2023-12-02 16:00:00-05:00,0.013846228800339802,True,0.025331302366146984,0.039177531166486784
2023-12-02 17:00:00-05:00,0.019693168654733625,True,-0.018925571386458315,0.00076759726827531
2023-12-02 18:00:00-05:00,0.05784418897545512,True,-0.05876622344424072,-0.0009220344687856027
2023-12-02 19:00:00-05:00,0.027633736429056498,True,-0.02597902878795051,0.001654707641105986
2023-12-02 20:00:00-05:00,-0.0009,True,0.0008999999999999991,-8.673617379884035e-19
2023-12-02 21:00:00-05:00,-0.0009,True,0.0008999999999999991,-8.673617379884035e-19
2023-12-02 22:00:00-05:00,-0.0009,True,0.0008999999999999991,-8.673617379884035e-19
2023-12-02 23:00:00-05:00,-0.0009,True,0.0008999999999999991,-8.673617379884035e-19
2023-12-03 00:00:00-05:00,-0.0009,True,0.000900000000000002,2.0599841277224584e-18
2023-12-03 01:00:00-05:00,-0.0009,True,0.000900000000000002,2.0599841277224584e-18
2023-12-03 02:00:00-05:00,-0.0009,True,0.000900000000000002,2.0599841277224584e-18
2023-12-03 03:00:00-05:00,-0.0009,True,0.000900000000000002,2.0599841277224584e-18
2023-12-03 04:00:00-05:00,-0.0009,True,0.000900000000000002,2.0599841277224584e-18
2023-12-03 05:00:00-05:00,-0.0009,True,0.000900000000000002,2.0599841277224584e-18
2023-12-03 06:00:00-05:00,-0.0009,True,0.000900000000000002,2.0599841277224584e-18
2023-12-03 07:00:00-05:00,-0.0009,True,0.001116979097819977,0.00021697909781997712
2023-12-03 08:00:00-05:00,-0.0009,True,0.04180939083329589,0.040909390833295894
2023-12-03 09:00:00-05:00,-0.0009,True,0.11566805736849516,0.11476805736849516
2023-12-03 10:00:00-05:00,-0.0009,True,0.1698762902336079,0.16897629023360788
2023-12-03 11:00:00-05:00,-0.0009,True,0.17839756539137927,0.17749756539137926
2023-12-03 12:00:00-05:00,-0.0009,True,0.17501685529290206,0.17411685529290205
2023-12-03 13:00:00-05:00,-0.0009,True,0.15828157154052458,0.15738157154052457
2023-12-03 14:00:00-05:00,0.02388037749876483,True,0.16321943574551426,0.1870998132442791
2023-12-03 15:00:00-05:00,0.050569510856261546,True,0.0808631849113715,0.13143269576763306
2023-12-03 16:00:00-05:00,0.04240338582251416,True,0.012044795175468226,0.05444818099798239
2023-12-03 17:00:00-05:00,0.029670816782805084,True,-0.021518823311788327,0.008151993471016757
2023-12-03 18:00:00-05:00,0.053039494525976116,True,-0.04734926026403115,0.005690234261944968
2023-12-03 19:00:00-05:00,0.035200903279623996,True,-0.034276590483336276,0.0009243127962877198
2023-12-03 20:00:00-05:00,0.02351904027135918,True,-0.023677816498545456,-0.0001587762271862761
2023-12-03 21:00:00-05:00,-0.0009,True,0.0008999999999999991,-8.673617379884035e-19
2023-12-03 22:00:00-05:00,-0.0009,True,0.0008999999999999991,-8.673617379884035e-19
2023-12-03 23:00:00-05:00,-0.0009,True,0.0008999999999999991,-8.673617379884035e-19
2023-12-04 00:00:00-05:00,-0.0009,True,0.000900000000000002,2.0599841277224584e-18
2023-12-04 01:00:00-05:00,-0.0009,True,0.000900000000000002,2.0599841277224584e-18
2023-12-04 02:00:00-05:00,-0.0009,True,0.000900000000000002,2.0599841277224584e-18
2023-12-04 03:00:00-05:00,-0.0009,True,0.000900000000000002,2.0599841277224584e-18
2023-12-04 04:00:00-05:00,-0.0009,True,0.000900000000000002,2.0599841277224584e-18
2023-12-04 05:00:00-05:00,-0.0009,True,0.000900000000000002,2.0599841277224584e-18
2023-12-04 06:00:00-05:00,-0.0009,True,0.000900000000000002,2.0599841277224584e-18
2023-12-04 07:00:00-05:00,-0.0009,True,0.0009426519389868716,4.265193898687165e-05
2023-12-04 08:00:00-05:00,-0.0009,True,0.05342877320552428,0.05252877320552428
2023-12-04 09:00:00-05:00,-0.0009,True,0.13847415663867702,0.137574156638677
2023-12-04 10:00:00-05:00,-0.0009,True,0.23010664835173633,0.22920664835173632
2023-12-04 11:00:00-05:00,-0.0009,True,0.3069930993636551,0.3060930993636551
2023-12-04 12:00:00-05:00,-0.0009,True,0.3157883776213645,0.3148883776213645
2023-12-04 13:00:00-05:00,0.006052123563984718,True,0.3015041407829908,0.3075562643469755
2023-12-04 14:00:00-05:00,0.11041794766654625,True,0.18031425685431576,0.290732204520862
2023-12-04 15:00:00-05:00,0.1519443460668141,True,0.045505980250873844,0.19745032631768794
2023-12-04 16:00:00-05:00,0.0582625595809476,True,-0.04997289339774189,0.008289666183205709
2023-12-04 17:00:00-05:00,0.09488212434308273,True,-0.09151519534083766,0.00336692900224507
2023-12-04 18:00:00-05:00,0.06731215875295468,True,-0.06784389624533005,-0.000531737492375367
2023-12-04 19:00:00-05:00,0.048932368149728886,True,-0.04937509601661185,-0.0004427278668829651
2023-12-04 20:00:00-05:00,0.022500443669254137,True,-0.021231195257341504,0.001269248411912633
2023-12-04 21:00:00-05:00,0.005400843054853378,True,-0.005435617477922653,-3.477442306927536e-05
2023-12-04 22:00:00-05:00,-0.0009,True,0.0008999999999999991,-8.673617379884035e-19
2023-12-04 23:00:00-05:00,-0.0009,True,0.0008999999999999991,-8.673617379884035e-19
2023-12-05 00:00:00-05:00,-0.0009,True,0.000900000000000002,2.0599841277224584e-18
2023-12-05 01:00:00-05:00,-0.0009,True,0.000900000000000002,2.0599841277224584e-18
2023-12-05 02:00:00-05:00,-0.0009,True,0.000900000000000002,2.0599841277224584e-18
2023-12-05 03:00:00-05:00,-0.0009,True,0.000900000000000002,2.0599841277224584e-18
2023-12-05 04:00:00-05:00,-0.0009,True,0.000900000000000002,2.0599841277224584e-18
2023-12-05 05:00:00-05:00,-0.0009,True,0.000900000000000002,2.0599841277224584e-18
2023-12-05 06:00:00-05:00,-0.0009,True,0.000900000000000002,2.0599841277224584e-18
2023-12-05 07:00:00-05:00,-0.0009,True,0.000899999999999999,-9.75781955236954e-19
2023-12-05 08:00:00-05:00,-0.0009,True,0.05194088902416119,0.05104088902416119
2023-12-05 09:00:00-05:00,-0.0009,True,0.149105301899488,0.148205301899488
2023-12-05 10:00:00-05:00,-0.0009,True,0.23049320354554304,0.22959320354554302
2023-12-05 11:00:00-05:00,-0.0009,True,0.29631405692373747,0.29541405692373746
2023-12-05 12:00:00-05:00,-0.0009,True,0.30512698060897564,0.30422698060897563
2023-12-05 13:00:00-05:00,0.012365461153723507,True,0.27465582911358727,0.28702129026731077
2023-12-05 14:00:00-05:00,0.03421521327665428,True,0.16644768102873267,0.20066289430538695
2023-12-05 15:00:00-05:00,0.07959486707498414,True,0.11201208480989706,0.1916069518848812
2023-12-05 16:00:00-05:00,0.1388031891682315,True,-0.056440798019862355,0.08236239114836916
2023-12-05 17:00:00-05:00,0.06671946957712703,True,-0.06319286807842706,0.0035266014986999744
2023-12-05 18:00:00-05:00,0.07161497556576878,True,-0.06913452531906987,0.0024804502466989065
2023-12-05 19:00:00-05:00,0.039099436053226015,True,-0.038206063535600326,0.0008933725176256888
2023-12-05 20:00:00-05:00,0.014576374218924446,True,-0.014274865828750068,0.00030150839017437786
2023-12-05 21:00:00-05:00,0.006242239600177225,True,-0.00502221523360644,0.0012200243665707851
2023-12-05 22:00:00-05:00,-0.0009,True,0.0008999999999999991,-8.673617379884035e-19
2023-12-05 23:00:00-05:00,-0.0009,True,0.0008999999999999991,-8.673617379884035e-19
2023-12-06 00:00:00-05:00,-0.0009,True,0.000900000000000002,2.0599841277224584e-18
2023-12-06 01:00:00-05:00,-0.0009,True,0.000900000000000002,2.0599841277224584e-18
2023-12-06 02:00:00-05:00,-0.0009,True,0.000900000000000002,2.0599841277224584e-18
2023-12-06 03:00:00-05:00,-0.0009,True,0.000900000000000002,2.0599841277224584e-18
2023-12-06 04:00:00-05:00,-0.0009,True,0.000900000000000002,2.0599841277224584e-18
2023-12-06 05:00:00-05:00,-0.0009,True,0.000900000000000002,2.0599841277224584e-18
2023-12-06 06:00:00-05:00,-0.0009,True,0.0009000000000000019,1.951563910473908e-18
2023-12-06 07:00:00-05:00,-0.0009,True,0.0010255060288031732,0.00012550602880317323
2023-12-06 08:00:00-05:00,-0.0009,True,0.04153086038771067,0.040630860387710674
2023-12-06 09:00:00-05:00,-0.0009,True,0.14874338926613248,0.14784338926613247
2023-12-06 10:00:00-05:00,-0.0009,True,0.22081534458803703,0.21991534458803702
2023-12-06 11:00:00-05:00,-0.0009,True,0.2708125386169422,0.2699125386169422
2023-12-06 12:00:00-05:00,-0.0009,True,0.30069159506868176,0.29979159506868175
2023-12-06 13:00:00-05:00,-0.0009,True,0.2854011318930744,0.2845011318930744
2023-12-06 14:00:00-05:00,0.028633459027409217,True,0.16839008852473808,0.1970235475521473
2023-12-06 15:00:00-05:00,-0.0009,True,0.1980174976283913,0.19711749762839129
2023-12-06 16:00:00-05:00,0.05677191272050531,True,-0.022449674346905594,0.03432223837359971
2023-12-06 17:00:00-05:00,0.15787740849822765,True,-0.1369866082483788,0.02089080024984885
2023-12-06 18:00:00-05:00,0.06025124207668978,True,-0.059561724921092275,0.0006895171555975077
2023-12-06 19:00:00-05:00,0.01012563848526386,True,-0.009901979497418993,0.00022365898784486651
2023-12-06 20:00:00-05:00,-0.0009,True,0.0008999999999999991,-8.673617379884035e-19
2023-12-06 21:00:00-05:00,-0.0009,True,0.0008999999999999991,-8.673617379884035e-19
2023-12-06 22:00:00-05:00,-0.0009,True,0.0008999999999999991,-8.673617379884035e-19
2023-12-06 23:00:00-05:00,-0.0009,True,0.0008999999999999991,-8.673617379884035e-19
2023-12-07 00:00:00-05:00,-0.0009,True,0.000900000000000002,2.0599841277224584e-18
2023-12-07 01:00:00-05:00,-0.0009,True,0.000900000000000002,2.0599841277224584e-18
2023-12-07 02:00:00-05:00,-0.0009,True,0.000900000000000002,2.0599841277224584e-18
2023-12-07 03:00:00-05:00,-0.0009,True,0.000900000000000002,2.0599841277224584e-18
2023-12-07 04:00:00-05:00,-0.0009,True,0.000900000000000002,2.0599841277224584e-18
2023-12-07 05:00:00-05:00,-0.0009,True,0.000900000000000002,2.0599841277224584e-18
2023-12-07 06:00:00-05:00,-0.0009,True,0.000900000000000002,2.0599841277224584e-18
2023-12-07 07:00:00-05:00,-0.0009,True,0.0009118119062128858,1.1811906212885791e-05
2023-12-07 08:00:00-05:00,-0.0009,True,0.05342544181630223,0.05252544181630223
2023-12-07 09:00:00-05:00,-0.0009,True,0.15370751933364182,0.1528075193336418
2023-12-07 10:00:00-05:00,-0.0009,True,0.24986662109439284,0.24896662109439283
2023-12-07 11:00:00-05:00,-0.0009,True,0.2825733105406114,0.2816733105406114
2023-12-07 12:00:00-05:00,-0.0009,True,0.2857402787623575,0.2848402787623575
2023-12-07 13:00:00-05:00,-0.0009,True,0.29963531853070197,0.29873531853070195
2023-12-07 14:00:00-05:00,-0.0009,True,0.20492435702391235,0.20402435702391233
2023-12-07 15:00:00-05:00,-0.0009,True,0.19269934026174979,0.19179934026174977
2023-12-07 16:00:00-05:00,0.039672510248289515,True,0.003270021725738938,0.042942531974028454
2023-12-07 17:00:00-05:00,0.017650499361306707,True,-0.015216484899556362,0.0024340144617503445
2023-12-07 18:00:00-05:00,-0.0009,True,0.0008999999999999991,-8.673617379884035e-19
2023-12-07 19:00:00-05:00,-0.0009,True,0.0008999999999999991,-8.673617379884035e-19
2023-12-07 20:00:00-05:00,-0.0009,True,0.0008999999999999991,-8.673617379884035e-19
2023-12-07 21:00:00-05:00,-0.0009,True,0.0008999999999999991,-8.673617379884035e-19
2023-12-07 22:00:00-05:00,-0.0009,True,0.0008999999999999991,-8.673617379884035e-19
2023-12-07 23:00:00-05:00,-0.0009,True,0.0008999999999999991,-8.673617379884035e-19
2023-12-08 00:00:00-05:00,-0.0009,True,0.000900000000000002,2.0599841277224584e-18
2023-12-08 01:00:00-05:00,-0.0009,True,0.000900000000000002,2.0599841277224584e-18
2023-12-08 02:00:00-05:00,-0.0009,True,0.000900000000000002,2.0599841277224584e-18
2023-12-08 03:00:00-05:00,-0.0009,True,0.000900000000000002,2.0599841277224584e-18
2023-12-08 04:00:00-05:00,-0.0009,True,0.000900000000000002,2.0599841277224584e-18
2023-12-08 05:00:00-05:00,-0.0009,True,0.000900000000000002,2.0599841277224584e-18
2023-12-08 06:00:00-05:00,-0.0009,True,0.000900000000000002,2.0599841277224584e-18
2023-12-08 07:00:00-05:00,-0.0009,True,0.0010484108011499945,0.0001484108011499945
2023-12-08 08:00:00-05:00,-0.0009,True,0.04186546296815059,0.04096546296815059
2023-12-08 09:00:00-05:00,-0.0009,True,0.1184257146280149,0.11752571462801491
2023-12-08 10:00:00-05:00,-0.0009,True,0.14706776768335364,0.14616776768335363
2023-12-08 11:00:00-05:00,-0.0009,True,0.15633715280060753,0.15543715280060752
2023-12-08 12:00:00-05:00,-0.0009,True,0.1755113924291512,0.1746113924291512
2023-12-08 13:00:00-05:00,0.015169926937065545,True,0.17873256910968965,0.1939024960467552
2023-12-08 14:00:00-05:00,0.04928930359351807,True,0.1500203941085415,0.19930969770205959
2023-12-08 15:00:00-05:00,0.077423526318434,True,0.09974584565869177,0.17716937197712576
2023-12-08 16:00:00-05:00,0.1578683032618612,True,-0.08440320451469485,0.07346509874716634
2023-12-08 17:00:00-05:00,0.11574103091814128,True,-0.10353914130748486,0.012201889610656422
2023-12-08 18:00:00-05:00,-0.0009,True,0.0008999999999999991,-8.673617379884035e-19
2023-12-08 19:00:00-05:00,-0.0009,True,0.0008999999999999991,-8.673617379884035e-19
2023-12-08 20:00:00-05:00,0.023851340876965697,True,-0.019783011368688107,0.004068329508277589
2023-12-08 21:00:00-05:00,-0.0009,True,0.0008999999999999991,-8.673617379884035e-19
2023-12-08 22:00:00-05:00,-0.0009,True,0.0008999999999999991,-8.673617379884035e-19
2023-12-08 23:00:00-05:00,-0.0009,True,0.0008999999999999991,-8.673617379884035e-19
2023-12-09 00:00:00-05:00,-0.0009,True,0.000900000000000002,2.0599841277224584e-18
2023-12-09 01:00:00-05:00,-0.0009,True,0.000900000000000002,2.0599841277224584e-18
2023-12-09 02:00:00-05:00,-0.0009,True,0.000900000000000002,2.0599841277224584e-18
2023-12-09 03:00:00-05:00,-0.0009,True,0.000900000000000002,2.0599841277224584e-18
2023-12-09 04:00:00-05:00,-0.0009,True,0.000900000000000002,2.0599841277224584e-18
2023-12-09 05:00:00-05:00,-0.0009,True,0.000900000000000002,2.0599841277224584e-18
2023-12-09 06:00:00-05:00,-0.0009,True,0.000900000000000002,2.0599841277224584e-18
2023-12-09 07:00:00-05:00,-0.0009,True,0.0009210391866541246,2.1039186654124597e-05
2023-12-09 08:00:00-05:00,-0.0009,True,0.03752848474601869,0.036628484746018694
2023-12-09 09:00:00-05:00,-0.0009,True,0.11580686413592504,0.11490686413592505
2023-12-09 10:00:00-05:00,-0.0009,True,0.16956686948171928,0.16866686948171927
2023-12-09 11:00:00-05:00,-0.0009,True,0.1730014273488389,0.17210142734883888
2023-12-09 12:00:00-05:00,-0.0009,True,0.17792246217986357,0.17702246217986356
2023-12-09 13:00:00-05:00,0.008682267341177568,True,0.18898977132630673,0.1976720386674843
2023-12-09 14:00:00-05:00,-0.0009,True,0.15329743669104526,0.15239743669104525
2023-12-09 15:00:00-05:00,0.05295494230420591,True,0.10689100883865534,0.15984595114286124
2023-12-09 16:00:00-05:00,0.11388052268271052,True,-0.03607031603839089,0.07781020664431963
2023-12-09 17:00:00-05:00,0.1264666034620818,True,-0.10355613964153938,0.022910463820542418
2023-12-09 18:00:00-05:00,-0.0009,True,0.0008999999999999991,-8.673617379884035e-19
2023-12-09 19:00:00-05:00,0.06977863567701023,True,-0.06928379169086595,0.000494843986144286
2023-12-09 20:00:00-05:00,-0.0009,True,0.0008999999999999991,-8.673617379884035e-19
2023-12-09 21:00:00-05:00,-0.0009,True,0.0008999999999999991,-8.673617379884035e-19
2023-12-09 22:00:00-05:00,-0.0009,True,0.0008999999999999991,-8.673617379884035e-19
2023-12-09 23:00:00-05:00,-0.0009,True,0.0008999999999999991,-8.673617379884035e-19
2023-12-10 00:00:00-05:00,-0.0009,True,0.000900000000000002,2.0599841277224584e-18
2023-12-10 01:00:00-05:00,-0.0009,True,0.000900000000000002,2.0599841277224584e-18
2023-12-10 02:00:00-05:00,-0.0009,True,0.000900000000000002,2.0599841277224584e-18
2023-12-10 03:00:00-05:00,-0.0009,True,0.000900000000000002,2.0599841277224584e-18
2023-12-10 04:00:00-05:00,-0.0009,True,0.000900000000000002,2.0599841277224584e-18
2023-12-10 05:00:00-05:00,-0.0009,True,0.000900000000000002,2.0599841277224584e-18
2023-12-10 06:00:00-05:00,-0.0009,True,0.000900000000000002,2.0599841277224584e-18
2023-12-10 07:00:00-05:00,-0.0009,True,0.0011160171022819188,0.00021601710228191882
2023-12-10 08:00:00-05:00,-0.0009,True,0.04376654177099276,0.042866541770992764
2023-12-10 09:00:00-05:00,-0.0009,True,0.1084970192643722,0.1075970192643722
2023-12-10 10:00:00-05:00,-0.0009,True,0.1372744302961856,0.1363744302961856
2023-12-10 11:00:00-05:00,-0.0009,True,0.13734283978735706,0.13644283978735705
2023-12-10 12:00:00-05:00,-0.0009,True,0.13888193884718572,0.1379819388471857
2023-12-10 13:00:00-05:00,-0.0009,True,0.11332617783725092,0.11242617783725092
2023-12-10 14:00:00-05:00,-0.0009,True,0.09737908504747532,0.09647908504747532
2023-12-10 15:00:00-05:00,-0.0009,True,0.0753768229093994,0.0744768229093994
2023-12-10 16:00:00-05:00,-0.0009,True,0.028781182426960653,0.027881182426960652
2023-12-10 17:00:00-05:00,-0.0009,True,0.0015991277096609193,0.0006991277096609193
2023-12-10 18:00:00-05:00,-0.0009,True,0.0008999999999999991,-8.673617379884035e-19
2023-12-10 19:00:00-05:00,0.008152162321957365,True,-0.005751326982635374,0.0024008353393219902
2023-12-10 20:00:00-05:00,-0.0009,True,0.0008999999999999991,-8.673617379884035e-19
2023-12-10 21:00:00-05:00,-0.0009,True,0.0008999999999999991,-8.673617379884035e-19
2023-12-10 22:00:00-05:00,-0.0009,True,0.0008999999999999991,-8.673617379884035e-19
2023-12-10 23:00:00-05:00,-0.0009,True,0.0008999999999999991,-8.673617379884035e-19
2023-12-11 00:00:00-05:00,-0.0009,True,0.000900000000000002,2.0599841277224584e-18
2023-12-11 01:00:00-05:00,-0.0009,True,0.000900000000000002,2.0599841277224584e-18
2023-12-11 02:00:00-05:00,-0.0009,True,0.000900000000000002,2.0599841277224584e-18
2023-12-11 03:00:00-05:00,-0.0009,True,0.000900000000000002,2.0599841277224584e-18
2023-12-11 04:00:00-05:00,-0.0009,True,0.000900000000000002,2.0599841277224584e-18
2023-12-11 05:00:00-05:00,-0.0009,True,0.000900000000000002,2.0599841277224584e-18
2023-12-11 06:00:00-05:00,-0.0009,True,0.000900000000000002,2.0599841277224584e-18
2023-12-11 07:00:00-05:00,-0.0009,True,0.0009004865621180278,4.865621180278603e-07
2023-12-11 08:00:00-05:00,-0.0009,True,0.06066702330092239,0.059767023300922394
2023-12-11 09:00:00-05:00,-0.0009,True,0.16072982386761556,0.15982982386761554
2023-12-11 10:00:00-05:00,-0.0009,True,0.2393441163490967,0.23844411634909668
2023-12-11 11:00:00-05:00,-0.0009,True,0.30710322705851534,0.3062032270585153
2023-12-11 12:00:00-05:00,-0.0009,True,0.3298642851836541,0.3289642851836541
2023-12-11 13:00:00-05:00,0.16317663312753752,True,0.15351237659480138,0.31668900972233893
2023-12-11 14:00:00-05:00,0.22020193696250875,True,0.05366638801141271,0.27386832497392144
2023-12-11 15:00:00-05:00,0.20623504526013473,True,-0.004727845133042032,0.2015072001270927
2023-12-11 16:00:00-05:00,0.16719123960006313,True,-0.08848352550499876,0.07870771409506437
2023-12-11 17:00:00-05:00,0.10938888970298603,True,-0.09740865547939455,0.011980234223591485
2023-12-11 18:00:00-05:00,0.09103513041761256,True,-0.09502345698245071,-0.003988326564838149
2023-12-11 19:00:00-05:00,-0.0009,True,0.0008999999999999991,-8.673617379884035e-19
2023-12-11 20:00:00-05:00,-0.0009,True,0.0008999999999999991,-8.673617379884035e-19
2023-12-11 21:00:00-05:00,-0.0009,True,0.0008999999999999991,-8.673617379884035e-19
2023-12-11 22:00:00-05:00,-0.0009,True,0.0008999999999999991,-8.673617379884035e-19
2023-12-11 23:00:00-05:00,-0.0009,True,0.0008999999999999991,-8.673617379884035e-19
2023-12-12 00:00:00-05:00,-0.0009,True,0.000900000000000002,2.0599841277224584e-18
2023-12-12 01:00:00-05:00,-0.0009,True,0.000900000000000002,2.0599841277224584e-18
2023-12-12 02:00:00-05:00,-0.0009,True,0.000900000000000002,2.0599841277224584e-18
2023-12-12 03:00:00-05:00,-0.0009,True,0.000900000000000002,2.0599841277224584e-18
2023-12-12 04:00:00-05:00,-0.0009,True,0.000900000000000002,2.0599841277224584e-18
2023-12-12 05:00:00-05:00,-0.0009,True,0.000900000000000002,2.0599841277224584e-18
2023-12-12 06:00:00-05:00,-0.0009,True,0.000900000000000002,2.0599841277224584e-18
2023-12-12 07:00:00-05:00,-0.0009,True,0.001007455265282252,0.00010745526528225212
2023-12-12 08:00:00-05:00,-0.0009,True,0.061179947589347645,0.06027994758934765
2023-12-12 09:00:00-05:00,-0.0009,True,0.1562995478020482,0.15539954780204818
2023-12-12 10:00:00-05:00,-0.0009,True,0.25352337753733795,0.25262337753733793
2023-12-12 11:00:00-05:00,-0.0009,True,0.33489782942728036,0.33399782942728035
2023-12-12 12:00:00-05:00,-0.0009,True,0.34792187370805727,0.34702187370805726
2023-12-12 13:00:00-05:00,0.1777481867967265,True,0.15169627124520102,0.3294444580419275
2023-12-12 14:00:00-05:00,0.22593851985549784,True,0.05677109039953975,0.2827096102550376
2023-12-12 15:00:00-05:00,0.2086531849037459,True,-0.022326851104658898,0.186326333799087
2023-12-12 16:00:00-05:00,0.16768405037621018,True,-0.08917421974072522,0.07850983063548496
2023-12-12 17:00:00-05:00,0.12457507763194035,True,-0.11047465398588362,0.014100423646056737
2023-12-12 18:00:00-05:00,-0.0009,True,0.0008999999999999991,-8.673617379884035e-19
2023-12-12 19:00:00-05:00,-0.0009,True,0.0008999999999999991,-8.673617379884035e-19
2023-12-12 20:00:00-05:00,-0.0009,True,0.0008999999999999991,-8.673617379884035e-19
2023-12-12 21:00:00-05:00,-0.0009,True,0.0008999999999999991,-8.673617379884035e-19
2023-12-12 22:00:00-05:00,-0.0009,True,0.0008999999999999991,-8.673617379884035e-19
2023-12-12 23:00:00-05:00,-0.0009,True,0.0008999999999999991,-8.673617379884035e-19
2023-12-13 00:00:00-05:00,-0.0009,True,0.0009425077962381057,4.250779623810573e-05
2023-12-13 01:00:00-05:00,-0.0009,True,0.0009318808471785797,3.1880847178579756e-05
2023-12-13 02:00:00-05:00,-0.0009,True,0.0009318808471785797,3.1880847178579756e-05
2023-12-13 03:00:00-05:00,-0.0009,True,0.0009318808471785797,3.1880847178579756e-05
2023-12-13 04:00:00-05:00,-0.0009,True,0.0009318808471785797,3.1880847178579756e-05
2023-12-13 05:00:00-05:00,-0.0009,True,0.0009000000000000018,1.8431436932253575e-18
2023-12-13 06:00:00-05:00,-0.0009,True,0.0009000000000000018,1.8431436932253575e-18
2023-12-13 07:00:00-05:00,-0.0009,True,0.0011929658309347336,0.00029296583093473363
2023-12-13 08:00:00-05:00,-0.0009,True,0.0632009198774509,0.0623009198774509
2023-12-13 09:00:00-05:00,-0.0009,True,0.1562998683736306,0.1553998683736306
2023-12-13 10:00:00-05:00,-0.0009,True,0.25973382508275156,0.25883382508275155
2023-12-13 11:00:00-05:00,-0.0009,True,0.3395555537680678,0.3386555537680678
2023-12-13 12:00:00-05:00,-0.0009,True,0.34078725828350515,0.33988725828350513
2023-12-13 13:00:00-05:00,-0.0009,True,0.31064298844554733,0.3097429884455473
2023-12-13 14:00:00-05:00,0.033229605888273166,True,0.17362455564923343,0.2068541615375066
2023-12-13 15:00:00-05:00,0.14158205308018132,True,0.08007793071152855,0.22165998379170987
2023-12-13 16:00:00-05:00,0.16535006771917782,True,-0.08498044530270808,0.08036962241646974
2023-12-13 17:00:00-05:00,0.15394086721668576,True,-0.1343356388115282,0.01960522840515755
2023-12-13 18:00:00-05:00,0.07222920798689575,True,-0.07285814253003635,-0.0006289345431405996
2023-12-13 19:00:00-05:00,0.06202918563437095,True,-0.06275797315878058,-0.0007287875244096284
2023-12-13 20:00:00-05:00,0.03729821917685055,True,-0.037964278941415935,-0.0006660597645653868
2023-12-13 21:00:00-05:00,-0.0009,True,0.0008999999999999991,-8.673617379884035e-19
2023-12-13 22:00:00-05:00,-0.0009,True,0.0008999999999999991,-8.673617379884035e-19
2023-12-13 23:00:00-05:00,-0.0009,True,0.0008999999999999991,-8.673617379884035e-19
2023-12-14 00:00:00-05:00,-0.0009,True,0.0009000000000000018,1.8431436932253575e-18
2023-12-14 01:00:00-05:00,-0.0009,True,0.0009000000000000018,1.8431436932253575e-18
2023-12-14 02:00:00-05:00,-0.0009,True,0.0009000000000000018,1.8431436932253575e-18
2023-12-14 03:00:00-05:00,-0.0009,True,0.0009000000000000018,1.8431436932253575e-18
2023-12-14 04:00:00-05:00,-0.0009,True,0.0009000000000000018,1.8431436932253575e-18
2023-12-14 05:00:00-05:00,-0.0009,True,0.0009000000000000018,1.8431436932253575e-18
2023-12-14 06:00:00-05:00,-0.0009,True,0.0009000000000000018,1.8431436932253575e-18
2023-12-14 07:00:00-05:00,-0.0009,True,0.0012183549457391591,0.00031835494573915915
2023-12-14 08:00:00-05:00,-0.0009,True,0.06506263181520695,0.06416263181520696
2023-12-14 09:00:00-05:00,-0.0009,True,0.1582374553480176,0.1573374553480176
2023-12-14 10:00:00-05:00,-0.0009,True,0.24446000521769531,0.2435600052176953
2023-12-14 11:00:00-05:00,-0.0009,True,0.32482149726595744,0.3239214972659574
2023-12-14 12:00:00-05:00,-0.0009,True,0.24765138529156705,0.24675138529156704
2023-12-14 13:00:00-05:00,0.17271329678936354,True,0.12478068937590134,0.2974939861652649
2023-12-14 14:00:00-05:00,0.21925318182571543,True,0.05141130588390125,0.2706644877096167
2023-12-14 15:00:00-05:00,0.20224291966081717,True,-0.00817616124575226,0.1940667584150649
2023-12-14 16:00:00-05:00,0.15956057301313498,True,-0.06624183845148685,0.09331873456164813
2023-12-14 17:00:00-05:00,0.1184220775601913,True,-0.11354833413240821,0.0048737434277830866
2023-12-14 18:00:00-05:00,-0.0009,True,0.0008999999999999991,-8.673617379884035e-19
2023-12-14 19:00:00-05:00,-0.0009,True,0.0008999999999999991,-8.673617379884035e-19
2023-12-14 20:00:00-05:00,-0.0009,True,0.0008999999999999991,-8.673617379884035e-19
2023-12-14 21:00:00-05:00,-0.0009,True,0.0008999999999999991,-8.673617379884035e-19
2023-12-14 22:00:00-05:00,-0.0009,True,0.0008999999999999991,-8.673617379884035e-19
2023-12-14 23:00:00-05:00,-0.0009,True,0.0008999999999999991,-8.673617379884035e-19
2023-12-15 00:00:00-05:00,-0.0009,True,0.0009106269490595277,1.0626949059527706e-05
2023-12-15 01:00:00-05:00,-0.0009,True,0.0009000000000000018,1.8431436932253575e-18
2023-12-15 02:00:00-05:00,-0.0009,True,0.0009000000000000018,1.8431436932253575e-18
2023-12-15 03:00:00-05:00,-0.0009,True,0.0009000000000000018,1.8431436932253575e-18
2023-12-15 04:00:00-05:00,-0.0009,True,0.0009000000000000018,1.8431436932253575e-18
2023-12-15 05:00:00-05:00,-0.0009,True,0.0009000000000000018,1.8431436932253575e-18
2023-12-15 06:00:00-05:00,-0.0009,True,0.0009000000000000018,1.8431436932253575e-18
2023-12-15 07:00:00-05:00,-0.0009,True,0.0012020781994525893,0.0003020781994525893
2023-12-15 08:00:00-05:00,-0.0009,True,0.06350339646906754,0.06260339646906754
2023-12-15 09:00:00-05:00,-0.0009,True,0.16116778100326884,0.16026778100326883
2023-12-15 10:00:00-05:00,-0.0009,True,0.2641389088505565,0.2632389088505565
2023-12-15 11:00:00-05:00,-0.0009,True,0.3332780195511857,0.3323780195511857
2023-12-15 12:00:00-05:00,-0.0009,True,0.34904167814355685,0.34814167814355684
2023-12-15 13:00:00-05:00,0.16168786568543628,True,0.16480093612853922,0.3264888018139755
2023-12-15 14:00:00-05:00,0.2159314802022835,True,0.056851929826129376,0.2727834100284129
2023-12-15 15:00:00-05:00,0.20040730060076428,True,-0.012339112900952395,0.18806818769981187
2023-12-15 16:00:00-05:00,0.15949626816765614,True,-0.0868435667068168,0.07265270146083934
2023-12-15 17:00:00-05:00,0.1213754463447119,True,-0.11129418122747381,0.010081265117238086
2023-12-15 18:00:00-05:00,-0.0009,True,0.0008999999999999991,-8.673617379884035e-19
2023-12-15 19:00:00-05:00,-0.0009,True,0.0008999999999999991,-8.673617379884035e-19
2023-12-15 20:00:00-05:00,-0.0009,True,0.0008999999999999991,-8.673617379884035e-19
2023-12-15 21:00:00-05:00,-0.0009,True,0.0008999999999999991,-8.673617379884035e-19
2023-12-15 22:00:00-05:00,-0.0009,True,0.0008999999999999991,-8.673617379884035e-19
2023-12-15 23:00:00-05:00,-0.0009,True,0.0008999999999999991,-8.673617379884035e-19
2023-12-16 00:00:00-05:00,-0.0009,True,0.0009318808471785797,3.1880847178579756e-05
2023-12-16 01:00:00-05:00,-0.0009,True,0.0009318808471785797,3.1880847178579756e-05
2023-12-16 02:00:00-05:00,-0.0009,True,0.0009318808471785797,3.1880847178579756e-05
2023-12-16 03:00:00-05:00,-0.0009,True,0.0009318808471785797,3.1880847178579756e-05
2023-12-16 04:00:00-05:00,-0.0009,True,0.0009318808471785797,3.1880847178579756e-05
2023-12-16 05:00:00-05:00,-0.0009,True,0.0009318808471785797,3.1880847178579756e-05
2023-12-16 06:00:00-05:00,-0.0009,True,0.0009000000000000018,1.8431436932253575e-18
2023-12-16 07:00:00-05:00,-0.0009,True,0.001198792718460261,0.0002987927184602611
2023-12-16 08:00:00-05:00,-0.0009,True,0.06144716445062704,0.06054716445062704
2023-12-16 09:00:00-05:00,-0.0009,True,0.16988591763048333,0.16898591763048332
2023-12-16 10:00:00-05:00,-0.0009,True,0.2304807546022597,0.22958075460225968
2023-12-16 11:00:00-05:00,-0.0009,True,0.26252662515835373,0.2616266251583537
2023-12-16 12:00:00-05:00,-0.0009,True,0.2648613340969001,0.2639613340969001
2023-12-16 13:00:00-05:00,0.015988980996057035,True,0.21887753357349687,0.2348665145695539
2023-12-16 14:00:00-05:00,0.12290541391743691,True,0.13564839144131524,0.25855380535875216
2023-12-16 15:00:00-05:00,0.19815302419675546,True,-0.01008147325702236,0.1880715509397331
2023-12-16 16:00:00-05:00,0.14760276982214207,True,-0.0532179816165143,0.09438478820562776
2023-12-16 17:00:00-05:00,0.15534558013365404,True,-0.13664729574981377,0.018698284383840275
2023-12-16 18:00:00-05:00,0.02998112508546066,True,-0.021437647798748526,0.008543477286712134
2023-12-16 19:00:00-05:00,0.04624918602315215,True,-0.0372772300494418,0.008971955973710352
2023-12-16 20:00:00-05:00,0.027047755534887395,True,-0.02077088223113178,0.006276873303755613
2023-12-16 21:00:00-05:00,0.008140908000719052,True,-0.0058296461072846854,0.0023112618934343666
2023-12-16 22:00:00-05:00,-0.0009,True,0.0008999999999999991,-8.673617379884035e-19
2023-12-16 23:00:00-05:00,-0.0009,True,0.0008999999999999991,-8.673617379884035e-19
2023-12-17 00:00:00-05:00,-0.0009,True,0.0009531347452976316,5.313474529763159e-05
2023-12-17 01:00:00-05:00,-0.0009,True,0.0009531347452976316,5.313474529763159e-05
2023-12-17 02:00:00-05:00,-0.0009,True,0.0009531347452976316,5.313474529763159e-05
2023-12-17 03:00:00-05:00,-0.0009,True,0.0009425077962381057,4.250779623810573e-05
2023-12-17 04:00:00-05:00,-0.0009,True,0.0009425077962381057,4.250779623810573e-05
2023-12-17 05:00:00-05:00,-0.0009,True,0.0009425077962381057,4.250779623810573e-05
2023-12-17 06:00:00-05:00,-0.0009,True,0.000900000000000002,2.0599841277224584e-18
2023-12-17 07:00:00-05:00,-0.0009,True,0.0010474636262517963,0.00014746362625179632
2023-12-17 08:00:00-05:00,-0.0009,True,0.04491572092384809,0.04401572092384809
2023-12-17 09:00:00-05:00,-0.0009,True,0.1546716199000816,0.1537716199000816
2023-12-17 10:00:00-05:00,-0.0009,True,0.15881675944039977,0.15791675944039976
2023-12-17 11:00:00-05:00,-0.0009,True,0.15463476289992403,0.15373476289992402
2023-12-17 12:00:00-05:00,-0.0009,True,0.15291065616152097,0.15201065616152096
2023-12-17 13:00:00-05:00,-0.0009,True,0.14849508577245626,0.14759508577245625
2023-12-17 14:00:00-05:00,-0.0009,True,0.1303613865210087,0.1294613865210087
2023-12-17 15:00:00-05:00,0.019488396912046197,True,0.0880850170541843,0.10757341396623049
2023-12-17 16:00:00-05:00,0.030386022563391357,True,0.017567143677804806,0.047953166241196166
2023-12-17 17:00:00-05:00,0.022604561719339045,True,-0.01254432467979444,0.010060237039544605
2023-12-17 18:00:00-05:00,-0.0009,True,0.0008999999999999991,-8.673617379884035e-19
2023-12-17 19:00:00-05:00,-0.0009,True,0.0008999999999999991,-8.673617379884035e-19
2023-12-17 20:00:00-05:00,0.008503049425051663,True,-0.006843853373710291,0.001659196051341372
2023-12-17 21:00:00-05:00,-0.0009,True,0.0008999999999999991,-8.673617379884035e-19
2023-12-17 22:00:00-05:00,-0.0009,True,0.0008999999999999991,-8.673617379884035e-19
2023-12-17 23:00:00-05:00,-0.0009,True,0.0008999999999999991,-8.673617379884035e-19
2023-12-18 00:00:00-05:00,-0.0009,True,0.000900000000000002,2.0599841277224584e-18
2023-12-18 01:00:00-05:00,-0.0009,True,0.000900000000000002,2.0599841277224584e-18
2023-12-18 02:00:00-05:00,-0.0009,True,0.000900000000000002,2.0599841277224584e-18
2023-12-18 03:00:00-05:00,-0.0009,True,0.0009621112881618774,6.211128816187739e-05
2023-12-18 04:00:00-05:00,-0.0009,True,0.0009621112881618774,6.211128816187739e-05
2023-12-18 05:00:00-05:00,-0.0009,True,0.0009621112881618774,6.211128816187739e-05
2023-12-18 06:00:00-05:00,-0.0009,True,0.0009621112881618774,6.211128816187739e-05
2023-12-18 07:00:00-05:00,-0.0009,True,0.00141410837938283,0.0005141083793828299
2023-12-18 08:00:00-05:00,-0.0009,True,0.03714833351614888,0.03624833351614888
2023-12-18 09:00:00-05:00,-0.0009,True,0.10930110777402616,0.10840110777402616
2023-12-18 10:00:00-05:00,-0.0009,True,0.13753567762309524,0.13663567762309523
2023-12-18 11:00:00-05:00,-0.0009,True,0.18182755627123404,0.18092755627123402
2023-12-18 12:00:00-05:00,-0.0009,True,0.24789089617110527,0.24699089617110526
2023-12-18 13:00:00-05:00,-0.0009,True,0.26324910133209334,0.2623491013320933
2023-12-18 14:00:00-05:00,-0.0009,True,0.18976991654859732,0.1888699165485973
2023-12-18 15:00:00-05:00,0.06611956354062466,True,0.09919735450997108,0.16531691805059573
2023-12-18 16:00:00-05:00,0.14060894213064629,True,-0.05404874895843261,0.08656019317221367
2023-12-18 17:00:00-05:00,0.1458497976533434,True,-0.10828467986868712,0.03756511778465629
2023-12-18 18:00:00-05:00,0.05362683543583093,True,-0.04992074487920087,0.0037060905566300636
2023-12-18 19:00:00-05:00,0.05981831422055958,True,-0.05916548170188843,0.0006528325186711537
2023-12-18 20:00:00-05:00,0.01897859799787311,True,-0.019409449292437996,-0.00043085129456488583
2023-12-18 21:00:00-05:00,0.0072657689496797686,True,-0.0049854337415721,0.0022803352081076688
2023-12-18 22:00:00-05:00,-0.0009,True,0.0008999999999999991,-8.673617379884035e-19
2023-12-18 23:00:00-05:00,-0.0009,True,0.0008999999999999991,-8.673617379884035e-19
2023-12-19 00:00:00-05:00,-0.0009,True,0.000900000000000002,2.0599841277224584e-18
2023-12-19 01:00:00-05:00,-0.0009,True,0.000900000000000002,2.0599841277224584e-18
2023-12-19 02:00:00-05:00,-0.0009,True,0.000900000000000002,2.0599841277224584e-18
2023-12-19 03:00:00-05:00,-0.0009,True,0.000900000000000002,2.0599841277224584e-18
2023-12-19 04:00:00-05:00,-0.0009,True,0.000900000000000002,2.0599841277224584e-18
2023-12-19 05:00:00-05:00,-0.0009,True,0.000900000000000002,2.0599841277224584e-18
2023-12-19 06:00:00-05:00,-0.0009,True,0.000900000000000002,2.0599841277224584e-18
2023-12-19 07:00:00-05:00,-0.0009,True,0.001280327931096565,0.00038032793109656505
2023-12-19 08:00:00-05:00,-0.0009,True,0.0722536319314659,0.0713536319314659
2023-12-19 09:00:00-05:00,-0.0009,True,0.16031661835108488,0.15941661835108487
2023-12-19 10:00:00-05:00,-0.0009,True,0.24082780246892707,0.23992780246892706
2023-12-19 11:00:00-05:00,-0.0009,True,0.32420882691066405,0.32330882691066404
2023-12-19 12:00:00-05:00,-0.0009,True,0.342098213403063,0.341198213403063
2023-12-19 13:00:00-05:00,0.13724631782477978,True,0.1834067044266747,0.3206530222514545
2023-12-19 14:00:00-05:00,0.20603374032826394,True,0.09111886366008694,0.29715260398835086
2023-12-19 15:00:00-05:00,0.0621831604324874,True,0.10568746247406434,0.16787062290655175
2023-12-19 16:00:00-05:00,0.04008442403463579,True,0.0033021729455678856,0.043386596980203675
2023-12-19 17:00:00-05:00,0.027465567072877783,True,-0.026755340356501605,0.0007102267163761784
2023-12-19 18:00:00-05:00,0.04458024512807023,True,-0.03929389653927473,0.005286348588795502
2023-12-19 19:00:00-05:00,0.018015284945730087,True,-0.017887749685383213,0.00012753526034687407
2023-12-19 20:00:00-05:00,0.012220324638278206,True,-0.009985705832745334,0.002234618805532872
2023-12-19 21:00:00-05:00,0.006522901223373406,True,-0.005206526219411582,0.0013163750039618238
2023-12-19 22:00:00-05:00,-0.0009,True,0.0008999999999999991,-8.673617379884035e-19
2023-12-19 23:00:00-05:00,-0.0009,True,0.0008999999999999991,-8.673617379884035e-19
2023-12-20 00:00:00-05:00,-0.0009,True,0.000900000000000002,2.0599841277224584e-18
2023-12-20 01:00:00-05:00,-0.0009,True,0.000900000000000002,2.0599841277224584e-18
2023-12-20 02:00:00-05:00,-0.0009,True,0.000900000000000002,2.0599841277224584e-18
2023-12-20 03:00:00-05:00,-0.0009,True,0.0009000000000000018,1.8431436932253575e-18
2023-12-20 04:00:00-05:00,-0.0009,True,0.0009000000000000018,1.8431436932253575e-18
2023-12-20 05:00:00-05:00,-0.0009,True,0.0009000000000000018,1.8431436932253575e-18
2023-12-20 06:00:00-05:00,-0.0009,True,0.0009000000000000018,1.8431436932253575e-18
2023-12-20 07:00:00-05:00,-0.0009,True,0.0015741114183471896,0.0006741114183471896
2023-12-20 08:00:00-05:00,-0.0009,True,0.0723427777877583,0.0714427777877583
2023-12-20 09:00:00-05:00,-0.0009,True,0.16403125653194067,0.16313125653194066
2023-12-20 10:00:00-05:00,-0.0009,True,0.25637999559144975,0.25547999559144974
2023-12-20 11:00:00-05:00,-0.0009,True,0.31207237374880914,0.31117237374880913
2023-12-20 12:00:00-05:00,-0.0009,True,0.3271156634694038,0.3262156634694038
2023-12-20 13:00:00-05:00,0.16354670644314453,True,0.17999256236712124,0.34353926881026575
2023-12-20 14:00:00-05:00,0.21828040534653326,True,0.05748529665276903,0.2757657019993023
2023-12-20 15:00:00-05:00,0.20496632269435813,True,-0.010104819496156334,0.1948615031982018
2023-12-20 16:00:00-05:00,0.16366428584313927,True,-0.09028099886522539,0.07338328697791388
2023-12-20 17:00:00-05:00,0.13504752330556993,True,-0.11409158011841695,0.02095594318715298
2023-12-20 18:00:00-05:00,-0.0009,True,0.0008999999999999991,-8.673617379884035e-19
2023-12-20 19:00:00-05:00,-0.0009,True,0.0008999999999999991,-8.673617379884035e-19
2023-12-20 20:00:00-05:00,-0.0009,True,0.0008999999999999991,-8.673617379884035e-19
2023-12-20 21:00:00-05:00,-0.0009,True,0.0008999999999999991,-8.673617379884035e-19
2023-12-20 22:00:00-05:00,-0.0009,True,0.0008999999999999991,-8.673617379884035e-19
2023-12-20 23:00:00-05:00,-0.0009,True,0.0008999999999999991,-8.673617379884035e-19
2023-12-21 00:00:00-05:00,-0.0009,True,0.0009000000000000018,1.8431436932253575e-18
2023-12-21 01:00:00-05:00,-0.0009,True,0.0009000000000000018,1.8431436932253575e-18
2023-12-21 02:00:00-05:00,-0.0009,True,0.0009000000000000018,1.8431436932253575e-18
2023-12-21 03:00:00-05:00,-0.0009,True,0.0009000000000000018,1.8431436932253575e-18
2023-12-21 04:00:00-05:00,-0.0009,True,0.0009000000000000018,1.8431436932253575e-18
2023-12-21 05:00:00-05:00,-0.0009,True,0.0009000000000000018,1.8431436932253575e-18
2023-12-21 06:00:00-05:00,-0.0009,True,0.0009000000000000018,1.8431436932253575e-18
2023-12-21 07:00:00-05:00,-0.0009,True,0.0015781269584485616,0.0006781269584485617
2023-12-21 08:00:00-05:00,-0.0009,True,0.07266798659628085,0.07176798659628085
2023-12-21 09:00:00-05:00,-0.0009,True,0.1630554678461426,0.1621554678461426
2023-12-21 10:00:00-05:00,-0.0009,True,0.22635144363885248,0.22545144363885247
2023-12-21 11:00:00-05:00,-0.0009,True,0.23337885267056027,0.23247885267056026
2023-12-21 12:00:00-05:00,-0.0009,True,0.2294392604988116,0.2285392604988116
2023-12-21 13:00:00-05:00,0.13905445149223158,True,0.13301510347007361,0.2720695549623052
2023-12-21 14:00:00-05:00,0.20611407831552034,True,0.0819335711054791,0.2880476494209994
2023-12-21 15:00:00-05:00,0.09689185519146572,True,0.0826566738715811,0.1795485290630468
2023-12-21 16:00:00-05:00,0.16657112439269878,True,-0.08121388199770509,0.08535724239499369
2023-12-21 17:00:00-05:00,0.15403119952542518,True,-0.13733584062213866,0.016695358903286522
2023-12-21 18:00:00-05:00,0.08791788093226634,True,-0.09509900685601198,-0.007181125923745646
2023-12-21 19:00:00-05:00,0.0721287788818208,True,-0.07106272479743471,0.0010660540843860922
2023-12-21 20:00:00-05:00,0.04305102807967764,True,-0.040843128628906905,0.0022078994507707325
2023-12-21 21:00:00-05:00,-0.0009,True,0.0008999999999999991,-8.673617379884035e-19
2023-12-21 22:00:00-05:00,-0.0009,True,0.0008999999999999991,-8.673617379884035e-19
2023-12-21 23:00:00-05:00,-0.0009,True,0.0008999999999999991,-8.673617379884035e-19
2023-12-22 00:00:00-05:00,-0.0009,True,0.0009212538981190535,2.125389811905357e-05
2023-12-22 01:00:00-05:00,-0.0009,True,0.0009212538981190535,2.125389811905357e-05
2023-12-22 02:00:00-05:00,-0.0009,True,0.0009212538981190537,2.1253898119053677e-05
2023-12-22 03:00:00-05:00,-0.0009,True,0.0009212538981190537,2.1253898119053677e-05
2023-12-22 04:00:00-05:00,-0.0009,True,0.0009212538981190537,2.1253898119053677e-05
2023-12-22 05:00:00-05:00,-0.0009,True,0.0009212538981190537,2.1253898119053677e-05
2023-12-22 06:00:00-05:00,-0.0009,True,0.0009106269490595277,1.0626949059527706e-05
2023-12-22 07:00:00-05:00,-0.0009,True,0.001606081699243933,0.000706081699243933
2023-12-22 08:00:00-05:00,-0.0009,True,0.0518477560117839,0.050947756011783904
2023-12-22 09:00:00-05:00,-0.0009,True,0.1627101843495419,0.1618101843495419
2023-12-22 10:00:00-05:00,-0.0009,True,0.2474133818548068,0.24651338185480678
2023-12-22 11:00:00-05:00,-0.0009,True,0.2872347512002412,0.2863347512002412
2023-12-22 12:00:00-05:00,-0.0009,True,0.29543678117277583,0.2945367811727758
2023-12-22 13:00:00-05:00,-0.0009,True,0.27545642090060346,0.27455642090060345
2023-12-22 14:00:00-05:00,0.03468035558193346,True,0.1579637589476437,0.19264411452957717
2023-12-22 15:00:00-05:00,0.1958559835387023,True,0.014717558973061172,0.21057354251176347
2023-12-22 16:00:00-05:00,0.1715740460338933,True,-0.07726918132637939,0.09430486470751392
2023-12-22 17:00:00-05:00,0.17351276523867665,True,-0.1449849644166323,0.02852780082204434
2023-12-22 18:00:00-05:00,0.0851333581106677,True,-0.09225376809644485,-0.0071204099857771486
2023-12-22 19:00:00-05:00,0.056688836927396985,True,-0.047918314031698925,0.00877052289569806
2023-12-22 20:00:00-05:00,-0.0009,True,0.0008999999999999991,-8.673617379884035e-19
2023-12-22 21:00:00-05:00,-0.0009,True,0.0008999999999999991,-8.673617379884035e-19
2023-12-22 22:00:00-05:00,-0.0009,True,0.0008999999999999991,-8.673617379884035e-19
2023-12-22 23:00:00-05:00,-0.0009,True,0.0008999999999999991,-8.673617379884035e-19
2023-12-23 00:00:00-05:00,-0.0009,True,0.0009212538981190537,2.1253898119053677e-05
2023-12-23 01:00:00-05:00,-0.0009,True,0.0009212538981190537,2.1253898119053677e-05
2023-12-23 02:00:00-05:00,-0.0009,True,0.0009212538981190537,2.1253898119053677e-05
2023-12-23 03:00:00-05:00,-0.0009,True,0.0009212538981190537,2.1253898119053677e-05
2023-12-23 04:00:00-05:00,-0.0009,True,0.0009212538981190537,2.1253898119053677e-05
2023-12-23 05:00:00-05:00,-0.0009,True,0.0009212538981190537,2.1253898119053677e-05
2023-12-23 06:00:00-05:00,-0.0009,True,0.0009212538981190537,2.1253898119053677e-05
2023-12-23 07:00:00-05:00,-0.0009,True,0.0016217053867306087,0.0007217053867306087
2023-12-23 08:00:00-05:00,-0.0009,True,0.056169798291845104,0.055269798291845106
2023-12-23 09:00:00-05:00,-0.0009,True,0.145086481537853,0.144186481537853
2023-12-23 10:00:00-05:00,-0.0009,True,0.20656108865797448,0.20566108865797447
2023-12-23 11:00:00-05:00,-0.0009,True,0.2160738345093489,0.21517383450934888
2023-12-23 12:00:00-05:00,-0.0009,True,0.21731212299461017,0.21641212299461016
2023-12-23 13:00:00-05:00,-0.0009,True,0.20471475203481324,0.20381475203481322
2023-12-23 14:00:00-05:00,0.0330089687338942,True,0.132883793993061,0.1658927627269552
2023-12-23 15:00:00-05:00,0.056645218120497574,True,0.0788851655168681,0.13553038363736566
2023-12-23 16:00:00-05:00,0.11457388693457439,True,-0.03459892187343576,0.07997496506113863
2023-12-23 17:00:00-05:00,0.10675315665950329,True,-0.09479273891622256,0.01196041774328073
2023-12-23 18:00:00-05:00,0.06135311348721911,True,-0.0619642096279614,-0.0006110961407422844
2023-12-23 19:00:00-05:00,0.048269251593053085,True,-0.04000310267781991,0.008266148915233175
2023-12-23 20:00:00-05:00,0.012456536482569208,True,-0.009409247237401662,0.003047289245167546
2023-12-23 21:00:00-05:00,-0.0009,True,0.0008999999999999991,-8.673617379884035e-19
2023-12-23 22:00:00-05:00,-0.0009,True,0.0008999999999999991,-8.673617379884035e-19
2023-12-23 23:00:00-05:00,-0.0009,True,0.0008999999999999991,-8.673617379884035e-19
2023-12-24 00:00:00-05:00,-0.0009,True,0.0009531347452976316,5.313474529763159e-05
2023-12-24 01:00:00-05:00,-0.0009,True,0.0009531347452976316,5.313474529763159e-05
2023-12-24 02:00:00-05:00,-0.0009,True,0.0009531347452976316,5.313474529763159e-05
2023-12-24 03:00:00-05:00,-0.0009,True,0.0009531347452976316,5.313474529763159e-05
2023-12-24 04:00:00-05:00,-0.0009,True,0.0009531347452976316,5.313474529763159e-05
2023-12-24 05:00:00-05:00,-0.0009,True,0.0009531347452976316,5.313474529763159e-05
2023-12-24 06:00:00-05:00,-0.0009,True,0.0009531347452976316,5.313474529763159e-05
2023-12-24 07:00:00-05:00,-0.0009,True,0.00165154054528919,0.0007515405452891901
2023-12-24 08:00:00-05:00,-0.0009,True,0.051791095299362766,0.05089109529936277
2023-12-24 09:00:00-05:00,-0.0009,True,0.1322483024708076,0.1313483024708076
2023-12-24 10:00:00-05:00,-0.0009,True,0.20996804824419257,0.20906804824419256
2023-12-24 11:00:00-05:00,-0.0009,True,0.22132874240879993,0.22042874240879992
2023-12-24 12:00:00-05:00,-0.0009,True,0.22302946820156852,0.2221294682015685
2023-12-24 13:00:00-05:00,-0.0009,True,0.23526426345098087,0.23436426345098085
2023-12-24 14:00:00-05:00,0.007519055638089758,True,0.1960817022766914,0.20360075791478116
2023-12-24 15:00:00-05:00,0.01839599310089049,True,0.12938021838722066,0.14777621148811115
2023-12-24 16:00:00-05:00,0.051407179312015515,True,-0.006472071333425723,0.044935107978589794
2023-12-24 17:00:00-05:00,0.03821376266494829,True,-0.03614484456837197,0.0020689180965763193
2023-12-24 18:00:00-05:00,0.04886562064738656,True,-0.047199561629909986,0.0016660590174765733
2023-12-24 19:00:00-05:00,0.044350278810994674,True,-0.037149945476141054,0.00720033333485362
2023-12-24 20:00:00-05:00,0.007078863712086449,True,-0.005752917629307863,0.0013259460827785858
2023-12-24 21:00:00-05:00,-0.0009,True,0.0008999999999999991,-8.673617379884035e-19
2023-12-24 22:00:00-05:00,-0.0009,True,0.0008999999999999991,-8.673617379884035e-19
2023-12-24 23:00:00-05:00,-0.0009,True,0.0008999999999999991,-8.673617379884035e-19
2023-12-25 00:00:00-05:00,-0.0009,True,0.0009531347452976316,5.313474529763159e-05
2023-12-25 01:00:00-05:00,-0.0009,True,0.0009531347452976316,5.313474529763159e-05
2023-12-25 02:00:00-05:00,-0.0009,True,0.0009531347452976316,5.313474529763159e-05
2023-12-25 03:00:00-05:00,-0.0009,True,0.000900000000000002,2.0599841277224584e-18
2023-12-25 04:00:00-05:00,-0.0009,True,0.000900000000000002,2.0599841277224584e-18
2023-12-25 05:00:00-05:00,-0.0009,True,0.000900000000000002,2.0599841277224584e-18
2023-12-25 06:00:00-05:00,-0.0009,True,0.000900000000000002,2.0599841277224584e-18
2023-12-25 07:00:00-05:00,-0.0009,True,0.00165154054528919,0.0007515405452891901
2023-12-25 08:00:00-05:00,-0.0009,True,0.0497250086504919,0.0488250086504919
2023-12-25 09:00:00-05:00,-0.0009,True,0.14556221660672797,0.14466221660672796
2023-12-25 10:00:00-05:00,-0.0009,True,0.20207415268393597,0.20117415268393596
2023-12-25 11:00:00-05:00,-0.0009,True,0.21356335605262783,0.21266335605262782
2023-12-25 12:00:00-05:00,-0.0009,True,0.24614578312620336,0.24524578312620335
2023-12-25 13:00:00-05:00,-0.0009,True,0.2449938939484533,0.2440938939484533
2023-12-25 14:00:00-05:00,0.029659578680409127,True,0.17102142353246808,0.2006810022128772
2023-12-25 15:00:00-05:00,0.07547032103848834,True,0.09536704887505712,0.17083736991354548
2023-12-25 16:00:00-05:00,0.08139435170800788,True,-0.024120956580666354,0.057273395127341524
2023-12-25 17:00:00-05:00,0.10206516093261009,True,-0.09272103832142822,0.009344122611181865
2023-12-25 18:00:00-05:00,-0.0009,True,0.0008999999999999991,-8.673617379884035e-19
2023-12-25 19:00:00-05:00,0.06233427694447603,True,-0.06497469640145885,-0.0026404194569828177
2023-12-25 20:00:00-05:00,0.038660133693689126,True,-0.03196349033276398,0.006696643360925146
2023-12-25 21:00:00-05:00,-0.0009,True,0.0008999999999999991,-8.673617379884035e-19
2023-12-25 22:00:00-05:00,-0.0009,True,0.0008999999999999991,-8.673617379884035e-19
2023-12-25 23:00:00-05:00,-0.0009,True,0.0008999999999999991,-8.673617379884035e-19
2023-12-26 00:00:00-05:00,-0.0009,True,0.000900000000000002,2.0599841277224584e-18
2023-12-26 01:00:00-05:00,-0.0009,True,0.000900000000000002,2.0599841277224584e-18
2023-12-26 02:00:00-05:00,-0.0009,True,0.000900000000000002,2.0599841277224584e-18
2023-12-26 03:00:00-05:00,-0.0009,True,0.000900000000000002,2.0599841277224584e-18
2023-12-26 04:00:00-05:00,-0.0009,True,0.000900000000000002,2.0599841277224584e-18
2023-12-26 05:00:00-05:00,-0.0009,True,0.000900000000000002,2.0599841277224584e-18
2023-12-26 06:00:00-05:00,-0.0009,True,0.000900000000000002,2.0599841277224584e-18
2023-12-26 07:00:00-05:00,-0.0009,True,0.0013402332677874345,0.00044023326778743453
2023-12-26 08:00:00-05:00,-0.0009,True,0.04872049952979791,0.04782049952979791
2023-12-26 09:00:00-05:00,-0.0009,True,0.12279533115061579,0.1218953311506158
2023-12-26 10:00:00-05:00,-0.0009,True,0.16559537951595835,0.16469537951595833
2023-12-26 11:00:00-05:00,-0.0009,True,0.18133067857012428,0.18043067857012426
2023-12-26 12:00:00-05:00,-0.0009,True,0.18072536119349147,0.17982536119349146
2023-12-26 13:00:00-05:00,-0.0009,True,0.1792211829873469,0.1783211829873469
2023-12-26 14:00:00-05:00,-0.0009,True,0.15071343954954433,0.14981343954954432
2023-12-26 15:00:00-05:00,0.042572954593552474,True,0.08864584076668885,0.13121879536024134
2023-12-26 16:00:00-05:00,0.02620731205634712,True,0.021796155392627824,0.04800346744897495
2023-12-26 17:00:00-05:00,0.02514458741465719,True,-0.015201807220213586,0.009942780194443604
2023-12-26 18:00:00-05:00,-0.0009,True,0.0008999999999999991,-8.673617379884035e-19
2023-12-26 19:00:00-05:00,-0.0009,True,0.0008999999999999991,-8.673617379884035e-19
2023-12-26 20:00:00-05:00,-0.0009,True,0.0008999999999999991,-8.673617379884035e-19
2023-12-26 21:00:00-05:00,-0.0009,True,0.0008999999999999991,-8.673617379884035e-19
2023-12-26 22:00:00-05:00,-0.0009,True,0.0008999999999999991,-8.673617379884035e-19
2023-12-26 23:00:00-05:00,-0.0009,True,0.0008999999999999991,-8.673617379884035e-19
2023-12-27 00:00:00-05:00,-0.0009,True,0.000900000000000002,2.0599841277224584e-18
2023-12-27 01:00:00-05:00,-0.0009,True,0.000900000000000002,2.0599841277224584e-18
2023-12-27 02:00:00-05:00,-0.0009,True,0.000900000000000002,2.0599841277224584e-18
2023-12-27 03:00:00-05:00,-0.0009,True,0.000900000000000002,2.0599841277224584e-18
2023-12-27 04:00:00-05:00,-0.0009,True,0.000900000000000002,2.0599841277224584e-18
2023-12-27 05:00:00-05:00,-0.0009,True,0.000900000000000002,2.0599841277224584e-18
2023-12-27 06:00:00-05:00,-0.0009,True,0.000900000000000002,2.0599841277224584e-18
2023-12-27 07:00:00-05:00,-0.0009,True,0.0015760299158292259,0.0006760299158292259
2023-12-27 08:00:00-05:00,-0.0009,True,0.05122562357664566,0.05032562357664566
2023-12-27 09:00:00-05:00,-0.0009,True,0.11608444881225649,0.11518444881225649
2023-12-27 10:00:00-05:00,-0.0009,True,0.16010589904108705,0.15920589904108703
2023-12-27 11:00:00-05:00,-0.0009,True,0.16825365994164987,0.16735365994164986
2023-12-27 12:00:00-05:00,-0.0009,True,0.1693750548711753,0.16847505487117528
2023-12-27 13:00:00-05:00,-0.0009,True,0.16506846171009587,0.16416846171009586
2023-12-27 14:00:00-05:00,-0.0009,True,0.13157319988353408,0.13067319988353407
2023-12-27 15:00:00-05:00,-0.0009,True,0.10715742333544322,0.10625742333544322
2023-12-27 16:00:00-05:00,-0.0009,True,0.018634916008696486,0.017734916008696484
2023-12-27 17:00:00-05:00,-0.0009,True,0.0015991277096609193,0.0006991277096609193
2023-12-27 18:00:00-05:00,-0.0009,True,0.0008999999999999991,-8.673617379884035e-19
2023-12-27 19:00:00-05:00,0.0226655769671893,True,-0.013521551452241503,0.009144025514947798
2023-12-27 20:00:00-05:00,-0.0009,True,0.0008999999999999991,-8.673617379884035e-19
2023-12-27 21:00:00-05:00,-0.0009,True,0.0008999999999999991,-8.673617379884035e-19
2023-12-27 22:00:00-05:00,-0.0009,True,0.0008999999999999991,-8.673617379884035e-19
2023-12-27 23:00:00-05:00,-0.0009,True,0.0008999999999999991,-8.673617379884035e-19
2023-12-28 00:00:00-05:00,-0.0009,True,0.000900000000000002,2.0599841277224584e-18
2023-12-28 01:00:00-05:00,-0.0009,True,0.000900000000000002,2.0599841277224584e-18
2023-12-28 02:00:00-05:00,-0.0009,True,0.000900000000000002,2.0599841277224584e-18
2023-12-28 03:00:00-05:00,-0.0009,True,0.000900000000000002,2.0599841277224584e-18
2023-12-28 04:00:00-05:00,-0.0009,True,0.000900000000000002,2.0599841277224584e-18
2023-12-28 05:00:00-05:00,-0.0009,True,0.0009000000000000019,1.951563910473908e-18
2023-12-28 06:00:00-05:00,-0.0009,True,0.0009000000000000019,1.951563910473908e-18
2023-12-28 07:00:00-05:00,-0.0009,True,0.0014955090203982197,0.0005955090203982197
2023-12-28 08:00:00-05:00,-0.0009,True,0.05040593968317888,0.04950593968317888
2023-12-28 09:00:00-05:00,-0.0009,True,0.13821842890725644,0.13731842890725643
2023-12-28 10:00:00-05:00,-0.0009,True,0.17488343731502023,0.17398343731502022
2023-12-28 11:00:00-05:00,-0.0009,True,0.17848221587252286,0.17758221587252285
2023-12-28 12:00:00-05:00,-0.0009,True,0.19201228219878008,0.19111228219878007
2023-12-28 13:00:00-05:00,0.122405282305108,True,0.17701661763253235,0.29942189993764035
2023-12-28 14:00:00-05:00,-0.0009,True,0.13968310664761657,0.13878310664761656
2023-12-28 15:00:00-05:00,0.025019659313298224,True,0.09893500908824329,0.12395466840154151
2023-12-28 16:00:00-05:00,0.07492282096374295,True,-0.037694921663528384,0.03722789930021456
2023-12-28 17:00:00-05:00,-0.0009,True,0.0015991277096609193,0.0006991277096609193
2023-12-28 18:00:00-05:00,-0.0009,True,0.0008999999999999991,-8.673617379884035e-19
2023-12-28 19:00:00-05:00,0.017713374024278312,True,-0.01647079633508948,0.0012425776891888327
2023-12-28 20:00:00-05:00,0.033229396632201154,True,-0.02876918630128083,0.004460210330920325
2023-12-28 21:00:00-05:00,-0.0009,True,0.0008999999999999991,-8.673617379884035e-19
2023-12-28 22:00:00-05:00,-0.0009,True,0.0008999999999999991,-8.673617379884035e-19
2023-12-28 23:00:00-05:00,-0.0009,True,0.0008999999999999991,-8.673617379884035e-19
2023-12-29 00:00:00-05:00,-0.0009,True,0.000900000000000002,2.0599841277224584e-18
2023-12-29 01:00:00-05:00,-0.0009,True,0.000900000000000002,2.0599841277224584e-18
2023-12-29 02:00:00-05:00,-0.0009,True,0.000900000000000002,2.0599841277224584e-18
2023-12-29 03:00:00-05:00,-0.0009,True,0.000900000000000002,2.0599841277224584e-18
2023-12-29 04:00:00-05:00,-0.0009,True,0.000900000000000002,2.0599841277224584e-18
2023-12-29 05:00:00-05:00,-0.0009,True,0.000900000000000002,2.0599841277224584e-18
2023-12-29 06:00:00-05:00,-0.0009,True,0.000900000000000002,2.0599841277224584e-18
2023-12-29 07:00:00-05:00,-0.0009,True,0.001335815794257861,0.0004358157942578611
2023-12-29 08:00:00-05:00,-0.0009,True,0.06641771929046802,0.06551771929046803
2023-12-29 09:00:00-05:00,-0.0009,True,0.1328652574676793,0.1319652574676793
2023-12-29 10:00:00-05:00,-0.0009,True,0.17578535430882636,0.17488535430882635
2023-12-29 11:00:00-05:00,-0.0009,True,0.18345801276500995,0.18255801276500994
2023-12-29 12:00:00-05:00,-0.0009,True,0.179903938143078,0.179003938143078
2023-12-29 13:00:00-05:00,-0.0009,True,0.17724887663947578,0.17634887663947577
2023-12-29 14:00:00-05:00,0.09399223499298318,True,0.13635893021274084,0.23035116520572402
2023-12-29 15:00:00-05:00,0.19724227729960167,True,0.00590684500536613,0.2031491223049678
2023-12-29 16:00:00-05:00,0.16405315671685086,True,-0.08611223985687497,0.0779409168599759
2023-12-29 17:00:00-05:00,0.17128371685401236,True,-0.14501175473382436,0.026271962120188008
2023-12-29 18:00:00-05:00,-0.0009,True,0.0008999999999999991,-8.673617379884035e-19
2023-12-29 19:00:00-05:00,-0.0009,True,0.0008999999999999991,-8.673617379884035e-19
2023-12-29 20:00:00-05:00,-0.0009,True,0.0008999999999999991,-8.673617379884035e-19
2023-12-29 21:00:00-05:00,-0.0009,True,0.0008999999999999991,-8.673617379884035e-19
2023-12-29 22:00:00-05:00,-0.0009,True,0.0008999999999999991,-8.673617379884035e-19
2023-12-29 23:00:00-05:00,-0.0009,True,0.0008999999999999991,-8.673617379884035e-19
2023-12-30 00:00:00-05:00,-0.0009,True,0.000900000000000002,2.0599841277224584e-18
2023-12-30 01:00:00-05:00,-0.0009,True,0.000900000000000002,2.0599841277224584e-18
2023-12-30 02:00:00-05:00,-0.0009,True,0.000900000000000002,2.0599841277224584e-18
2023-12-30 03:00:00-05:00,-0.0009,True,0.000900000000000002,2.0599841277224584e-18
2023-12-30 04:00:00-05:00,-0.0009,True,0.000900000000000002,2.0599841277224584e-18
2023-12-30 05:00:00-05:00,-0.0009,True,0.000900000000000002,2.0599841277224584e-18
2023-12-30 06:00:00-05:00,-0.0009,True,0.000900000000000002,2.0599841277224584e-18
2023-12-30 07:00:00-05:00,-0.0009,True,0.0013099355149404756,0.0004099355149404756
2023-12-30 08:00:00-05:00,-0.0009,True,0.06706156931885038,0.06616156931885038
2023-12-30 09:00:00-05:00,-0.0009,True,0.13402457602157064,0.13312457602157063
2023-12-30 10:00:00-05:00,-0.0009,True,0.2057434053641727,0.2048434053641727
2023-12-30 11:00:00-05:00,-0.0009,True,0.2357049614761749,0.23480496147617488
2023-12-30 12:00:00-05:00,-0.0009,True,0.2447528362623538,0.2438528362623538
2023-12-30 13:00:00-05:00,-0.0009,True,0.25339964277129756,0.25249964277129755
2023-12-30 14:00:00-05:00,-0.0009,True,0.21214998690284248,0.21124998690284247
2023-12-30 15:00:00-05:00,0.022078527182332136,True,0.11880565807554941,0.14088418525788154
2023-12-30 16:00:00-05:00,0.11580758265490723,True,-0.03379628067459755,0.08201130198030968
2023-12-30 17:00:00-05:00,0.04566144662216172,True,-0.038467531099034565,0.007193915523127155
2023-12-30 18:00:00-05:00,0.03716990565657961,True,-0.03563490045018194,0.0015350052063976757
2023-12-30 19:00:00-05:00,0.033165122868316264,True,-0.030602017618489318,0.002563105249826947
2023-12-30 20:00:00-05:00,0.01031468940765355,True,-0.01001357603646682,0.00030111337118672934
2023-12-30 21:00:00-05:00,-0.0009,True,0.0008999999999999991,-8.673617379884035e-19
2023-12-30 22:00:00-05:00,-0.0009,True,0.0008999999999999991,-8.673617379884035e-19
2023-12-30 23:00:00-05:00,-0.0009,True,0.0008999999999999991,-8.673617379884035e-19
2023-12-31 00:00:00-05:00,-0.0009,True,0.000900000000000002,2.0599841277224584e-18
2023-12-31 01:00:00-05:00,-0.0009,True,0.000900000000000002,2.0599841277224584e-18
2023-12-31 02:00:00-05:00,-0.0009,True,0.000900000000000002,2.0599841277224584e-18
2023-12-31 03:00:00-05:00,-0.0009,True,0.000900000000000002,2.0599841277224584e-18
2023-12-31 04:00:00-05:00,-0.0009,True,0.000900000000000002,2.0599841277224584e-18
2023-12-31 05:00:00-05:00,-0.0009,True,0.000900000000000002,2.0599841277224584e-18
2023-12-31 06:00:00-05:00,-0.0009,True,0.000900000000000002,2.0599841277224584e-18
2023-12-31 07:00:00-05:00,-0.0009,True,0.0013099355149404756,0.0004099355149404756
2023-12-31 08:00:00-05:00,-0.0009,True,0.06621278481670888,0.06531278481670888
2023-12-31 09:00:00-05:00,-0.0009,True,0.11112582146801558,0.11022582146801559
2023-12-31 10:00:00-05:00,-0.0009,True,0.13978233688567643,0.13888233688567642
2023-12-31 11:00:00-05:00,-0.0009,True,0.1460768153765537,0.1451768153765537
2023-12-31 12:00:00-05:00,-0.0009,True,0.1516715374956529,0.1507715374956529
2023-12-31 13:00:00-05:00,-0.0009,True,0.1501479715168294,0.1492479715168294
2023-12-31 14:00:00-05:00,0.021662324019143576,True,0.1622302675989313,0.1838925916180749
2023-12-31 15:00:00-05:00,0.08686491570128937,True,0.09334846720426095,0.18021338290555033
2023-12-31 16:00:00-05:00,0.13325375003066095,True,-0.03732590040430485,0.0959278496263561
2023-12-31 17:00:00-05:00,0.17484261038932417,True,-0.14424753556509667,0.03059507482422749
2023-12-31 18:00:00-05:00,-0.0009,True,0.0008999999999999991,-8.673617379884035e-19
2023-12-31 19:00:00-05:00,-0.0009,True,0.0008999999999999991,-8.673617379884035e-19
2023-12-31 20:00:00-05:00,0.03356549259474202,True,-0.03110042378902483,0.0024650688057171917
2023-12-31 21:00:00-05:00,0.00825921608388569,True,-0.005277916297254298,0.0029812997866313917
2023-12-31 22:00:00-05:00,-0.0009,True,0.0008999999999999991,-8.673617379884035e-19
2023-12-31 23:00:00-05:00,-0.0009,True,0.0008999999999999991,-8.673617379884035e-19
